{"type":"FeatureCollection","features":[{"type":"Feature","properties":{"code":"KWT","name":"Carbonate rocks, Thymiama facies","unit":"Western Thessaly \u2013 Beotia Unit","age":"various","lith":"limestone","col":"#FBF7F0"},"geometry":{"type":"MultiPolygon","coordinates":[[[[22.91325,37.615165],[22.913832,37.616464],[22.914855,37.617174],[22.915519,37.618178],[22.914991,37.618915],[22.917039,37.620408],[22.919159,37.621173],[22.9221,37.621851],[22.926488,37.621998],[22.929755,37.621145],[22.931578,37.62097],[22.933325,37.62145],[22.936065,37.622915],[22.936098,37.620617],[22.931458,37.619882],[22.924043,37.619277],[22.921561,37.618663],[22.919443,37.617971],[22.919055,37.617105],[22.917913,37.615308],[22.917255,37.614592],[22.915598,37.61411],[22.91325,37.615165]]],[[[22.903017,37.602506],[22.904681,37.603279],[22.908886,37.603429],[22.912002,37.603887],[22.914026,37.604435],[22.916677,37.604538],[22.918056,37.604879],[22.921286,37.606207],[22.923106,37.605959],[22.925671,37.60272],[22.927728,37.601016],[22.930244,37.599449],[22.931777,37.598697],[22.936433,37.597098],[22.936452,37.59571],[22.932727,37.596574],[22.929374,37.597573],[22.925602,37.600033],[22.923082,37.60138],[22.921958,37.600383],[22.920501,37.600552],[22.918622,37.602108],[22.912778,37.602058],[22.905734,37.601591],[22.90336,37.601629],[22.903017,37.602506]]],[[[22.928734,37.6099],[22.930188,37.616706],[22.932221,37.617617],[22.936135,37.618036],[22.936255,37.609568],[22.932069,37.609954],[22.928734,37.6099]]],[[[22.872202,37.59458],[22.87241,37.595594],[22.873052,37.595657],[22.874827,37.597299],[22.878133,37.598046],[22.880446,37.599244],[22.882102,37.596094],[22.884707,37.594381],[22.88887,37.593007],[22.889435,37.593579],[22.892444,37.593385],[22.894159,37.592631],[22.900184,37.588974],[22.901821,37.588875],[22.901979,37.591414],[22.900154,37.591372],[22.898498,37.59089],[22.898068,37.591914],[22.897922,37.59337],[22.896784,37.595277],[22.895546,37.596896],[22.896759,37.597893],[22.899597,37.594578],[22.902599,37.594166],[22.906404,37.592943],[22.909879,37.593177],[22.911445,37.593734],[22.911036,37.595555],[22.909772,37.596084],[22.90747,37.595396],[22.904818,37.59522],[22.904939,37.596381],[22.908454,37.598141],[22.909108,37.598711],[22.917947,37.597987],[22.924534,37.598461],[22.927619,37.597684],[22.927958,37.596661],[22.925566,37.595974],[22.923381,37.596227],[22.922008,37.596032],[22.921799,37.59509],[22.922041,37.593778],[22.923938,37.593021],[22.929336,37.593442],[22.932987,37.593382],[22.936492,37.592965],[22.936516,37.591273],[22.935743,37.590503],[22.929058,37.589741],[22.922029,37.589783],[22.918627,37.588893],[22.915067,37.588951],[22.911785,37.58915],[22.9041,37.588547],[22.901893,37.587929],[22.900685,37.587113],[22.899644,37.587457],[22.897862,37.587448],[22.895689,37.586321],[22.894507,37.585381],[22.89156,37.583736],[22.890662,37.584331],[22.890601,37.585568],[22.889347,37.586532],[22.887088,37.58744],[22.884726,37.587914],[22.881903,37.588177],[22.879907,37.588717],[22.87685,37.590582],[22.87549,37.590967],[22.873819,37.593537],[22.872917,37.593987],[22.872202,37.59458]]],[[[22.921738,37.729457],[22.924173,37.730532],[22.927866,37.73117],[22.932745,37.734391],[22.933592,37.734494],[22.933084,37.731194],[22.930948,37.729739],[22.928494,37.728727],[22.926161,37.728151],[22.922727,37.727681],[22.921738,37.729457]]],[[[22.893392,37.535305],[22.893975,37.536677],[22.899003,37.53682],[22.902953,37.535418],[22.905022,37.534519],[22.908453,37.533899],[22.91025,37.533803],[22.911569,37.534058],[22.913353,37.534105],[22.915152,37.533982],[22.918223,37.534048],[22.919435,37.533566],[22.92163,37.530446],[22.922532,37.529639],[22.924098,37.52905],[22.926574,37.528325],[22.926389,37.526735],[22.928166,37.525649],[22.928558,37.525002],[22.928452,37.52433],[22.92728,37.52395],[22.924523,37.52467],[22.923697,37.525446],[22.921902,37.525561],[22.921607,37.526149],[22.92165,37.526473],[22.92103,37.526612],[22.920549,37.526878],[22.918875,37.5269],[22.916383,37.527736],[22.915719,37.528449],[22.915206,37.529347],[22.914104,37.529285],[22.911982,37.52878],[22.90837,37.529579],[22.905623,37.530412],[22.904073,37.530581],[22.901863,37.531391],[22.898937,37.533063],[22.896302,37.532793],[22.893392,37.535305]]],[[[22.894721,37.739752],[22.895238,37.740532],[22.897934,37.738034],[22.900151,37.734053],[22.901661,37.732715],[22.90367,37.733558],[22.904177,37.736092],[22.904649,37.73512],[22.905506,37.734098],[22.905974,37.732996],[22.906688,37.732854],[22.90688,37.733857],[22.906463,37.734828],[22.906347,37.736759],[22.907545,37.736125],[22.907853,37.7352],[22.90838,37.734364],[22.908838,37.734877],[22.90971,37.734468],[22.910562,37.733227],[22.909156,37.732241],[22.908677,37.730759],[22.908854,37.729048],[22.910666,37.727388],[22.909058,37.725712],[22.906783,37.72794],[22.905322,37.729015],[22.903123,37.729402],[22.901274,37.730484],[22.89966,37.732132],[22.897115,37.734058],[22.895615,37.737984],[22.894721,37.739752]]],[[[22.902687,37.541986],[22.904007,37.543672],[22.907184,37.544793],[22.90928,37.544686],[22.90937,37.543862],[22.90866,37.541827],[22.909236,37.541163],[22.909151,37.539638],[22.909493,37.538647],[22.90942,37.538257],[22.908563,37.53825],[22.906891,37.537777],[22.905271,37.538158],[22.906307,37.539168],[22.90496,37.539879],[22.902687,37.541986]]],[[[22.883819,37.709486],[22.887028,37.712315],[22.892242,37.714502],[22.895616,37.715556],[22.901188,37.718069],[22.901815,37.718059],[22.902357,37.717441],[22.902273,37.716889],[22.898394,37.71241],[22.895856,37.711287],[22.893671,37.710381],[22.888711,37.709962],[22.886042,37.709174],[22.884362,37.708924],[22.883819,37.709486]]],[[[22.883163,37.70562],[22.884805,37.707144],[22.886284,37.70773],[22.891819,37.708804],[22.893067,37.708563],[22.889949,37.706564],[22.888047,37.705763],[22.886157,37.705461],[22.883163,37.70562]]],[[[22.876087,37.690391],[22.877167,37.691758],[22.878649,37.69251],[22.879414,37.692442],[22.882304,37.690956],[22.882245,37.688631],[22.881243,37.687595],[22.879684,37.686567],[22.878382,37.687419],[22.876952,37.688771],[22.876279,37.689723],[22.876087,37.690391]]],[[[22.855971,37.507545],[22.856514,37.50845],[22.8576,37.509536],[22.859138,37.510169],[22.863119,37.511074],[22.863934,37.512612],[22.865382,37.513517],[22.869815,37.507907],[22.87633,37.504106],[22.87434,37.502206],[22.870268,37.501482],[22.869544,37.504107],[22.866106,37.507905],[22.862848,37.506911],[22.8614,37.505011],[22.858595,37.503745],[22.855971,37.507545]]],[[[22.846951,37.658837],[22.848731,37.659761],[22.851266,37.65896],[22.85237,37.658372],[22.855772,37.660349],[22.857202,37.660072],[22.858716,37.659985],[22.859784,37.661174],[22.861305,37.661341],[22.863244,37.662262],[22.864314,37.663515],[22.866649,37.661557],[22.869355,37.655114],[22.872672,37.652378],[22.872534,37.650504],[22.871972,37.649792],[22.86987,37.649176],[22.866061,37.649236],[22.863185,37.647093],[22.861875,37.64578],[22.856934,37.646112],[22.853511,37.646483],[22.850391,37.649452],[22.850318,37.652945],[22.849411,37.65499],[22.84745,37.656417],[22.846951,37.658837]]],[[[22.846579,37.663159],[22.846509,37.666778],[22.847101,37.668102],[22.84872,37.668965],[22.850315,37.668876],[22.853254,37.668259],[22.856357,37.667829],[22.859446,37.666829],[22.861817,37.665839],[22.864177,37.664405],[22.861527,37.663812],[22.858943,37.662647],[22.85686,37.662363],[22.853266,37.662356],[22.848302,37.661799],[22.846877,37.662266],[22.846579,37.663159]]],[[[22.857711,37.639322],[22.858847,37.640903],[22.861149,37.641593],[22.863147,37.641126],[22.863445,37.638433],[22.862679,37.636992],[22.860194,37.636304],[22.857854,37.637722],[22.857711,37.639322]]],[[[22.857763,37.536081],[22.85891,37.537448],[22.860317,37.53809],[22.862054,37.538008],[22.862314,37.537283],[22.860469,37.535817],[22.858706,37.534848],[22.857937,37.534694],[22.857763,37.536081]]],[[[22.858954,37.53922],[22.858983,37.540382],[22.860103,37.540697],[22.860574,37.540025],[22.859994,37.539092],[22.858954,37.53922]]],[[[22.851477,37.54417],[22.852442,37.545207],[22.854029,37.546096],[22.855255,37.546437],[22.856336,37.546558],[22.856844,37.546409],[22.856669,37.546285],[22.857741,37.545473],[22.858933,37.545744],[22.859618,37.545596],[22.858364,37.544172],[22.855888,37.542494],[22.854079,37.542495],[22.851825,37.542752],[22.851477,37.54417]]],[[[22.841777,37.547852],[22.842782,37.549111],[22.845887,37.55089],[22.849483,37.552828],[22.85406,37.554679],[22.855138,37.554596],[22.85659,37.554282],[22.857941,37.553534],[22.857829,37.552737],[22.856347,37.551816],[22.855679,37.550663],[22.855923,37.549424],[22.858444,37.548077],[22.857287,37.54772],[22.854704,37.547373],[22.851803,37.545369],[22.84851,37.544424],[22.844976,37.544978],[22.842703,37.545899],[22.841777,37.547852]]],[[[22.816798,37.532542],[22.816999,37.534129],[22.817177,37.534455],[22.818987,37.536232],[22.819409,37.536321],[22.821732,37.535834],[22.825745,37.537965],[22.825682,37.535419],[22.82649,37.53408],[22.826907,37.534292],[22.827762,37.535109],[22.829591,37.535968],[22.830738,37.53739],[22.831415,37.539483],[22.830991,37.542038],[22.830101,37.542606],[22.827514,37.544917],[22.826839,37.545758],[22.825271,37.547056],[22.823693,37.547967],[22.823233,37.549082],[22.823544,37.550406],[22.825816,37.55231],[22.826115,37.553136],[22.826003,37.554244],[22.824566,37.555265],[22.821949,37.556645],[22.821486,37.557306],[22.821376,37.558527],[22.822224,37.559067],[22.822996,37.559332],[22.825285,37.558348],[22.825734,37.559352],[22.825243,37.560965],[22.825818,37.560923],[22.826219,37.560196],[22.829668,37.559035],[22.833983,37.556254],[22.834095,37.555145],[22.833923,37.553818],[22.833668,37.551939],[22.83283,37.548961],[22.832785,37.547081],[22.835761,37.546478],[22.837314,37.544571],[22.837994,37.543951],[22.838392,37.543169],[22.838105,37.542786],[22.837197,37.542634],[22.835952,37.54293],[22.83498,37.542945],[22.834194,37.542128],[22.834509,37.540793],[22.835646,37.539004],[22.837312,37.538811],[22.839609,37.538886],[22.840597,37.53948],[22.841877,37.540623],[22.843616,37.540596],[22.844211,37.539368],[22.843846,37.538653],[22.842649,37.538063],[22.841937,37.537354],[22.841553,37.53592],[22.840926,37.535874],[22.839313,37.535345],[22.839012,37.534409],[22.83884,37.533082],[22.837578,37.532656],[22.837486,37.531717],[22.839436,37.529029],[22.841003,37.527676],[22.8423,37.52389],[22.843271,37.523763],[22.844523,37.523799],[22.846348,37.52449],[22.847491,37.525691],[22.847734,37.527072],[22.848166,37.527675],[22.848374,37.530497],[22.84736,37.531675],[22.846258,37.53208],[22.844341,37.533328],[22.844164,37.534605],[22.844893,37.535978],[22.845673,37.536575],[22.846781,37.536392],[22.847947,37.535709],[22.848825,37.534643],[22.848952,37.534142],[22.849906,37.533352],[22.851176,37.531227],[22.851795,37.530941],[22.852494,37.531152],[22.853837,37.532017],[22.855157,37.53194],[22.85546,37.530163],[22.854446,37.528518],[22.854421,37.527521],[22.85244,37.526112],[22.852334,37.524674],[22.851742,37.523243],[22.8504,37.522376],[22.85106,37.520927],[22.853665,37.519446],[22.854602,37.517991],[22.855596,37.515982],[22.856833,37.514749],[22.855903,37.513365],[22.853774,37.512825],[22.85309,37.512837],[22.851029,37.514149],[22.848951,37.514591],[22.848753,37.515443],[22.846935,37.516729],[22.847011,37.517578],[22.847449,37.518206],[22.84748,37.518936],[22.847472,37.519793],[22.847081,37.520592],[22.846707,37.520713],[22.846152,37.52045],[22.844698,37.520288],[22.843496,37.520857],[22.842286,37.521001],[22.842038,37.520845],[22.841621,37.520232],[22.840966,37.519717],[22.837702,37.520567],[22.836844,37.52115],[22.836379,37.522533],[22.836239,37.524112],[22.834617,37.525063],[22.833439,37.525115],[22.833078,37.525333],[22.832314,37.526752],[22.831991,37.526497],[22.831467,37.526662],[22.831233,37.528255],[22.831321,37.528791],[22.829747,37.529171],[22.82883,37.529691],[22.828268,37.530237],[22.827854,37.530234],[22.826826,37.527496],[22.826586,37.527242],[22.825191,37.528282],[22.824525,37.528416],[22.823648,37.528375],[22.82269,37.527942],[22.822348,37.527663],[22.820782,37.527687],[22.820388,37.527898],[22.819883,37.529193],[22.819205,37.530109],[22.819006,37.530624],[22.818464,37.531182],[22.817935,37.531363],[22.816798,37.532542]]],[[[22.825491,37.566787],[22.82722,37.568033],[22.829045,37.56885],[22.830357,37.570435],[22.831766,37.571596],[22.835616,37.572719],[22.840072,37.575333],[22.841589,37.573886],[22.846362,37.56883],[22.850302,37.565568],[22.849204,37.562663],[22.845812,37.554907],[22.844951,37.553868],[22.843818,37.553055],[22.842425,37.552966],[22.840979,37.553597],[22.839817,37.554446],[22.839351,37.555285],[22.839239,37.556394],[22.838424,37.557125],[22.836122,37.556941],[22.835091,37.557456],[22.8348,37.559786],[22.834347,37.561178],[22.834102,37.562567],[22.831555,37.563659],[22.829855,37.565234],[22.827655,37.564139],[22.825491,37.566787]]],[[[22.828358,37.657465],[22.829381,37.658175],[22.832394,37.658056],[22.835206,37.657213],[22.836797,37.655008],[22.843591,37.652577],[22.846537,37.649845],[22.846982,37.649961],[22.847859,37.648244],[22.846347,37.646274],[22.841569,37.64525],[22.838058,37.646326],[22.83725,37.647445],[22.836293,37.649422],[22.832908,37.652962],[22.830214,37.654893],[22.829146,37.656072],[22.828358,37.657465]]],[[[22.83314,37.672872],[22.834336,37.673352],[22.837169,37.672366],[22.839226,37.671005],[22.841295,37.670142],[22.846525,37.670337],[22.846628,37.66884],[22.84388,37.667609],[22.840817,37.667712],[22.836881,37.669158],[22.833722,37.671035],[22.83314,37.672872]]],[[[22.83797,37.663879],[22.838457,37.665284],[22.840736,37.665858],[22.841577,37.666038],[22.844629,37.665492],[22.844252,37.662923],[22.842523,37.662036],[22.839895,37.662825],[22.83797,37.663879]]],[[[22.837723,37.552734],[22.838282,37.552836],[22.84067,37.550916],[22.84027,37.548817],[22.839841,37.548326],[22.837922,37.549519],[22.837546,37.551186],[22.837723,37.552734]]],[[[22.827317,37.659733],[22.829852,37.660987],[22.832495,37.660835],[22.834856,37.660521],[22.837127,37.659378],[22.838557,37.658027],[22.837941,37.656952],[22.835236,37.658448],[22.831786,37.659373],[22.829876,37.659766],[22.827317,37.659733]]],[[[22.832462,37.740035],[22.832806,37.740556],[22.83342,37.740809],[22.834082,37.740799],[22.835614,37.740249],[22.835593,37.739372],[22.835033,37.739074],[22.834107,37.739571],[22.832462,37.740035]]],[[[22.829558,37.676556],[22.830317,37.677706],[22.833878,37.677506],[22.835592,37.677175],[22.835039,37.676398],[22.833836,37.675835],[22.830819,37.675809],[22.829558,37.676556]]],[[[22.832091,37.74289],[22.832231,37.744071],[22.832789,37.744326],[22.833609,37.744006],[22.833417,37.742913],[22.832091,37.74289]]],[[[22.828429,37.718283],[22.829851,37.719678],[22.831139,37.719658],[22.832374,37.717513],[22.830375,37.716836],[22.829183,37.716697],[22.828429,37.718283]]],[[[22.827425,37.57338],[22.829257,37.574975],[22.831818,37.576067],[22.832451,37.574139],[22.830255,37.572795],[22.827425,37.57338]]],[[[22.821176,37.748013],[22.822191,37.748874],[22.823416,37.749293],[22.827191,37.74564],[22.826955,37.74503],[22.826293,37.74504],[22.824215,37.745862],[22.822696,37.746937],[22.821592,37.746954],[22.821176,37.748013]]],[[[22.823662,37.717885],[22.824177,37.718664],[22.825067,37.718571],[22.826217,37.716979],[22.825323,37.716914],[22.824437,37.717164],[22.823662,37.717885]]],[[[22.819217,37.631792],[22.82145,37.63404],[22.823945,37.634868],[22.826867,37.632933],[22.826829,37.631359],[22.826419,37.630815],[22.824154,37.631243],[22.822954,37.630712],[22.821713,37.628605],[22.81967,37.630053],[22.819217,37.631792]]],[[[22.818319,37.663467],[22.818948,37.665094],[22.821717,37.666214],[22.824845,37.667038],[22.826085,37.66542],[22.826134,37.663675],[22.82529,37.662816],[22.823807,37.661967],[22.82062,37.662453],[22.818319,37.663467]]],[[[22.822023,37.715706],[22.823653,37.716082],[22.824987,37.715345],[22.825242,37.713609],[22.822023,37.715706]]],[[[22.811284,37.59773],[22.811602,37.59893],[22.812476,37.600782],[22.815111,37.602321],[22.817318,37.602574],[22.823687,37.595974],[22.824586,37.594382],[22.824529,37.592058],[22.824118,37.589997],[22.823408,37.589004],[22.821845,37.588482],[22.820592,37.589635],[22.813623,37.594536],[22.812033,37.595881],[22.811284,37.59773]]],[[[22.819346,37.611771],[22.819831,37.612423],[22.820451,37.612701],[22.823651,37.610757],[22.823622,37.609581],[22.822252,37.60963],[22.820686,37.610487],[22.819346,37.611771]]],[[[22.815976,37.719657],[22.81718,37.720268],[22.818662,37.720087],[22.819028,37.718822],[22.81813,37.7186],[22.816549,37.718782],[22.815976,37.719657]]],[[[22.81395,37.568069],[22.815198,37.571345],[22.818447,37.569605],[22.819365,37.56807],[22.819093,37.565624],[22.81939,37.564777],[22.820532,37.564869],[22.817519,37.564429],[22.816149,37.565337],[22.815938,37.568107],[22.81395,37.568069]]],[[[22.814198,37.615208],[22.814548,37.616265],[22.815847,37.616245],[22.817721,37.614695],[22.817199,37.613985],[22.816177,37.613513],[22.814968,37.614249],[22.814198,37.615208]]],[[[22.792177,37.562766],[22.79296,37.564044],[22.793171,37.564744],[22.793033,37.565832],[22.792738,37.566266],[22.793025,37.566338],[22.793678,37.566008],[22.79539,37.56703],[22.795721,37.567108],[22.796017,37.567341],[22.79567,37.567868],[22.796397,37.5681],[22.797209,37.567447],[22.797254,37.567546],[22.797729,37.56755],[22.798812,37.567365],[22.800106,37.567555],[22.800936,37.567842],[22.800782,37.567677],[22.801514,37.567414],[22.803944,37.566954],[22.80552,37.566254],[22.808122,37.564102],[22.810544,37.563304],[22.810798,37.562705],[22.811542,37.561863],[22.813278,37.558845],[22.813264,37.558236],[22.812818,37.55708],[22.811412,37.556492],[22.810072,37.555682],[22.809829,37.554245],[22.810445,37.553793],[22.811769,37.553994],[22.812891,37.554364],[22.813891,37.555402],[22.814396,37.556169],[22.815318,37.556875],[22.816508,37.557189],[22.816567,37.556745],[22.815565,37.555597],[22.815752,37.55471],[22.817956,37.553788],[22.818217,37.553064],[22.817699,37.551798],[22.816503,37.551263],[22.814614,37.550793],[22.813549,37.549868],[22.814283,37.548638],[22.815866,37.547949],[22.816741,37.547156],[22.816448,37.546371],[22.815694,37.545714],[22.814679,37.545486],[22.813724,37.545544],[22.811389,37.547184],[22.810929,37.547976],[22.811175,37.548665],[22.809802,37.549017],[22.809476,37.549459],[22.809251,37.551238],[22.808764,37.552138],[22.808436,37.552344],[22.807984,37.552367],[22.807179,37.552659],[22.806181,37.553568],[22.805359,37.55543],[22.804747,37.556394],[22.802798,37.558593],[22.800486,37.561673],[22.79965,37.562518],[22.798759,37.563023],[22.797218,37.563149],[22.792743,37.562058],[22.792236,37.562282],[22.792177,37.562766]]],[[[22.806454,37.582993],[22.806486,37.584312],[22.806974,37.58508],[22.808156,37.586239],[22.810021,37.585808],[22.812021,37.584974],[22.813152,37.584038],[22.816037,37.581066],[22.81614,37.579342],[22.81489,37.578385],[22.813067,37.579074],[22.810407,37.579401],[22.808879,37.580343],[22.806454,37.582993]]],[[[22.807758,37.611547],[22.808086,37.613178],[22.812138,37.613604],[22.812546,37.611072],[22.811698,37.608874],[22.810503,37.608692],[22.809475,37.609425],[22.808063,37.61071],[22.808254,37.611195],[22.807758,37.611547]]],[[[22.805526,37.622201],[22.806811,37.6231],[22.808597,37.622326],[22.808763,37.621721],[22.807627,37.621021],[22.806937,37.620859],[22.805907,37.621507],[22.805526,37.622201]]],[[[22.800957,37.624252],[22.801113,37.624737],[22.801655,37.624786],[22.80329,37.623728],[22.80251,37.622821],[22.801647,37.622949],[22.800957,37.624252]]],[[[22.769202,37.709865],[22.769535,37.710378],[22.770157,37.710604],[22.771958,37.710859],[22.773575,37.709599],[22.772907,37.708919],[22.771513,37.708967],[22.769582,37.709496],[22.769202,37.709865]]],[[[22.717951,37.642848],[22.719628,37.644266],[22.720323,37.644468],[22.721305,37.645594],[22.723249,37.646917],[22.724803,37.647486],[22.72661,37.647502],[22.72782,37.646977],[22.728441,37.64625],[22.728567,37.644812],[22.727348,37.642674],[22.725861,37.64142],[22.72219,37.640173],[22.721296,37.63964],[22.71808,37.641508],[22.717951,37.642848]]],[[[22.712593,37.6363],[22.713248,37.636928],[22.713127,37.63865],[22.713392,37.639729],[22.714706,37.641111],[22.719881,37.636826],[22.720189,37.634033],[22.71894,37.631525],[22.716772,37.629932],[22.71563,37.632497],[22.714214,37.633665],[22.712654,37.635471],[22.712593,37.6363]]],[[[22.68859,37.627026],[22.68862,37.628364],[22.689431,37.628798],[22.693189,37.624985],[22.693936,37.622618],[22.694557,37.621717],[22.693847,37.618669],[22.693096,37.617342],[22.691011,37.617244],[22.690158,37.618467],[22.690323,37.622223],[22.691475,37.623609],[22.690551,37.625215],[22.68859,37.627026]]]]}},{"type":"Feature","properties":{"code":"c,m","name":"Conglomerates and marls","unit":"Argos Basin","age":"Plio-Pleistocene","lith":"conglomerate","col":"#EFD04D"},"geometry":{"type":"MultiPolygon","coordinates":[[[[22.863185,37.647093],[22.866061,37.649237],[22.869869,37.649176],[22.871971,37.649792],[22.872534,37.650505],[22.872672,37.652378],[22.874458,37.651195],[22.885989,37.649206],[22.88427,37.647519],[22.880991,37.647254],[22.875181,37.647982],[22.87055,37.647928],[22.867527,37.648293],[22.865103,37.647189],[22.863185,37.647093]]],[[[22.846399,37.730923],[22.848419,37.731281],[22.851302,37.731065],[22.850242,37.729281],[22.848528,37.729044],[22.846469,37.729175],[22.846565,37.730187],[22.846399,37.730923]]],[[[22.817426,37.662647],[22.818319,37.663467],[22.82062,37.662453],[22.823807,37.661967],[22.824307,37.659853],[22.827316,37.659733],[22.829877,37.659766],[22.831786,37.659373],[22.835236,37.658448],[22.837941,37.656952],[22.838462,37.655709],[22.839461,37.655549],[22.84112,37.656176],[22.841873,37.657036],[22.843686,37.656427],[22.845465,37.654437],[22.846419,37.652388],[22.847576,37.651134],[22.847827,37.650186],[22.846539,37.649843],[22.843591,37.652577],[22.836797,37.655008],[22.835205,37.657213],[22.832393,37.658056],[22.829381,37.658175],[22.828359,37.657464],[22.829146,37.656072],[22.830214,37.654893],[22.832908,37.652962],[22.831615,37.652401],[22.827276,37.654357],[22.823134,37.656892],[22.818644,37.660158],[22.817426,37.662647]]],[[[22.818275,37.68247],[22.820491,37.687086],[22.82298,37.68792],[22.826927,37.688585],[22.829058,37.689715],[22.831694,37.692117],[22.834095,37.693778],[22.836183,37.695444],[22.838024,37.69735],[22.840816,37.695635],[22.841834,37.692422],[22.842458,37.68896],[22.841934,37.685373],[22.841859,37.682322],[22.838891,37.680624],[22.837861,37.679623],[22.83773,37.678027],[22.836334,37.677032],[22.833878,37.677506],[22.830317,37.677706],[22.828163,37.679338],[22.82581,37.680319],[22.824924,37.681495],[22.820538,37.681563],[22.818719,37.681955],[22.818275,37.68247]]],[[[22.61411,37.720797],[22.616635,37.722756],[22.620655,37.723568],[22.622482,37.725589],[22.623528,37.728093],[22.627092,37.732453],[22.629057,37.731638],[22.630708,37.73012],[22.632171,37.729],[22.637538,37.734351],[22.631646,37.73672],[22.63028,37.737683],[22.629808,37.738792],[22.631343,37.740975],[22.635197,37.744936],[22.637187,37.745224],[22.639928,37.748177],[22.6407,37.751708],[22.639245,37.753146],[22.641734,37.758149],[22.640373,37.75935],[22.639699,37.760225],[22.640126,37.761636],[22.64098,37.762096],[22.644128,37.763233],[22.645607,37.762859],[22.647202,37.76323],[22.649008,37.764227],[22.649442,37.765836],[22.651845,37.769108],[22.652957,37.770077],[22.653915,37.769982],[22.654349,37.769113],[22.655428,37.768626],[22.657013,37.768524],[22.657502,37.768126],[22.658005,37.76851],[22.66,37.769033],[22.661687,37.769089],[22.663629,37.771658],[22.664934,37.772349],[22.666725,37.772638],[22.668094,37.771753],[22.66996,37.770939],[22.672537,37.770903],[22.673844,37.771671],[22.682931,37.770046],[22.68519,37.769069],[22.686993,37.768563],[22.682984,37.767998],[22.68092,37.768815],[22.679032,37.768527],[22.67919,37.766872],[22.680229,37.764574],[22.681694,37.763608],[22.68474,37.762384],[22.687318,37.762347],[22.689066,37.760669],[22.691135,37.760326],[22.691159,37.76119],[22.692156,37.757082],[22.693312,37.75557],[22.696043,37.753722],[22.70081,37.758296],[22.70249,37.758035],[22.701962,37.756626],[22.70084,37.755148],[22.702214,37.754654],[22.70258,37.753311],[22.70254,37.751502],[22.70412,37.751399],[22.704741,37.752413],[22.705543,37.752795],[22.706417,37.751996],[22.708011,37.752445],[22.70744,37.753398],[22.707369,37.754659],[22.704842,37.75682],[22.70586,37.757986],[22.70566,37.759005],[22.708117,37.76126],[22.710172,37.764379],[22.711998,37.766163],[22.714797,37.767146],[22.720664,37.767848],[22.724123,37.767247],[22.725618,37.767619],[22.726961,37.76996],[22.729145,37.770085],[22.73035,37.770697],[22.73192,37.769966],[22.732693,37.769088],[22.732177,37.768072],[22.733454,37.767739],[22.734444,37.767646],[22.735705,37.766447],[22.741352,37.766206],[22.743898,37.76483],[22.746435,37.76306],[22.749861,37.761199],[22.752298,37.759431],[22.753247,37.757527],[22.756017,37.757328],[22.758402,37.757608],[22.760015,37.758686],[22.761633,37.76],[22.763803,37.759574],[22.765199,37.759946],[22.765521,37.760886],[22.766434,37.761818],[22.76528,37.763252],[22.763321,37.764304],[22.75948,37.765385],[22.759006,37.766337],[22.756459,37.767634],[22.750757,37.769766],[22.749489,37.770651],[22.749434,37.772541],[22.752234,37.773523],[22.755769,37.772054],[22.758275,37.773118],[22.762047,37.773298],[22.764915,37.77294],[22.770456,37.772543],[22.770605,37.774508],[22.774083,37.77477],[22.777602,37.776766],[22.778037,37.778488],[22.775767,37.778838],[22.773004,37.779431],[22.772952,37.7814],[22.775039,37.781605],[22.777032,37.781968],[22.779114,37.781937],[22.782277,37.781417],[22.783473,37.781714],[22.784304,37.783275],[22.785614,37.784121],[22.787709,37.78464],[22.790482,37.784441],[22.790846,37.783097],[22.79061,37.781526],[22.78947,37.779417],[22.792204,37.777723],[22.795018,37.775162],[22.797039,37.772612],[22.798784,37.771253],[22.79887,37.774473],[22.79997,37.77485],[22.803489,37.776843],[22.806121,37.779007],[22.807017,37.77915],[22.808992,37.778805],[22.811045,37.777593],[22.813234,37.777874],[22.814189,37.776364],[22.813857,37.774952],[22.804324,37.774468],[22.799362,37.770215],[22.798623,37.768339],[22.804676,37.764465],[22.808976,37.76188],[22.81238,37.759151],[22.812109,37.756164],[22.811373,37.754444],[22.810481,37.754457],[22.808348,37.756458],[22.806111,37.758224],[22.803836,37.758417],[22.800938,37.757516],[22.798593,37.754876],[22.7983,37.750944],[22.799306,37.747465],[22.803011,37.740796],[22.800768,37.738232],[22.799828,37.732185],[22.797589,37.729778],[22.797332,37.727342],[22.798768,37.725274],[22.801022,37.724137],[22.807777,37.724821],[22.8122,37.723336],[22.817716,37.721913],[22.822433,37.720345],[22.823644,37.721191],[22.829755,37.723852],[22.835013,37.724008],[22.835629,37.724942],[22.835027,37.72865],[22.835008,37.731879],[22.836204,37.732175],[22.837545,37.730265],[22.838064,37.727186],[22.837523,37.721369],[22.835144,37.721328],[22.833174,37.721831],[22.831285,37.721545],[22.831139,37.719658],[22.82985,37.719677],[22.82843,37.718284],[22.829181,37.7167],[22.830376,37.716836],[22.832374,37.717513],[22.833751,37.717098],[22.832615,37.715227],[22.83102,37.714858],[22.829644,37.715351],[22.82753,37.713967],[22.825242,37.713609],[22.824987,37.715345],[22.822936,37.716477],[22.822023,37.715706],[22.819646,37.715743],[22.817867,37.715928],[22.815526,37.717459],[22.813328,37.720799],[22.811262,37.721382],[22.80845,37.719929],[22.804472,37.715267],[22.801687,37.714838],[22.797249,37.715693],[22.790059,37.717534],[22.78771,37.718751],[22.784802,37.721471],[22.783369,37.723697],[22.785383,37.725005],[22.786676,37.725221],[22.788263,37.725276],[22.789763,37.725806],[22.790945,37.729644],[22.789378,37.734549],[22.78833,37.736296],[22.786196,37.738218],[22.78383,37.742898],[22.779151,37.750369],[22.776139,37.752933],[22.773686,37.753994],[22.772831,37.755581],[22.770289,37.757035],[22.766824,37.757245],[22.765592,37.755532],[22.764092,37.755003],[22.761677,37.753466],[22.761431,37.751501],[22.760931,37.751351],[22.758518,37.749892],[22.757185,37.748022],[22.755674,37.74702],[22.755041,37.745377],[22.756284,37.743469],[22.757494,37.740145],[22.757354,37.738415],[22.752959,37.740997],[22.75242,37.739355],[22.753966,37.737678],[22.756358,37.734022],[22.756409,37.731974],[22.755698,37.731275],[22.755002,37.726957],[22.754588,37.722003],[22.755837,37.720332],[22.761033,37.717971],[22.76462,37.714611],[22.767861,37.713382],[22.7674,37.710634],[22.768061,37.709285],[22.767725,37.707637],[22.76331,37.709514],[22.764033,37.710763],[22.763673,37.712262],[22.762212,37.713386],[22.75709,37.710473],[22.752045,37.706612],[22.748128,37.704387],[22.745386,37.704983],[22.743737,37.706077],[22.743259,37.707254],[22.74477,37.712724],[22.74557,37.71512],[22.74635,37.716588],[22.746706,37.718188],[22.746791,37.719539],[22.746771,37.720933],[22.746367,37.721869],[22.746816,37.722917],[22.744871,37.723835],[22.743357,37.725082],[22.74285,37.726146],[22.74314,37.727156],[22.743925,37.728876],[22.742901,37.730582],[22.7436,37.730867],[22.74507,37.732324],[22.747651,37.733555],[22.7474,37.734192],[22.743738,37.73678],[22.743144,37.738648],[22.743928,37.740326],[22.745563,37.742075],[22.743389,37.744559],[22.744252,37.745054],[22.746761,37.747468],[22.746537,37.750542],[22.745781,37.752128],[22.743454,37.754366],[22.735938,37.759436],[22.730749,37.762268],[22.729763,37.762519],[22.727881,37.762546],[22.725161,37.760775],[22.723539,37.759225],[22.723115,37.758052],[22.724879,37.757159],[22.72754,37.75649],[22.727214,37.755235],[22.726119,37.755093],[22.725015,37.754402],[22.725583,37.753371],[22.728941,37.752769],[22.728611,37.751278],[22.729397,37.751031],[22.731279,37.751003],[22.73205,37.750047],[22.731923,37.748868],[22.731195,37.747383],[22.728675,37.74561],[22.727377,37.745235],[22.724304,37.745201],[22.722524,37.745385],[22.720317,37.744315],[22.713566,37.743862],[22.711584,37.743891],[22.710027,37.745173],[22.7084,37.747716],[22.70733,37.748597],[22.706279,37.750342],[22.705078,37.749811],[22.703098,37.749996],[22.700697,37.749008],[22.699792,37.748237],[22.703435,37.747394],[22.705809,37.747124],[22.706461,37.745304],[22.706616,37.743412],[22.706998,37.742777],[22.708567,37.742046],[22.710256,37.742178],[22.711034,37.741537],[22.711198,37.740039],[22.710982,37.739019],[22.71256,37.738918],[22.714097,37.741099],[22.717697,37.742464],[22.722863,37.742939],[22.733135,37.742936],[22.73426,37.740976],[22.735349,37.737495],[22.734955,37.73429],[22.731711,37.732056],[22.725352,37.728516],[22.724668,37.726582],[22.723227,37.724068],[22.722136,37.722901],[22.720423,37.722419],[22.718984,37.722278],[22.718438,37.723088],[22.714233,37.72551],[22.710218,37.727615],[22.709725,37.73211],[22.707368,37.733009],[22.704488,37.732736],[22.701765,37.735058],[22.700163,37.734373],[22.698928,37.732344],[22.698894,37.730849],[22.699861,37.729812],[22.700234,37.728783],[22.699625,37.728162],[22.698631,37.728019],[22.695695,37.729635],[22.694609,37.729651],[22.694377,37.728395],[22.694066,37.72777],[22.69259,37.728263],[22.690813,37.728446],[22.690104,37.727905],[22.689106,37.727605],[22.685846,37.728045],[22.683282,37.728554],[22.682579,37.728171],[22.682956,37.727378],[22.6845,37.725546],[22.687648,37.724477],[22.700147,37.725006],[22.70494,37.725521],[22.704402,37.724549],[22.70831,37.722211],[22.711123,37.719572],[22.716923,37.71752],[22.723354,37.715785],[22.724278,37.714335],[22.724762,37.7123],[22.723911,37.712313],[22.721352,37.712012],[22.717952,37.71223],[22.71495,37.711091],[22.714811,37.709741],[22.712813,37.711203],[22.711885,37.713972],[22.708154,37.715364],[22.704663,37.714392],[22.703083,37.712304],[22.700737,37.711772],[22.699435,37.711161],[22.698606,37.713928],[22.695975,37.715855],[22.688683,37.717613],[22.687485,37.717237],[22.687366,37.716294],[22.689535,37.715948],[22.692284,37.714806],[22.69335,37.713767],[22.692745,37.713304],[22.691656,37.713319],[22.69066,37.713097],[22.690447,37.71247],[22.690816,37.711287],[22.694675,37.710993],[22.69526,37.710591],[22.696321,37.709316],[22.696894,37.708364],[22.698662,37.707708],[22.702852,37.70307],[22.704706,37.700424],[22.705301,37.698556],[22.704644,37.69772],[22.700307,37.694065],[22.696859,37.692087],[22.694682,37.689921],[22.692626,37.688345],[22.68953,37.687798],[22.687626,37.688248],[22.687442,37.689518],[22.689626,37.692021],[22.68999,37.694043],[22.688426,37.695503],[22.687154,37.695605],[22.684671,37.693951],[22.680964,37.694596],[22.678094,37.694637],[22.675502,37.692899],[22.672848,37.693105],[22.670037,37.691033],[22.668663,37.691391],[22.667307,37.692592],[22.665183,37.692707],[22.662469,37.695027],[22.649897,37.693936],[22.645428,37.69383],[22.644509,37.695533],[22.644861,37.697049],[22.647795,37.697763],[22.648925,37.699557],[22.648922,37.703888],[22.654636,37.706878],[22.655655,37.708199],[22.654876,37.708764],[22.652796,37.708793],[22.651733,37.709989],[22.652265,37.711634],[22.653975,37.712791],[22.654487,37.71357],[22.654304,37.714202],[22.653113,37.714142],[22.651513,37.713456],[22.650126,37.713475],[22.649737,37.713953],[22.646967,37.713992],[22.644176,37.713322],[22.642803,37.713971],[22.641445,37.715329],[22.639484,37.716221],[22.638194,37.71616],[22.637581,37.715302],[22.638008,37.712228],[22.639364,37.710791],[22.63999,37.707712],[22.640051,37.705979],[22.639709,37.70394],[22.640697,37.703845],[22.638652,37.700961],[22.637376,37.700864],[22.636675,37.701979],[22.635324,37.703435],[22.633887,37.705821],[22.632531,37.707022],[22.631165,37.707631],[22.627495,37.705318],[22.625806,37.705932],[22.623112,37.709181],[22.621466,37.711738],[22.619176,37.714052],[22.61587,37.718575],[22.615476,37.720017],[22.61411,37.720797]]],[[[22.813111,37.65137],[22.815014,37.652285],[22.817094,37.652294],[22.817414,37.653272],[22.817064,37.655127],[22.817725,37.655865],[22.819229,37.654582],[22.822268,37.651434],[22.82235,37.652645],[22.822198,37.654536],[22.822664,37.655355],[22.823651,37.655262],[22.824438,37.655013],[22.825194,37.653545],[22.826691,37.652026],[22.8283,37.651017],[22.828214,37.649523],[22.827681,37.647957],[22.826576,37.647305],[22.823384,37.646331],[22.821165,37.646719],[22.817797,37.648661],[22.815889,37.649396],[22.815728,37.649086],[22.81555,37.649994],[22.813283,37.650304],[22.813111,37.65137]]],[[[22.783575,37.68268],[22.783999,37.683854],[22.784515,37.684712],[22.785617,37.685247],[22.786032,37.686026],[22.785964,37.687288],[22.787247,37.687111],[22.788111,37.685917],[22.791163,37.685162],[22.790454,37.684543],[22.78935,37.68393],[22.784952,37.682265],[22.783575,37.68268]]],[[[22.76565,37.691215],[22.768262,37.69275],[22.77307,37.694961],[22.775481,37.696342],[22.778915,37.694952],[22.782589,37.69529],[22.783458,37.694332],[22.782302,37.691594],[22.778877,37.689206],[22.776829,37.686403],[22.774105,37.684318],[22.771446,37.684988],[22.76565,37.691215]]],[[[22.760196,37.732862],[22.760716,37.733878],[22.77498,37.729334],[22.775933,37.727745],[22.776001,37.726406],[22.763973,37.729106],[22.760196,37.732862]]],[[[22.766073,37.704828],[22.767286,37.705833],[22.768082,37.705979],[22.769358,37.705487],[22.768065,37.701098],[22.766467,37.700571],[22.766119,37.702623],[22.766073,37.704828]]],[[[22.707313,37.529687],[22.708428,37.531164],[22.711562,37.532668],[22.715085,37.53543],[22.716192,37.536505],[22.717422,37.536716],[22.716772,37.533512],[22.718111,37.532171],[22.718099,37.531655],[22.71606,37.53226],[22.712838,37.531715],[22.708376,37.528868],[22.707313,37.529687]]],[[[22.698431,37.622999],[22.698854,37.624012],[22.698885,37.625373],[22.700349,37.625026],[22.704201,37.62317],[22.704679,37.622168],[22.703929,37.620905],[22.700321,37.621148],[22.699045,37.621843],[22.698431,37.622999]]],[[[22.625133,37.684816],[22.625813,37.685905],[22.625522,37.687177],[22.6366,37.687405],[22.639837,37.686534],[22.64173,37.684416],[22.642235,37.684072],[22.642633,37.682799],[22.640503,37.682659],[22.637318,37.682873],[22.635744,37.683824],[22.633847,37.684611],[22.632033,37.684298],[22.631281,37.68397],[22.63092,37.684346],[22.628377,37.685206],[22.625133,37.684816]]],[[[22.615893,37.693012],[22.619796,37.695179],[22.621433,37.693947],[22.623257,37.695022],[22.626515,37.695142],[22.6284,37.695777],[22.630615,37.695801],[22.630883,37.696522],[22.633238,37.695605],[22.636593,37.693446],[22.638792,37.691894],[22.639638,37.691156],[22.637718,37.691023],[22.635715,37.691271],[22.633718,37.691849],[22.629349,37.691634],[22.626105,37.692229],[22.624641,37.691698],[22.624966,37.690814],[22.625201,37.689547],[22.624718,37.69023],[22.622503,37.690936],[22.620799,37.690875],[22.617736,37.691613],[22.615893,37.693012]]],[[[22.608872,37.702651],[22.609248,37.704022],[22.612713,37.70403],[22.614244,37.70434],[22.61706,37.706393],[22.617335,37.707654],[22.618499,37.707385],[22.620688,37.705327],[22.622229,37.702855],[22.622884,37.702317],[22.622566,37.701472],[22.623096,37.700364],[22.623141,37.699263],[22.621663,37.698182],[22.616744,37.698194],[22.617041,37.699126],[22.618019,37.699498],[22.619756,37.699915],[22.618813,37.700917],[22.616937,37.700724],[22.61295,37.702155],[22.608872,37.702651]]],[[[22.565031,37.723709],[22.56637,37.72613],[22.565695,37.727006],[22.566696,37.727465],[22.569451,37.726563],[22.571073,37.727726],[22.575128,37.726368],[22.574706,37.729543],[22.572948,37.730747],[22.574616,37.73169],[22.577888,37.731803],[22.579594,37.732726],[22.580417,37.734131],[22.580842,37.73554],[22.580059,37.735947],[22.579682,37.736896],[22.581378,37.737427],[22.581301,37.73845],[22.580435,37.739641],[22.579648,37.739967],[22.57987,37.741066],[22.581555,37.741044],[22.58431,37.740062],[22.587372,37.739548],[22.588742,37.738743],[22.589615,37.737786],[22.592365,37.736647],[22.593454,37.736553],[22.595222,37.735821],[22.596398,37.735175],[22.597458,37.733666],[22.598452,37.733888],[22.599557,37.734581],[22.602858,37.735954],[22.605732,37.735914],[22.609214,37.736497],[22.610419,37.737267],[22.610446,37.738448],[22.611146,37.738753],[22.612814,37.737943],[22.615074,37.737046],[22.616065,37.737033],[22.618722,37.736701],[22.618499,37.735563],[22.617171,37.733731],[22.614607,37.732073],[22.612174,37.731871],[22.609894,37.731902],[22.608548,37.731487],[22.606084,37.729867],[22.604975,37.728977],[22.604568,37.728471],[22.603992,37.727062],[22.60387,37.726001],[22.603459,37.725337],[22.602292,37.724303],[22.599708,37.723866],[22.597825,37.725328],[22.596666,37.72585],[22.595698,37.725357],[22.59514,37.724182],[22.594814,37.724182],[22.593421,37.726379],[22.591709,37.729905],[22.590521,37.729763],[22.590198,37.728587],[22.591165,37.72515],[22.591689,37.724187],[22.588013,37.724193],[22.582401,37.725452],[22.577094,37.72603],[22.571161,37.727037],[22.571651,37.725173],[22.574185,37.724294],[22.576919,37.722821],[22.577945,37.721033],[22.577181,37.720114],[22.574306,37.719983],[22.572706,37.719751],[22.571193,37.718672],[22.570373,37.71852],[22.569894,37.719314],[22.569432,37.720894],[22.568957,37.721925],[22.568078,37.722486],[22.566879,37.722031],[22.5653,37.722367],[22.565031,37.723709]]],[[[22.589611,37.709567],[22.591878,37.710959],[22.594991,37.712269],[22.597362,37.713673],[22.604334,37.716367],[22.606604,37.718026],[22.60852,37.718085],[22.611118,37.71526],[22.610042,37.714684],[22.607473,37.71379],[22.608296,37.71268],[22.61084,37.712222],[22.61392,37.712011],[22.615164,37.710557],[22.612704,37.710031],[22.608483,37.710309],[22.607016,37.709779],[22.60472,37.709314],[22.603898,37.709875],[22.601108,37.708923],[22.598582,37.707471],[22.597351,37.708258],[22.595623,37.708446],[22.593859,37.706984],[22.592962,37.707162],[22.592088,37.708439],[22.590499,37.708626],[22.589611,37.709567]]],[[[22.587166,37.746164],[22.588362,37.746463],[22.588964,37.746809],[22.590213,37.747225],[22.591357,37.747406],[22.592884,37.746953],[22.593753,37.745878],[22.59372,37.744344],[22.592644,37.742705],[22.589962,37.742465],[22.588652,37.743782],[22.587166,37.746164]]],[[[22.58824,37.718102],[22.588414,37.718019],[22.591614,37.718483],[22.593426,37.718628],[22.593946,37.718113],[22.594132,37.716843],[22.593368,37.715924],[22.591237,37.715784],[22.589585,37.716351],[22.588431,37.717256],[22.58824,37.718102]]]]}},{"type":"Feature","properties":{"code":"pt,co","name":"Torrential deposits","unit":"Quaternary cover","age":"Holocene","lith":"conglomerate","col":"#B5877E"},"geometry":{"type":"MultiPolygon","coordinates":[[[[22.740343,37.671257],[22.740813,37.673193],[22.741451,37.677747],[22.743418,37.684563],[22.744248,37.692747],[22.744223,37.696212],[22.743331,37.699014],[22.743074,37.701637],[22.743407,37.703274],[22.74939,37.700152],[22.753882,37.696743],[22.758405,37.694641],[22.763727,37.687731],[22.7678,37.682149],[22.771963,37.680342],[22.78132,37.681654],[22.784951,37.682265],[22.78935,37.68393],[22.790454,37.684543],[22.797665,37.684603],[22.801896,37.685701],[22.805422,37.687827],[22.807064,37.687656],[22.805894,37.684622],[22.807303,37.682421],[22.809091,37.680796],[22.813274,37.679859],[22.816497,37.677048],[22.819027,37.675847],[22.823399,37.675198],[22.826449,37.672825],[22.828023,37.669895],[22.824845,37.667038],[22.821717,37.666214],[22.818948,37.665094],[22.81836,37.663505],[22.817426,37.662646],[22.818644,37.660158],[22.823134,37.656892],[22.827277,37.654357],[22.831613,37.652401],[22.832908,37.652962],[22.836294,37.649421],[22.83725,37.647445],[22.838311,37.645975],[22.840671,37.645357],[22.842767,37.645106],[22.843354,37.64299],[22.843958,37.641527],[22.84538,37.639906],[22.847988,37.638267],[22.848162,37.634195],[22.847594,37.633405],[22.846956,37.633488],[22.845983,37.634736],[22.845245,37.634459],[22.844873,37.634173],[22.845309,37.633368],[22.84475,37.632941],[22.84338,37.632962],[22.842282,37.632834],[22.842248,37.631527],[22.841315,37.630742],[22.83984,37.630184],[22.839364,37.629392],[22.839351,37.628667],[22.840904,37.628859],[22.842823,37.628902],[22.844933,37.629232],[22.846374,37.628411],[22.844417,37.626843],[22.841842,37.626156],[22.839922,37.626113],[22.838605,37.624465],[22.840234,37.623929],[22.838936,37.62315],[22.836827,37.62282],[22.834896,37.62234],[22.834428,37.621693],[22.836057,37.621233],[22.83724,37.621069],[22.837863,37.620406],[22.833455,37.619457],[22.827409,37.618751],[22.824652,37.618068],[22.823629,37.617213],[22.824336,37.616329],[22.827062,37.615778],[22.828139,37.614962],[22.831975,37.614975],[22.84201,37.614456],[22.844056,37.612171],[22.845236,37.611935],[22.846355,37.612862],[22.846811,37.612855],[22.848068,37.611963],[22.849336,37.61158],[22.851345,37.611548],[22.854366,37.611792],[22.858649,37.615066],[22.863164,37.613034],[22.865099,37.613657],[22.866461,37.613345],[22.867716,37.612236],[22.871018,37.612982],[22.871941,37.613403],[22.870796,37.61502],[22.870557,37.616404],[22.870679,37.617637],[22.873051,37.61753],[22.873383,37.619847],[22.873256,37.622029],[22.872918,37.623124],[22.874231,37.624484],[22.877591,37.623704],[22.879675,37.623016],[22.877182,37.621966],[22.875975,37.621185],[22.876019,37.619296],[22.876767,37.616378],[22.876991,37.61434],[22.878164,37.613813],[22.880687,37.612392],[22.882868,37.611994],[22.886164,37.612305],[22.890859,37.613755],[22.89272,37.615107],[22.896351,37.632195],[22.898145,37.630859],[22.90044,37.63133],[22.902546,37.631514],[22.902979,37.630563],[22.904154,37.630108],[22.906438,37.630071],[22.905395,37.628562],[22.90319,37.628089],[22.901272,37.62812],[22.898813,37.628377],[22.897502,37.627163],[22.897212,37.626514],[22.896793,37.624414],[22.896959,37.623758],[22.897593,37.623529],[22.896566,37.622673],[22.895908,37.621884],[22.897416,37.620189],[22.896277,37.618464],[22.896338,37.617302],[22.897784,37.616696],[22.897857,37.615968],[22.89872,37.613992],[22.897438,37.613721],[22.898322,37.612691],[22.898296,37.611674],[22.897827,37.611173],[22.895655,37.611861],[22.895279,37.611506],[22.896694,37.609738],[22.896765,37.608938],[22.894651,37.60839],[22.894084,37.607673],[22.892963,37.606674],[22.890146,37.607227],[22.8868,37.608588],[22.876697,37.60628],[22.875215,37.605503],[22.874168,37.603776],[22.874303,37.601886],[22.874719,37.600281],[22.876148,37.599023],[22.877691,37.598634],[22.878133,37.598046],[22.874827,37.597299],[22.873051,37.595656],[22.87241,37.595594],[22.872402,37.598936],[22.870984,37.604335],[22.869347,37.604579],[22.867416,37.604028],[22.867193,37.602434],[22.867438,37.601268],[22.867955,37.600024],[22.86748,37.599305],[22.866757,37.599607],[22.866048,37.600489],[22.86467,37.600149],[22.863849,37.600162],[22.863859,37.600599],[22.863063,37.601628],[22.861816,37.602882],[22.860016,37.604],[22.858359,37.603445],[22.857038,37.601721],[22.857848,37.597569],[22.859926,37.596663],[22.859718,37.595649],[22.858615,37.595376],[22.855899,37.596291],[22.853464,37.597564],[22.845824,37.598701],[22.84412,37.59633],[22.842306,37.596867],[22.841231,37.597827],[22.840495,37.597476],[22.840196,37.596464],[22.839627,37.595601],[22.839319,37.594225],[22.837026,37.593825],[22.8352,37.593853],[22.834281,37.593577],[22.833528,37.592573],[22.835332,37.591744],[22.836676,37.590706],[22.836553,37.5894],[22.837348,37.588226],[22.838813,37.588494],[22.839731,37.592402],[22.841233,37.59405],[22.842965,37.59395],[22.843566,37.592415],[22.845083,37.591012],[22.846624,37.590624],[22.847461,37.59112],[22.847495,37.592499],[22.849231,37.592544],[22.851393,37.591348],[22.853666,37.590949],[22.855309,37.590923],[22.858429,37.587822],[22.85979,37.587657],[22.859643,37.588966],[22.862604,37.590518],[22.863693,37.590282],[22.864575,37.589033],[22.864996,37.587575],[22.866722,37.587255],[22.866899,37.587035],[22.866137,37.585739],[22.86675,37.584639],[22.875433,37.581523],[22.877018,37.582733],[22.879869,37.583559],[22.882147,37.583377],[22.881794,37.580259],[22.880853,37.579111],[22.880206,37.578686],[22.881639,37.577645],[22.884731,37.577233],[22.889754,37.577298],[22.892335,37.578419],[22.890731,37.579825],[22.891034,37.580983],[22.891956,37.581331],[22.893585,37.580797],[22.894774,37.58085],[22.897729,37.582183],[22.900584,37.583155],[22.899259,37.581287],[22.896955,37.580452],[22.894087,37.5789],[22.894309,37.576934],[22.893347,37.574988],[22.88764,37.569485],[22.887063,37.568332],[22.887116,37.566731],[22.888289,37.566277],[22.890119,37.566466],[22.893002,37.564966],[22.891834,37.562078],[22.889377,37.558776],[22.888421,37.557046],[22.88957,37.551942],[22.891101,37.547558],[22.892163,37.546235],[22.894751,37.5475],[22.896805,37.549356],[22.905398,37.549944],[22.907234,37.55035],[22.910649,37.548261],[22.911126,37.545492],[22.910968,37.544658],[22.911515,37.542907],[22.911831,37.542756],[22.911628,37.541923],[22.911111,37.54135],[22.910766,37.540339],[22.910894,37.538193],[22.910625,37.537441],[22.909663,37.538154],[22.909151,37.539638],[22.909235,37.541162],[22.908659,37.541826],[22.909428,37.543339],[22.909279,37.544684],[22.907184,37.544792],[22.905386,37.544095],[22.904152,37.544006],[22.903546,37.545287],[22.903539,37.546813],[22.902419,37.547667],[22.899091,37.54772],[22.897437,37.547275],[22.895311,37.546219],[22.89358,37.544503],[22.89209,37.543328],[22.886419,37.540985],[22.884725,37.540793],[22.882048,37.539565],[22.880264,37.539375],[22.879369,37.540043],[22.879219,37.541354],[22.88035,37.542789],[22.881793,37.543929],[22.883577,37.545899],[22.884171,37.547777],[22.88365,37.548803],[22.88518,37.551613],[22.885042,37.553359],[22.884867,37.553793],[22.884217,37.553226],[22.883619,37.551202],[22.881913,37.548686],[22.881302,37.546153],[22.880723,37.544926],[22.879442,37.544802],[22.878089,37.545404],[22.876835,37.546369],[22.875485,37.547117],[22.876136,37.551248],[22.875649,37.553654],[22.874952,37.554816],[22.874401,37.551203],[22.873334,37.548677],[22.871491,37.547979],[22.869458,37.546922],[22.868529,37.546283],[22.867966,37.545638],[22.867772,37.541572],[22.864997,37.540053],[22.862742,37.541106],[22.862041,37.542352],[22.858559,37.541681],[22.859974,37.543548],[22.860747,37.54535],[22.858934,37.545744],[22.85774,37.545472],[22.856666,37.546288],[22.858336,37.547424],[22.858443,37.548075],[22.855922,37.549424],[22.855679,37.550663],[22.856346,37.551815],[22.857829,37.552737],[22.85794,37.553534],[22.85659,37.554282],[22.855138,37.554596],[22.851311,37.554874],[22.851716,37.556466],[22.852286,37.557401],[22.853115,37.557679],[22.855542,37.556188],[22.857072,37.555594],[22.851729,37.564385],[22.846362,37.56883],[22.841558,37.573918],[22.840072,37.575333],[22.840247,37.575438],[22.840193,37.577549],[22.841944,37.579634],[22.844516,37.580608],[22.845898,37.580671],[22.848147,37.581481],[22.851971,37.581506],[22.857134,37.584213],[22.859784,37.584002],[22.862673,37.58497],[22.863129,37.586315],[22.858034,37.586227],[22.85345,37.585454],[22.850639,37.58347],[22.847432,37.582591],[22.843617,37.582903],[22.839411,37.580265],[22.83641,37.579129],[22.833244,37.579939],[22.828866,37.583302],[22.82515,37.583275],[22.821317,37.582828],[22.818232,37.582622],[22.816467,37.584254],[22.818729,37.585572],[22.824099,37.588275],[22.82341,37.589001],[22.821434,37.587642],[22.81748,37.586605],[22.814189,37.586655],[22.81444,37.588257],[22.816394,37.590002],[22.817126,37.591999],[22.820592,37.589635],[22.821843,37.588484],[22.823408,37.589004],[22.824118,37.589998],[22.824529,37.592058],[22.824586,37.594382],[22.823686,37.595975],[22.817646,37.602234],[22.817262,37.603847],[22.812168,37.610092],[22.812545,37.611072],[22.812138,37.613604],[22.810227,37.620348],[22.808708,37.623414],[22.806763,37.6264],[22.805069,37.626681],[22.804562,37.627702],[22.805747,37.62836],[22.809601,37.629569],[22.812495,37.630623],[22.816054,37.632765],[22.818848,37.634074],[22.823879,37.635602],[22.830475,37.640232],[22.834107,37.64102],[22.838818,37.642468],[22.840432,37.643873],[22.839271,37.64356],[22.837567,37.643417],[22.835536,37.642942],[22.832443,37.642483],[22.830192,37.641673],[22.827269,37.639521],[22.818564,37.635515],[22.808988,37.630592],[22.80388,37.630248],[22.795645,37.641274],[22.791151,37.644385],[22.785162,37.647264],[22.778578,37.651927],[22.772927,37.655645],[22.768492,37.661374],[22.766586,37.661655],[22.763909,37.66085],[22.759696,37.657956],[22.75772,37.655281],[22.753079,37.652308],[22.750345,37.653532],[22.746056,37.656469],[22.745366,37.658761],[22.744416,37.663591],[22.741878,37.668699],[22.740343,37.671257]]],[[[22.808688,37.707589],[22.814813,37.707163],[22.818925,37.70998],[22.82847,37.712601],[22.830236,37.715139],[22.831021,37.714858],[22.832614,37.715227],[22.833751,37.717098],[22.834593,37.717712],[22.839803,37.719736],[22.84325,37.723781],[22.846598,37.723839],[22.847962,37.722599],[22.846808,37.721066],[22.84343,37.71979],[22.842574,37.719028],[22.84043,37.716848],[22.841246,37.716058],[22.835038,37.713164],[22.825144,37.707668],[22.823274,37.705371],[22.820023,37.703538],[22.816921,37.702146],[22.812765,37.703206],[22.809077,37.706365],[22.808688,37.707589]]],[[[22.690297,37.498698],[22.692802,37.501579],[22.693046,37.503011],[22.693023,37.504321],[22.693314,37.5055],[22.693014,37.508631],[22.693577,37.510521],[22.694687,37.511716],[22.696403,37.513062],[22.698688,37.515605],[22.699359,37.516745],[22.69999,37.517423],[22.705598,37.520872],[22.711586,37.52294],[22.714299,37.523239],[22.716951,37.523243],[22.720541,37.524796],[22.723033,37.524718],[22.724898,37.525071],[22.72692,37.52297],[22.728969,37.52218],[22.732518,37.521959],[22.732916,37.521652],[22.731422,37.521549],[22.729095,37.5212],[22.727895,37.521218],[22.726867,37.521805],[22.725172,37.521067],[22.723782,37.519749],[22.722985,37.519888],[22.721812,37.521178],[22.720767,37.520812],[22.719533,37.519301],[22.718961,37.5188],[22.717515,37.518503],[22.717234,37.520227],[22.715494,37.521206],[22.713961,37.520529],[22.712641,37.518701],[22.712745,37.516278],[22.712538,37.514243],[22.71092,37.513438],[22.711045,37.515411],[22.710308,37.518161],[22.708424,37.519717],[22.706577,37.519425],[22.705033,37.518301],[22.704522,37.516971],[22.70292,37.516801],[22.703063,37.5161],[22.702938,37.514127],[22.70133,37.513767],[22.699238,37.513033],[22.699941,37.51245],[22.699897,37.510539],[22.699402,37.509845],[22.697283,37.50809],[22.697505,37.507324],[22.699061,37.50539],[22.692828,37.498536],[22.690297,37.498698]]],[[[22.704399,37.724551],[22.705226,37.726034],[22.70652,37.726332],[22.706249,37.727437],[22.706862,37.728215],[22.710218,37.727615],[22.714233,37.72551],[22.718439,37.723087],[22.720217,37.720445],[22.722093,37.716481],[22.723354,37.715785],[22.716923,37.71752],[22.711123,37.719572],[22.70831,37.722211],[22.704399,37.724551]]],[[[22.706322,37.526281],[22.7065,37.527995],[22.708376,37.528868],[22.712836,37.531715],[22.71606,37.53226],[22.718099,37.531655],[22.717595,37.531318],[22.719326,37.529635],[22.719866,37.527441],[22.719163,37.527091],[22.71784,37.526972],[22.716084,37.529184],[22.715051,37.529586],[22.714321,37.529542],[22.713084,37.528702],[22.711149,37.527678],[22.709204,37.526212],[22.707944,37.525815],[22.706555,37.525835],[22.706322,37.526281]]],[[[22.698662,37.707708],[22.699435,37.711161],[22.700737,37.711772],[22.704323,37.712586],[22.710034,37.711007],[22.712813,37.711203],[22.714811,37.709741],[22.714256,37.708735],[22.707446,37.708581],[22.705307,37.708104],[22.70389,37.706604],[22.702852,37.70307],[22.698662,37.707708]]],[[[22.680523,37.646773],[22.681511,37.648154],[22.687246,37.650353],[22.690375,37.652421],[22.693585,37.653347],[22.695864,37.653103],[22.696147,37.651493],[22.695744,37.647823],[22.695346,37.646688],[22.694349,37.644886],[22.692023,37.641898],[22.688863,37.639619],[22.68737,37.639177],[22.687685,37.638768],[22.680523,37.646773]]],[[[22.675231,37.662843],[22.675577,37.663154],[22.676084,37.666779],[22.677775,37.666333],[22.681885,37.664753],[22.686409,37.662661],[22.689543,37.66025],[22.690448,37.657955],[22.689656,37.655854],[22.68783,37.655035],[22.685056,37.654567],[22.681078,37.652512],[22.677941,37.650106],[22.677011,37.652249],[22.677025,37.655938],[22.677253,37.659953],[22.67612,37.661896],[22.675231,37.662843]]],[[[22.657444,37.583453],[22.657951,37.584656],[22.661018,37.58576],[22.669655,37.585383],[22.673743,37.58558],[22.674296,37.583977],[22.671207,37.582827],[22.668123,37.581937],[22.665835,37.581658],[22.664653,37.581104],[22.665803,37.580206],[22.669882,37.578955],[22.669726,37.577816],[22.669785,37.574651],[22.669663,37.57206],[22.671075,37.571105],[22.671746,37.569072],[22.67243,37.568427],[22.66671,37.56816],[22.66228,37.570516],[22.662011,37.576445],[22.659956,37.581187],[22.657444,37.583453]]],[[[22.637376,37.700864],[22.638653,37.700962],[22.640697,37.703845],[22.648922,37.703888],[22.648925,37.699558],[22.647796,37.697763],[22.644861,37.697049],[22.639905,37.698977],[22.637908,37.700019],[22.637376,37.700864]]],[[[22.624639,37.691699],[22.626106,37.69223],[22.629349,37.691634],[22.633718,37.691849],[22.635715,37.691271],[22.637718,37.691023],[22.639638,37.691156],[22.642235,37.688888],[22.644095,37.686412],[22.645069,37.684625],[22.644145,37.683876],[22.642235,37.684072],[22.64173,37.684416],[22.639836,37.686534],[22.6366,37.687405],[22.625522,37.687177],[22.625441,37.689205],[22.625201,37.689547],[22.624966,37.690814],[22.624639,37.691699]]],[[[22.608494,37.721803],[22.610598,37.723154],[22.614274,37.723576],[22.616635,37.722756],[22.61411,37.720797],[22.611662,37.720746],[22.609007,37.720951],[22.608494,37.721803]]],[[[22.557168,37.608161],[22.561771,37.609395],[22.570348,37.611315],[22.570771,37.611919],[22.572047,37.611741],[22.572882,37.612623],[22.573215,37.613839],[22.574257,37.614802],[22.574172,37.615616],[22.57297,37.616771],[22.572992,37.617828],[22.573723,37.61855],[22.576944,37.620947],[22.579207,37.621568],[22.583501,37.62151],[22.58761,37.622431],[22.590182,37.623211],[22.589026,37.626479],[22.587833,37.62804],[22.585508,37.629374],[22.584716,37.630604],[22.583711,37.631431],[22.582073,37.631372],[22.57676,37.631606],[22.570712,37.630954],[22.568469,37.631309],[22.569643,37.633653],[22.570799,37.635102],[22.572234,37.635245],[22.574174,37.63522],[22.574298,37.636112],[22.574825,37.636837],[22.579074,37.634666],[22.581204,37.633824],[22.584158,37.633215],[22.585775,37.632298],[22.586668,37.630985],[22.58912,37.631033],[22.590414,37.634025],[22.591076,37.636293],[22.590099,37.638422],[22.590614,37.638578],[22.59274,37.637574],[22.593673,37.63813],[22.59604,37.63883],[22.596028,37.638178],[22.597948,37.637177],[22.60143,37.637374],[22.595957,37.634927],[22.592219,37.632293],[22.591615,37.623191],[22.593277,37.619589],[22.5968,37.616939],[22.602737,37.617265],[22.611566,37.618853],[22.610624,37.617889],[22.607313,37.616063],[22.605616,37.61324],[22.597488,37.612327],[22.597819,37.612843],[22.594825,37.613482],[22.591052,37.613133],[22.585879,37.611905],[22.583487,37.611041],[22.584553,37.610874],[22.582349,37.610626],[22.579252,37.609203],[22.57516,37.609095],[22.571144,37.607766],[22.56742,37.605701],[22.562689,37.602424],[22.562801,37.604827],[22.566632,37.607621],[22.559691,37.607715],[22.557168,37.608161]]]]}},{"type":"Feature","properties":{"code":"al","name":"Alluvial and coastal deposits","unit":"Quaternary cover","age":"Holocene","lith":"gravel","col":"#E7CF96"},"geometry":{"type":"MultiPolygon","coordinates":[[[[22.935772,37.562519],[22.936537,37.563887],[22.936907,37.563719],[22.936961,37.559933],[22.93635,37.560185],[22.936114,37.561642],[22.935772,37.562519]]],[[[22.867772,37.541572],[22.867965,37.545638],[22.868529,37.546283],[22.87008,37.547618],[22.873334,37.548678],[22.874401,37.551203],[22.874948,37.554828],[22.875649,37.553654],[22.876136,37.551248],[22.875486,37.547117],[22.876835,37.546369],[22.878089,37.545404],[22.879441,37.544802],[22.880724,37.544929],[22.881302,37.546153],[22.881913,37.548686],[22.883619,37.551202],[22.884803,37.550961],[22.88365,37.548804],[22.884171,37.547778],[22.883577,37.545898],[22.881793,37.543929],[22.88035,37.542789],[22.879219,37.541354],[22.879369,37.540044],[22.880263,37.539376],[22.882049,37.539565],[22.884726,37.540794],[22.887413,37.541387],[22.892089,37.543328],[22.897437,37.547275],[22.90242,37.547667],[22.903539,37.546813],[22.903546,37.545287],[22.904152,37.544006],[22.902688,37.541985],[22.904064,37.540776],[22.905031,37.539198],[22.904504,37.538813],[22.904272,37.53895],[22.903214,37.538859],[22.900843,37.538257],[22.898957,37.538284],[22.898332,37.537777],[22.898493,37.537294],[22.898933,37.536842],[22.893974,37.536675],[22.893394,37.535304],[22.896578,37.53212],[22.892556,37.531203],[22.890006,37.53133],[22.88849,37.53097],[22.886867,37.530331],[22.885158,37.529863],[22.8806,37.528802],[22.8758,37.52723],[22.875465,37.527245],[22.874854,37.526],[22.87413,37.525466],[22.873307,37.52752],[22.874033,37.529822],[22.872282,37.532301],[22.872613,37.534573],[22.870268,37.537544],[22.870273,37.539952],[22.867772,37.541572]]],[[[22.894159,37.592631],[22.894596,37.595458],[22.895546,37.596896],[22.896783,37.595277],[22.897922,37.59337],[22.898068,37.591914],[22.898498,37.590893],[22.900154,37.591372],[22.901981,37.591415],[22.901825,37.588875],[22.900184,37.588974],[22.894159,37.592631]]],[[[22.88924,37.596706],[22.89063,37.597483],[22.893913,37.600918],[22.895185,37.60068],[22.89589,37.599651],[22.893202,37.598096],[22.891601,37.59616],[22.892444,37.593385],[22.889435,37.593579],[22.889118,37.595473],[22.88924,37.596706]]],[[[22.848081,37.790035],[22.853234,37.795386],[22.855018,37.798558],[22.862834,37.801036],[22.881406,37.801214],[22.881873,37.797567],[22.881675,37.796873],[22.878801,37.793999],[22.877216,37.791621],[22.870675,37.790432],[22.868491,37.790899],[22.86904,37.791325],[22.869337,37.793504],[22.871268,37.794544],[22.870429,37.796127],[22.868495,37.795733],[22.864581,37.795832],[22.862252,37.795484],[22.860966,37.791726],[22.85799,37.79162],[22.855414,37.789044],[22.852639,37.787062],[22.849468,37.787459],[22.848081,37.790035]]],[[[22.555453,37.696693],[22.555331,37.703012],[22.555554,37.703332],[22.556124,37.705183],[22.558712,37.706839],[22.562472,37.708648],[22.565396,37.711144],[22.566845,37.714252],[22.568993,37.715237],[22.57051,37.716569],[22.571193,37.718673],[22.572705,37.719751],[22.574306,37.719983],[22.57718,37.720114],[22.577944,37.721032],[22.576919,37.722822],[22.574185,37.724294],[22.57165,37.725173],[22.571157,37.727039],[22.577094,37.72603],[22.582401,37.725452],[22.588012,37.724193],[22.591682,37.724187],[22.591165,37.72515],[22.590198,37.728587],[22.590521,37.729764],[22.591713,37.729905],[22.593421,37.726379],[22.594815,37.724183],[22.595141,37.724184],[22.595698,37.725357],[22.596666,37.725851],[22.597825,37.725328],[22.599708,37.723867],[22.602484,37.724335],[22.603741,37.723389],[22.60637,37.722001],[22.608494,37.721803],[22.609009,37.720951],[22.611662,37.720746],[22.61411,37.720797],[22.615476,37.720017],[22.615871,37.718575],[22.619176,37.714052],[22.621466,37.711738],[22.623112,37.70918],[22.625806,37.705933],[22.627495,37.705318],[22.631162,37.707633],[22.632531,37.707022],[22.633887,37.705821],[22.635324,37.703435],[22.636675,37.701979],[22.637908,37.700019],[22.639906,37.698977],[22.644861,37.697049],[22.644509,37.695533],[22.645429,37.69383],[22.649897,37.693936],[22.66247,37.695027],[22.665182,37.692708],[22.667307,37.692593],[22.668663,37.691391],[22.670036,37.691034],[22.672848,37.693106],[22.675503,37.6929],[22.678094,37.694637],[22.680964,37.694596],[22.68467,37.693952],[22.687155,37.695606],[22.688429,37.695503],[22.689991,37.694044],[22.689626,37.692021],[22.687443,37.689518],[22.687626,37.688249],[22.68953,37.687798],[22.692625,37.688345],[22.694682,37.689921],[22.696858,37.692087],[22.700307,37.694065],[22.704643,37.69772],[22.7053,37.698555],[22.704706,37.700424],[22.702852,37.70307],[22.70389,37.706604],[22.705307,37.708105],[22.707445,37.708581],[22.714254,37.708736],[22.714811,37.709742],[22.714949,37.711091],[22.717953,37.712231],[22.721352,37.712012],[22.723912,37.712313],[22.724761,37.712303],[22.724277,37.714336],[22.723354,37.715785],[22.722094,37.71648],[22.719862,37.72116],[22.71893,37.722272],[22.720423,37.722419],[22.722136,37.722902],[22.723227,37.724068],[22.724668,37.726582],[22.725351,37.728516],[22.731711,37.732056],[22.734955,37.734291],[22.735349,37.737496],[22.73426,37.740976],[22.733135,37.742936],[22.729881,37.744843],[22.732276,37.747174],[22.73381,37.749094],[22.734265,37.750354],[22.732911,37.751558],[22.73177,37.752843],[22.729717,37.756084],[22.729443,37.758031],[22.729484,37.759806],[22.730347,37.7603],[22.731825,37.759771],[22.734227,37.757792],[22.738496,37.753758],[22.741914,37.749736],[22.743015,37.746762],[22.744251,37.745054],[22.743391,37.744557],[22.745565,37.742077],[22.743928,37.740326],[22.743144,37.738649],[22.743738,37.736781],[22.747401,37.734191],[22.747652,37.733553],[22.745071,37.732324],[22.743599,37.730867],[22.742903,37.73058],[22.743925,37.728876],[22.74314,37.727156],[22.742851,37.726145],[22.743357,37.725082],[22.74487,37.723835],[22.746817,37.722918],[22.746367,37.721869],[22.746771,37.720933],[22.746791,37.719539],[22.746706,37.718188],[22.746349,37.716588],[22.74557,37.71512],[22.74477,37.712724],[22.743259,37.707254],[22.743812,37.705894],[22.745386,37.704983],[22.744099,37.704495],[22.743555,37.703996],[22.743074,37.701638],[22.743331,37.699014],[22.744223,37.696212],[22.744248,37.692747],[22.743418,37.684563],[22.741451,37.677747],[22.740813,37.673193],[22.740343,37.671257],[22.741878,37.668699],[22.744416,37.663591],[22.745366,37.658761],[22.746056,37.656469],[22.750345,37.653532],[22.75308,37.65231],[22.757719,37.655281],[22.759696,37.657956],[22.76391,37.660851],[22.766586,37.661656],[22.768493,37.661374],[22.772928,37.655645],[22.778578,37.651927],[22.785162,37.647264],[22.791151,37.644385],[22.795645,37.641274],[22.803882,37.630248],[22.808989,37.630592],[22.818564,37.635515],[22.827269,37.639521],[22.830192,37.641673],[22.832443,37.642483],[22.835536,37.642942],[22.837567,37.643417],[22.839271,37.64356],[22.840447,37.643879],[22.838819,37.642468],[22.834107,37.64102],[22.830475,37.640232],[22.82388,37.635602],[22.818848,37.634074],[22.816053,37.632765],[22.812495,37.630623],[22.809601,37.629569],[22.805747,37.62836],[22.804564,37.627702],[22.80507,37.626681],[22.806762,37.626401],[22.808708,37.623414],[22.810227,37.620348],[22.812138,37.613604],[22.808088,37.613177],[22.807759,37.611548],[22.808255,37.611195],[22.808064,37.610709],[22.809475,37.609425],[22.810504,37.608692],[22.811698,37.608875],[22.812168,37.610092],[22.817262,37.603847],[22.817646,37.602234],[22.817316,37.602573],[22.815111,37.602321],[22.812477,37.600783],[22.811602,37.59893],[22.811284,37.597731],[22.812033,37.595881],[22.813623,37.594536],[22.817126,37.591999],[22.816394,37.590002],[22.814441,37.588257],[22.81419,37.586659],[22.817481,37.586605],[22.821434,37.587642],[22.823408,37.589004],[22.824104,37.588277],[22.818729,37.585572],[22.81647,37.584256],[22.818231,37.582623],[22.821317,37.582828],[22.82515,37.583275],[22.828867,37.583302],[22.833244,37.579939],[22.836409,37.579129],[22.839411,37.580265],[22.843617,37.582904],[22.847433,37.582591],[22.850639,37.58347],[22.853449,37.585454],[22.858034,37.586227],[22.863133,37.586315],[22.862675,37.584971],[22.859784,37.584002],[22.857134,37.584212],[22.85197,37.581505],[22.848147,37.581481],[22.845898,37.580671],[22.844515,37.580608],[22.841943,37.579634],[22.840194,37.577549],[22.840247,37.575436],[22.835615,37.572719],[22.831766,37.571596],[22.830357,37.570435],[22.829044,37.56885],[22.82722,37.568033],[22.825383,37.566709],[22.825237,37.565022],[22.827655,37.564139],[22.826455,37.562805],[22.82538,37.562229],[22.825243,37.560965],[22.825734,37.559352],[22.825285,37.558345],[22.82413,37.55887],[22.823981,37.561492],[22.82246,37.564388],[22.821946,37.564986],[22.819391,37.564774],[22.819093,37.565623],[22.819365,37.568069],[22.818447,37.569604],[22.815203,37.571341],[22.813951,37.568069],[22.813807,37.56655],[22.813575,37.565708],[22.811669,37.565905],[22.811203,37.564224],[22.810544,37.563304],[22.808122,37.564102],[22.805519,37.566255],[22.803944,37.566954],[22.801514,37.567414],[22.800777,37.567679],[22.801863,37.568677],[22.801944,37.572056],[22.801658,37.572862],[22.799797,37.575468],[22.799344,37.576521],[22.796507,37.579944],[22.795412,37.580806],[22.794929,37.581098],[22.794414,37.581233],[22.794435,37.581591],[22.794123,37.581807],[22.793375,37.582114],[22.79296,37.582037],[22.792527,37.582783],[22.792179,37.582672],[22.791875,37.582729],[22.791814,37.582962],[22.791992,37.583234],[22.7918,37.583447],[22.79148,37.583411],[22.791061,37.583639],[22.790348,37.583808],[22.790086,37.58451],[22.7903,37.58458],[22.790964,37.584329],[22.790753,37.584669],[22.789999,37.585314],[22.788419,37.58617],[22.788332,37.586068],[22.787445,37.586197],[22.787281,37.586549],[22.787479,37.586798],[22.786292,37.586796],[22.786087,37.58718],[22.785263,37.587582],[22.784891,37.58762],[22.784632,37.587951],[22.784327,37.587892],[22.782968,37.588209],[22.782621,37.588172],[22.782531,37.588838],[22.782376,37.588987],[22.781874,37.588584],[22.780955,37.588989],[22.780778,37.58935],[22.780554,37.589438],[22.780086,37.589277],[22.778626,37.589299],[22.778246,37.589516],[22.778214,37.589854],[22.778473,37.590115],[22.778748,37.590184],[22.778545,37.590367],[22.777407,37.590489],[22.777232,37.590418],[22.776308,37.590599],[22.776252,37.590362],[22.776449,37.590399],[22.777159,37.590113],[22.777414,37.589687],[22.776662,37.58993],[22.77487,37.589894],[22.774383,37.59006],[22.77385,37.590468],[22.773555,37.590389],[22.773225,37.590542],[22.772527,37.590141],[22.770995,37.589921],[22.76887,37.589889],[22.767882,37.58964],[22.766838,37.589825],[22.765934,37.589754],[22.764265,37.589356],[22.76187,37.589117],[22.756122,37.587397],[22.752762,37.58619],[22.750826,37.585701],[22.750313,37.58536],[22.749408,37.585257],[22.748067,37.584675],[22.747715,37.584384],[22.74462,37.583099],[22.743892,37.582656],[22.742355,37.582193],[22.741269,37.581702],[22.740579,37.581152],[22.739417,37.58081],[22.739293,37.580653],[22.73693,37.579505],[22.735165,37.578369],[22.733142,37.577564],[22.729769,37.575744],[22.727621,37.574075],[22.727319,37.573678],[22.725217,37.572293],[22.723261,37.569766],[22.719522,37.56588],[22.718634,37.564752],[22.717809,37.564119],[22.717626,37.563647],[22.717621,37.562834],[22.717262,37.561635],[22.717184,37.560548],[22.717387,37.558981],[22.718088,37.557767],[22.718156,37.556076],[22.718329,37.555545],[22.718534,37.555183],[22.71932,37.554813],[22.720198,37.554864],[22.720465,37.55385],[22.72068,37.553906],[22.720829,37.55346],[22.721164,37.553054],[22.720756,37.550314],[22.720786,37.549278],[22.721444,37.547895],[22.721586,37.547153],[22.722065,37.546048],[22.722381,37.544797],[22.722593,37.54247],[22.724548,37.539822],[22.725872,37.537437],[22.726916,37.53666],[22.728128,37.534024],[22.730747,37.532548],[22.731668,37.531098],[22.731429,37.529918],[22.731394,37.528398],[22.73173,37.524591],[22.734362,37.523707],[22.735608,37.522505],[22.737393,37.521718],[22.737757,37.519093],[22.738261,37.517988],[22.73898,37.516963],[22.738603,37.516715],[22.736262,37.518693],[22.734134,37.52071],[22.732519,37.521958],[22.728969,37.52218],[22.726918,37.522971],[22.724897,37.52507],[22.723033,37.524718],[22.720541,37.524796],[22.716951,37.523243],[22.714298,37.523239],[22.711586,37.52294],[22.705598,37.520872],[22.699627,37.517199],[22.698688,37.515606],[22.696403,37.513061],[22.693703,37.510945],[22.693014,37.508631],[22.693314,37.5055],[22.693023,37.504321],[22.693046,37.503011],[22.692802,37.501578],[22.690297,37.498698],[22.675867,37.498486],[22.68166,37.501309],[22.687217,37.505173],[22.690463,37.510521],[22.693055,37.521482],[22.693249,37.524281],[22.694626,37.527582],[22.710142,37.53305],[22.712599,37.534325],[22.713137,37.535095],[22.713603,37.538382],[22.71408,37.539309],[22.714094,37.545586],[22.715255,37.550757],[22.714067,37.5529],[22.713351,37.552964],[22.713331,37.554987],[22.711027,37.556784],[22.709751,37.557996],[22.706688,37.557937],[22.704449,37.556931],[22.702246,37.557482],[22.702149,37.558987],[22.701178,37.559261],[22.698571,37.562153],[22.692942,37.563893],[22.687495,37.565112],[22.673087,37.567808],[22.671746,37.569072],[22.671075,37.571104],[22.669662,37.572058],[22.669785,37.574651],[22.669726,37.577816],[22.66988,37.578954],[22.665803,37.580206],[22.664649,37.581104],[22.665835,37.581658],[22.668123,37.581937],[22.671206,37.582827],[22.674296,37.583977],[22.67623,37.585921],[22.679737,37.588205],[22.682668,37.591016],[22.683624,37.592922],[22.684773,37.594722],[22.689716,37.599943],[22.69104,37.603711],[22.691638,37.605886],[22.690822,37.609862],[22.692294,37.611523],[22.692283,37.614345],[22.698457,37.615292],[22.704752,37.616469],[22.706432,37.615601],[22.707514,37.616513],[22.708075,37.617773],[22.715565,37.624762],[22.71672,37.626436],[22.719132,37.631978],[22.720188,37.634033],[22.719881,37.636826],[22.720735,37.639307],[22.72219,37.640173],[22.725723,37.641304],[22.727348,37.642674],[22.728567,37.644811],[22.72844,37.646251],[22.72782,37.646977],[22.726611,37.647502],[22.724803,37.647486],[22.723248,37.646917],[22.721306,37.645594],[22.720323,37.644467],[22.719628,37.644266],[22.719023,37.645797],[22.714533,37.646833],[22.711612,37.646918],[22.709769,37.647663],[22.711211,37.650304],[22.71228,37.652866],[22.712409,37.653876],[22.711527,37.654778],[22.710423,37.655341],[22.708303,37.653261],[22.706868,37.650917],[22.706041,37.647294],[22.703099,37.644126],[22.700063,37.641465],[22.697519,37.639432],[22.6947,37.638099],[22.693924,37.637878],[22.693115,37.637278],[22.692954,37.636075],[22.693579,37.635559],[22.693721,37.634796],[22.692784,37.634472],[22.691121,37.634918],[22.689823,37.636247],[22.687365,37.639176],[22.688863,37.63962],[22.692022,37.641898],[22.694349,37.644886],[22.695346,37.646688],[22.695744,37.647823],[22.696147,37.651493],[22.695864,37.653101],[22.693585,37.653347],[22.690375,37.652421],[22.687246,37.650353],[22.681511,37.648154],[22.680523,37.646773],[22.677941,37.650106],[22.681078,37.652512],[22.685056,37.654567],[22.68783,37.655035],[22.689656,37.655855],[22.690447,37.657955],[22.689543,37.660249],[22.686409,37.66266],[22.681885,37.664753],[22.677775,37.666333],[22.676089,37.666778],[22.675577,37.663153],[22.674276,37.661988],[22.673811,37.664952],[22.672131,37.665735],[22.67115,37.664821],[22.669485,37.666451],[22.666211,37.667342],[22.664313,37.668045],[22.66116,37.669695],[22.655755,37.670447],[22.652383,37.671761],[22.648993,37.672316],[22.641928,37.67495],[22.638566,37.676771],[22.635081,37.677834],[22.631923,37.679314],[22.627388,37.680982],[22.619572,37.683371],[22.615456,37.68478],[22.612905,37.685897],[22.614347,37.68706],[22.614906,37.688518],[22.614247,37.689578],[22.612585,37.690524],[22.610064,37.690782],[22.605745,37.689376],[22.604325,37.690446],[22.607964,37.691894],[22.611254,37.69204],[22.615893,37.693012],[22.617736,37.691613],[22.620798,37.690875],[22.622501,37.690936],[22.624719,37.69023],[22.625441,37.689206],[22.625522,37.687176],[22.625813,37.685905],[22.625133,37.684815],[22.625743,37.683455],[22.627755,37.683174],[22.630415,37.683306],[22.631281,37.68397],[22.632033,37.684298],[22.633847,37.684611],[22.635744,37.683824],[22.637318,37.682873],[22.640503,37.682659],[22.642628,37.682799],[22.642235,37.684072],[22.644145,37.683877],[22.645115,37.684539],[22.644094,37.686412],[22.642235,37.688889],[22.638793,37.691894],[22.633238,37.695605],[22.629863,37.696919],[22.627028,37.698564],[22.624424,37.70105],[22.622229,37.702855],[22.620688,37.705327],[22.618499,37.707385],[22.617333,37.707654],[22.614107,37.706791],[22.612633,37.705931],[22.610805,37.707938],[22.611308,37.708757],[22.614849,37.709093],[22.615874,37.709656],[22.613919,37.712011],[22.61084,37.712222],[22.608296,37.712679],[22.607469,37.713789],[22.610042,37.714684],[22.611116,37.715262],[22.608519,37.718084],[22.606603,37.718026],[22.604334,37.716367],[22.597362,37.713673],[22.594991,37.712269],[22.591879,37.710959],[22.589184,37.709305],[22.588261,37.710923],[22.588818,37.712098],[22.589795,37.713016],[22.590161,37.715207],[22.589442,37.7164],[22.591237,37.715784],[22.593368,37.715925],[22.594132,37.716845],[22.593946,37.718113],[22.593427,37.718626],[22.591614,37.718483],[22.588413,37.718019],[22.587149,37.718628],[22.585568,37.719154],[22.585193,37.71671],[22.583809,37.716645],[22.581486,37.717521],[22.579146,37.717468],[22.577112,37.716735],[22.576106,37.714551],[22.574909,37.713299],[22.573922,37.711876],[22.573444,37.709432],[22.572136,37.707928],[22.567819,37.704943],[22.566211,37.704373],[22.564078,37.704063],[22.561265,37.701819],[22.55891,37.70109],[22.557386,37.69942],[22.556174,37.697408],[22.555453,37.696693]]],[[[22.814586,37.793107],[22.814685,37.795386],[22.816964,37.796477],[22.820135,37.796179],[22.821721,37.796477],[22.824396,37.796774],[22.826082,37.795684],[22.829549,37.795882],[22.831334,37.794197],[22.834702,37.793801],[22.837378,37.793206],[22.838171,37.79063],[22.837874,37.790035],[22.835198,37.78835],[22.831829,37.790828],[22.829647,37.793008],[22.826973,37.793305],[22.823802,37.792711],[22.819937,37.793008],[22.814586,37.793107]]],[[[22.752055,37.793603],[22.752206,37.795215],[22.752699,37.7939],[22.754583,37.793405],[22.756266,37.794098],[22.758247,37.796377],[22.755968,37.798359],[22.753591,37.798359],[22.752416,37.797456],[22.752647,37.799921],[22.769142,37.800094],[22.77009,37.796774],[22.76791,37.793603],[22.764739,37.791621],[22.759191,37.792215],[22.757208,37.791026],[22.754772,37.79294],[22.752055,37.793603]]],[[[22.65775,37.797889],[22.658405,37.798885],[22.665859,37.79897],[22.66688,37.796278],[22.66688,37.792116],[22.669258,37.789044],[22.670348,37.785477],[22.669085,37.783862],[22.663164,37.788103],[22.660681,37.789491],[22.66029,37.79058],[22.661428,37.795782],[22.65775,37.797889]]],[[[22.624998,37.798285],[22.624984,37.7985],[22.630363,37.798562],[22.627922,37.797492],[22.624998,37.798285]]]]}},{"type":"Feature","properties":{"code":"KP","name":"Pelagic limestones with radiolarites","unit":"Pindos Unit (Arcadian nappe)","age":"Jurassic \u2013 Cretaceous","lith":"limestone","col":"#9DBDA6"},"geometry":{"type":"MultiPolygon","coordinates":[[[[22.681419,37.498568],[22.690297,37.498698],[22.692822,37.498536],[22.692822,37.498536],[22.681419,37.498568]]],[[[22.692827,37.498536],[22.699059,37.505389],[22.697505,37.507324],[22.697283,37.508092],[22.699401,37.509845],[22.699897,37.510539],[22.69994,37.512449],[22.699234,37.513033],[22.70133,37.513767],[22.702937,37.514127],[22.703063,37.5161],[22.702919,37.516803],[22.704521,37.516971],[22.705032,37.518301],[22.706578,37.519426],[22.708424,37.519717],[22.710308,37.518161],[22.711045,37.515411],[22.710926,37.513442],[22.712538,37.514244],[22.712745,37.516279],[22.71264,37.518701],[22.713962,37.520529],[22.715497,37.521208],[22.717234,37.520227],[22.71752,37.518504],[22.718961,37.5188],[22.719533,37.519301],[22.720767,37.520812],[22.721815,37.521179],[22.722985,37.519889],[22.72378,37.51975],[22.725172,37.521067],[22.726869,37.521806],[22.727897,37.521218],[22.729095,37.5212],[22.732916,37.521652],[22.738603,37.516715],[22.738202,37.513242],[22.739104,37.51276],[22.73908,37.511959],[22.738609,37.509625],[22.737334,37.507803],[22.73517,37.505267],[22.734792,37.50388],[22.734365,37.502998],[22.732642,37.501549],[22.731457,37.500205],[22.731657,37.499611],[22.730698,37.498422],[22.692827,37.498536]]],[[[22.697258,37.628317],[22.697741,37.632346],[22.702414,37.638631],[22.703099,37.644126],[22.706041,37.647294],[22.706868,37.650916],[22.708303,37.653261],[22.710424,37.655343],[22.711527,37.654778],[22.712409,37.653878],[22.71228,37.652866],[22.711211,37.650304],[22.709771,37.647663],[22.711612,37.646918],[22.714532,37.646833],[22.719025,37.645796],[22.719628,37.644266],[22.717951,37.642848],[22.71808,37.641509],[22.721296,37.63964],[22.720735,37.639305],[22.719881,37.636826],[22.714709,37.641109],[22.713392,37.639728],[22.713127,37.638649],[22.713248,37.636928],[22.712593,37.6363],[22.712654,37.63547],[22.714214,37.633665],[22.715629,37.632497],[22.716771,37.629937],[22.71894,37.631525],[22.71672,37.626436],[22.715566,37.624763],[22.711765,37.621184],[22.711919,37.623643],[22.704201,37.62317],[22.700349,37.625026],[22.698885,37.625373],[22.697258,37.628317]]],[[[22.557826,37.574056],[22.559658,37.573533],[22.562251,37.571847],[22.570431,37.566123],[22.577357,37.563067],[22.581415,37.561875],[22.582368,37.563244],[22.585066,37.56516],[22.588425,37.564545],[22.592629,37.565222],[22.59338,37.566919],[22.594862,37.569339],[22.595486,37.573385],[22.596702,37.577521],[22.595828,37.58296],[22.594796,37.586498],[22.590253,37.590798],[22.586846,37.593266],[22.582904,37.596622],[22.581731,37.600052],[22.580743,37.605681],[22.581438,37.610208],[22.58261,37.610655],[22.584553,37.610874],[22.58911,37.610363],[22.593901,37.605404],[22.600455,37.603768],[22.602421,37.603617],[22.607364,37.602525],[22.609016,37.593239],[22.610107,37.591427],[22.613703,37.586534],[22.610211,37.58753],[22.608843,37.588197],[22.605295,37.586549],[22.599711,37.583628],[22.596855,37.579197],[22.596527,37.575607],[22.597356,37.573301],[22.598877,37.573978],[22.600099,37.578355],[22.60128,37.580736],[22.601591,37.583528],[22.603245,37.584604],[22.604738,37.583985],[22.604455,37.58249],[22.603532,37.580405],[22.603606,37.578008],[22.603969,37.577305],[22.607771,37.579149],[22.609768,37.578623],[22.610886,37.578108],[22.611761,37.577997],[22.612407,37.578786],[22.613298,37.579373],[22.614777,37.578155],[22.61539,37.57735],[22.616536,37.578231],[22.61757,37.579615],[22.619097,37.580592],[22.621621,37.581257],[22.626397,37.581591],[22.629045,37.582154],[22.629947,37.58324],[22.629859,37.584937],[22.62837,37.585758],[22.622867,37.586633],[22.621257,37.587653],[22.619114,37.587184],[22.616596,37.586819],[22.61572,37.586931],[22.613643,37.589556],[22.612685,37.591667],[22.610357,37.594295],[22.610551,37.597488],[22.610486,37.600285],[22.609782,37.602592],[22.612956,37.604247],[22.616749,37.605493],[22.618638,37.605767],[22.622812,37.607208],[22.627101,37.608247],[22.627407,37.61074],[22.623417,37.611993],[22.621782,37.611816],[22.617974,37.609871],[22.615579,37.609404],[22.613193,37.609437],[22.610526,37.607975],[22.608752,37.607201],[22.607971,37.605913],[22.606554,37.604234],[22.604784,37.603659],[22.599649,37.604228],[22.596289,37.605572],[22.595451,37.607481],[22.596917,37.611456],[22.597488,37.612327],[22.605617,37.61324],[22.61078,37.61546],[22.612823,37.617083],[22.616052,37.619186],[22.61761,37.620817],[22.621555,37.620763],[22.625386,37.621921],[22.628687,37.624133],[22.631959,37.624968],[22.637502,37.625167],[22.644048,37.627003],[22.654233,37.630604],[22.659141,37.633343],[22.661415,37.636008],[22.663389,37.637577],[22.664927,37.638271],[22.665892,37.638093],[22.666062,37.636383],[22.665061,37.634966],[22.66059,37.630019],[22.659639,37.62772],[22.658294,37.626418],[22.65623,37.623859],[22.654898,37.623107],[22.649435,37.623348],[22.647406,37.622386],[22.64571,37.620758],[22.645128,37.619394],[22.647809,37.618638],[22.650345,37.620638],[22.651252,37.620956],[22.653227,37.619552],[22.654329,37.619261],[22.65473,37.61865],[22.654917,37.6176],[22.655942,37.617092],[22.658575,37.61722],[22.65977,37.618084],[22.660226,37.619894],[22.661705,37.621085],[22.660781,37.62308],[22.661221,37.624174],[22.662544,37.624541],[22.66518,37.624779],[22.667006,37.626019],[22.666541,37.626852],[22.664487,37.627872],[22.663878,37.628486],[22.664102,37.629199],[22.665358,37.629677],[22.66675,37.629987],[22.66792,37.629696],[22.66881,37.629243],[22.669574,37.629344],[22.669655,37.629947],[22.668564,37.630622],[22.667536,37.631077],[22.667713,37.632836],[22.667672,37.634103],[22.668602,37.635412],[22.672595,37.637558],[22.673248,37.641952],[22.675423,37.643243],[22.676018,37.645051],[22.679311,37.646766],[22.680523,37.646773],[22.691121,37.634918],[22.689684,37.631862],[22.685495,37.634118],[22.68324,37.63331],[22.685172,37.629767],[22.68859,37.627026],[22.690551,37.625214],[22.691476,37.623608],[22.686946,37.618002],[22.688556,37.61607],[22.693191,37.614484],[22.692283,37.614345],[22.685908,37.61611],[22.681936,37.618164],[22.678705,37.619407],[22.678639,37.616713],[22.67761,37.61563],[22.675844,37.615255],[22.672727,37.616197],[22.671315,37.61482],[22.666539,37.614588],[22.663641,37.614129],[22.661762,37.614256],[22.661118,37.613469],[22.664489,37.612719],[22.678292,37.612424],[22.683289,37.611354],[22.686395,37.609911],[22.688605,37.607683],[22.689415,37.604675],[22.68909,37.601384],[22.689716,37.599943],[22.684773,37.594722],[22.683865,37.593299],[22.680819,37.590513],[22.677992,37.589406],[22.674875,37.589577],[22.674534,37.588754],[22.67169,37.586883],[22.668976,37.58724],[22.664033,37.59177],[22.658702,37.593183],[22.657669,37.593197],[22.658432,37.591912],[22.658769,37.589041],[22.655987,37.58634],[22.652943,37.586256],[22.64622,37.58635],[22.640462,37.586621],[22.636059,37.586363],[22.637377,37.584625],[22.643366,37.583968],[22.646301,37.582717],[22.648934,37.582362],[22.655487,37.581824],[22.657862,37.580644],[22.657664,37.578927],[22.657015,37.578552],[22.656573,37.576648],[22.65233,37.576643],[22.64923,37.574012],[22.645984,37.572018],[22.642196,37.571418],[22.638706,37.573294],[22.633852,37.573361],[22.630701,37.574669],[22.628135,37.574353],[22.625355,37.572354],[22.623675,37.572237],[22.620124,37.571302],[22.612697,37.570771],[22.607758,37.570979],[22.604088,37.568568],[22.605035,37.567503],[22.607576,37.566625],[22.608519,37.565278],[22.610205,37.565746],[22.613126,37.566128],[22.614165,37.56513],[22.616288,37.565382],[22.617797,37.565783],[22.620523,37.565254],[22.627358,37.567056],[22.629559,37.566745],[22.631905,37.565026],[22.6342,37.565065],[22.635892,37.565744],[22.638078,37.56473],[22.643321,37.566344],[22.645743,37.568137],[22.647412,37.571425],[22.649417,37.571588],[22.650196,37.570622],[22.649049,37.569427],[22.64911,37.56847],[22.654844,37.567244],[22.663041,37.565153],[22.664995,37.563025],[22.668065,37.564318],[22.674384,37.564165],[22.679816,37.563705],[22.683655,37.563587],[22.686092,37.561641],[22.687442,37.56124],[22.689722,37.562927],[22.693,37.562752],[22.693286,37.561156],[22.696403,37.561047],[22.697964,37.559241],[22.701178,37.559261],[22.70215,37.558988],[22.702249,37.557481],[22.704449,37.556932],[22.706687,37.557937],[22.709751,37.557996],[22.711027,37.556784],[22.713332,37.554987],[22.713351,37.552966],[22.714066,37.552901],[22.714356,37.552377],[22.713552,37.551562],[22.710408,37.550524],[22.709342,37.549331],[22.710748,37.547907],[22.71039,37.546256],[22.708988,37.544429],[22.706468,37.542681],[22.704944,37.542511],[22.704598,37.54137],[22.69758,37.538859],[22.690612,37.538513],[22.688276,37.537779],[22.6885,37.536951],[22.691054,37.536851],[22.694565,37.536418],[22.702316,37.536052],[22.703933,37.536793],[22.706757,37.537835],[22.709641,37.537985],[22.712317,37.539538],[22.713603,37.538382],[22.713301,37.536571],[22.709167,37.534742],[22.704585,37.533789],[22.697561,37.534464],[22.693878,37.534389],[22.692354,37.534219],[22.689595,37.532475],[22.687756,37.532502],[22.685625,37.53387],[22.683869,37.534023],[22.678823,37.533712],[22.676602,37.534572],[22.672136,37.535144],[22.671644,37.53445],[22.674975,37.533385],[22.677269,37.532205],[22.677727,37.531243],[22.673795,37.530662],[22.671845,37.529352],[22.669915,37.528869],[22.667622,37.530112],[22.663732,37.531441],[22.661365,37.53294],[22.65978,37.533535],[22.657286,37.532997],[22.655868,37.534037],[22.654594,37.534245],[22.653871,37.533938],[22.654959,37.532648],[22.657078,37.530834],[22.65914,37.529977],[22.658807,37.529408],[22.657442,37.529172],[22.654342,37.529851],[22.654403,37.529151],[22.656465,37.528422],[22.659332,37.527808],[22.662269,37.526811],[22.663374,37.526094],[22.668447,37.524048],[22.671485,37.523941],[22.68195,37.526914],[22.691224,37.526655],[22.691925,37.525816],[22.69118,37.524744],[22.690299,37.524693],[22.689112,37.525345],[22.687649,37.524221],[22.681563,37.520357],[22.681379,37.51915],[22.683446,37.518738],[22.685447,37.518773],[22.685832,37.518131],[22.685491,37.51718],[22.6845,37.515793],[22.68416,37.514907],[22.685232,37.512788],[22.684495,37.512034],[22.684075,37.511085],[22.686752,37.509262],[22.68456,37.507764],[22.684105,37.50535],[22.681775,37.504873],[22.680323,37.504321],[22.678665,37.505236],[22.678056,37.506646],[22.677355,37.507674],[22.676475,37.507432],[22.676291,37.506354],[22.677204,37.504301],[22.677266,37.503472],[22.676221,37.503232],[22.675364,37.504264],[22.67387,37.505368],[22.672674,37.505512],[22.672347,37.505262],[22.668609,37.50929],[22.666073,37.511754],[22.663877,37.51579],[22.661447,37.51619],[22.659494,37.517431],[22.659672,37.518762],[22.65264,37.517649],[22.648398,37.5188],[22.645059,37.519332],[22.644271,37.518251],[22.644987,37.516177],[22.644963,37.515085],[22.643285,37.514987],[22.641463,37.515253],[22.641406,37.512707],[22.641227,37.511495],[22.639837,37.510665],[22.637229,37.509851],[22.634032,37.510017],[22.631178,37.511997],[22.630097,37.511285],[22.625886,37.506851],[22.623727,37.505667],[22.621595,37.505696],[22.618427,37.507197],[22.614242,37.511017],[22.610822,37.514949],[22.612406,37.517719],[22.614896,37.520113],[22.617664,37.521289],[22.619346,37.521509],[22.620898,37.522823],[22.622128,37.523292],[22.623757,37.521084],[22.625408,37.51997],[22.627551,37.520364],[22.630595,37.520202],[22.630866,37.522079],[22.630439,37.52348],[22.628188,37.52509],[22.628163,37.527458],[22.629345,37.529262],[22.630864,37.528999],[22.632984,37.528363],[22.635768,37.530205],[22.639435,37.530579],[22.644388,37.530511],[22.646221,37.530728],[22.647303,37.531504],[22.646481,37.532242],[22.643204,37.532166],[22.63542,37.531728],[22.631176,37.5364],[22.629667,37.537027],[22.625244,37.536967],[22.621605,37.537867],[22.62104,37.539938],[22.622454,37.541861],[22.622332,37.54332],[22.620078,37.544808],[22.613706,37.54623],[22.613134,37.548059],[22.609209,37.549812],[22.607749,37.552866],[22.604094,37.553038],[22.601231,37.554655],[22.600221,37.557339],[22.598826,37.559847],[22.597979,37.563015],[22.596708,37.564305],[22.595937,37.563769],[22.597055,37.559021],[22.59737,37.555921],[22.596265,37.554176],[22.593852,37.551841],[22.591393,37.550964],[22.588927,37.549723],[22.586933,37.549142],[22.585743,37.550554],[22.583614,37.550826],[22.584131,37.55367],[22.582856,37.554476],[22.581604,37.553099],[22.57832,37.552839],[22.575797,37.552509],[22.574813,37.552942],[22.571691,37.545765],[22.570296,37.537407],[22.570688,37.534308],[22.573524,37.531416],[22.575014,37.526177],[22.578976,37.526123],[22.578805,37.525214],[22.577644,37.52438],[22.577249,37.523718],[22.577758,37.522558],[22.577748,37.522072],[22.576738,37.521174],[22.576799,37.520446],[22.577239,37.519651],[22.577451,37.518859],[22.577435,37.51807],[22.57712,37.517589],[22.574661,37.51653],[22.574719,37.515739],[22.572068,37.515592],[22.568318,37.516944],[22.566299,37.518028],[22.565925,37.519822],[22.564088,37.519765],[22.560833,37.520378],[22.560588,37.52331],[22.561329,37.524601],[22.562269,37.525565],[22.563708,37.526034],[22.564848,37.526912],[22.564261,37.52806],[22.565021,37.530244],[22.563702,37.530669],[22.560897,37.528349],[22.559382,37.529182],[22.558676,37.529959],[22.557826,37.574056]]],[[[22.706432,37.6156],[22.705084,37.616297],[22.707515,37.616514],[22.706432,37.6156]]],[[[22.685417,37.747378],[22.685548,37.748793],[22.68644,37.74878],[22.690291,37.748095],[22.691655,37.747052],[22.689559,37.746452],[22.688473,37.746625],[22.686802,37.747279],[22.685417,37.747378]]],[[[22.651476,37.759194],[22.65365,37.763336],[22.653784,37.764909],[22.654786,37.765367],[22.656257,37.764642],[22.656712,37.767229],[22.658567,37.765944],[22.659626,37.764512],[22.661491,37.763619],[22.665645,37.763167],[22.667332,37.763301],[22.66846,37.764859],[22.67046,37.765618],[22.671837,37.765126],[22.673096,37.76377],[22.674951,37.762484],[22.675823,37.761606],[22.675084,37.759491],[22.676558,37.758998],[22.679075,37.756285],[22.6826,37.754346],[22.683561,37.752994],[22.683628,37.751576],[22.682024,37.750811],[22.674377,37.750212],[22.672908,37.75102],[22.671154,37.752383],[22.670598,37.754122],[22.670015,37.754602],[22.668039,37.754946],[22.665194,37.756325],[22.664629,37.757671],[22.66385,37.758232],[22.660261,37.757418],[22.656567,37.756289],[22.653694,37.756408],[22.652237,37.757767],[22.651476,37.759194]]],[[[22.653915,37.769982],[22.654344,37.769942],[22.655017,37.771268],[22.656565,37.771758],[22.65756,37.771901],[22.659679,37.771285],[22.660211,37.772927],[22.661047,37.774844],[22.661556,37.777631],[22.663199,37.780127],[22.666094,37.783196],[22.669085,37.783862],[22.671906,37.782484],[22.673843,37.780409],[22.672735,37.779637],[22.672603,37.778223],[22.671962,37.776185],[22.666725,37.772638],[22.664934,37.772348],[22.663629,37.771659],[22.661687,37.769088],[22.659999,37.769033],[22.658006,37.76851],[22.6575,37.768124],[22.657013,37.768524],[22.655429,37.768625],[22.654349,37.769113],[22.653915,37.769982]]],[[[22.555523,37.693123],[22.557885,37.691807],[22.559049,37.695408],[22.5596,37.698077],[22.560721,37.699558],[22.563009,37.7],[22.565963,37.699175],[22.567187,37.70081],[22.568606,37.702287],[22.570205,37.702975],[22.572953,37.701601],[22.577783,37.705235],[22.577916,37.706808],[22.577274,37.709257],[22.576863,37.713198],[22.576106,37.714551],[22.577109,37.716734],[22.581488,37.717521],[22.583809,37.716645],[22.58519,37.716711],[22.585565,37.719156],[22.58824,37.718102],[22.589585,37.716351],[22.589795,37.713015],[22.588818,37.712098],[22.588262,37.710922],[22.590498,37.708627],[22.592089,37.70844],[22.592963,37.707163],[22.595623,37.708447],[22.598582,37.707472],[22.601108,37.708923],[22.6039,37.709876],[22.608483,37.710309],[22.611308,37.708758],[22.612704,37.710031],[22.615164,37.710557],[22.61485,37.709093],[22.61131,37.708757],[22.610806,37.707938],[22.612634,37.705933],[22.614107,37.706791],[22.617335,37.707654],[22.615512,37.705313],[22.614244,37.70434],[22.612713,37.70403],[22.60925,37.704022],[22.608873,37.702654],[22.612949,37.702155],[22.615495,37.701294],[22.618812,37.700919],[22.618019,37.699498],[22.617041,37.699125],[22.616745,37.698198],[22.621663,37.698182],[22.61983,37.696721],[22.619796,37.695179],[22.614034,37.69258],[22.611254,37.69204],[22.607964,37.691894],[22.604325,37.690446],[22.601501,37.690997],[22.59824,37.690766],[22.592023,37.689276],[22.587861,37.688099],[22.58565,37.688293],[22.585352,37.687308],[22.587697,37.686945],[22.588782,37.685776],[22.589833,37.686366],[22.592613,37.686769],[22.596356,37.686883],[22.596643,37.684127],[22.59724,37.682908],[22.598882,37.681949],[22.600475,37.682092],[22.601296,37.684669],[22.603509,37.687722],[22.605717,37.689373],[22.610065,37.690782],[22.612584,37.690525],[22.614247,37.689578],[22.614899,37.688491],[22.614347,37.68706],[22.612905,37.685897],[22.61225,37.685029],[22.613052,37.683207],[22.615008,37.682118],[22.616348,37.682178],[22.618069,37.681643],[22.619525,37.680206],[22.625932,37.681101],[22.627698,37.68029],[22.627478,37.679269],[22.629948,37.676756],[22.630428,37.67608],[22.630881,37.674145],[22.631909,37.673579],[22.632723,37.672309],[22.63389,37.671468],[22.638026,37.674754],[22.639366,37.674893],[22.642065,37.673753],[22.645589,37.671894],[22.646344,37.67019],[22.646564,37.668852],[22.648312,37.669612],[22.653037,37.670569],[22.654959,37.670149],[22.656511,37.668631],[22.659824,37.668466],[22.661286,37.667383],[22.661878,37.665092],[22.659803,37.663074],[22.65636,37.661427],[22.657923,37.660896],[22.662665,37.660436],[22.664538,37.660055],[22.666547,37.659044],[22.668509,37.660472],[22.67048,37.662293],[22.67115,37.664821],[22.673811,37.664953],[22.673877,37.660718],[22.675644,37.659205],[22.673472,37.654997],[22.672583,37.649339],[22.67096,37.647986],[22.669241,37.648503],[22.668653,37.646972],[22.667609,37.646766],[22.660612,37.643452],[22.656674,37.643783],[22.655838,37.643411],[22.656641,37.642352],[22.656754,37.641194],[22.655697,37.640383],[22.654274,37.64178],[22.651537,37.643194],[22.65092,37.643148],[22.654365,37.639631],[22.652372,37.637182],[22.650428,37.636934],[22.645954,37.638097],[22.643782,37.640054],[22.643031,37.64056],[22.637274,37.640035],[22.635049,37.639352],[22.635516,37.638738],[22.642629,37.638033],[22.643651,37.637248],[22.644363,37.635036],[22.6433,37.633895],[22.64219,37.6338],[22.639311,37.635106],[22.637518,37.635461],[22.63633,37.634652],[22.638316,37.633909],[22.63941,37.633288],[22.639252,37.63241],[22.637631,37.631111],[22.634698,37.62994],[22.631529,37.627452],[22.62961,37.628359],[22.627411,37.629049],[22.625907,37.626759],[22.624161,37.626067],[22.620922,37.626717],[22.619589,37.625909],[22.618385,37.62466],[22.616534,37.62562],[22.615769,37.625356],[22.609934,37.621142],[22.606502,37.619262],[22.604,37.6188],[22.600229,37.617127],[22.596799,37.616939],[22.593277,37.619589],[22.591615,37.623191],[22.592218,37.632293],[22.595957,37.634927],[22.60143,37.637374],[22.605937,37.638098],[22.606748,37.640344],[22.605748,37.64212],[22.604393,37.643515],[22.60429,37.645167],[22.603189,37.645457],[22.602137,37.64481],[22.602754,37.641335],[22.601614,37.639864],[22.598627,37.639354],[22.599025,37.641826],[22.597326,37.64328],[22.595075,37.645869],[22.596358,37.646598],[22.595569,37.651783],[22.596948,37.654737],[22.598075,37.655603],[22.60114,37.659689],[22.601441,37.66084],[22.599884,37.66246],[22.598515,37.666441],[22.597146,37.667231],[22.593816,37.666891],[22.590529,37.664487],[22.588417,37.663771],[22.588112,37.659261],[22.588156,37.6559],[22.585892,37.655822],[22.584322,37.656889],[22.583037,37.658381],[22.582692,37.655094],[22.58747,37.651892],[22.588606,37.64995],[22.591181,37.647327],[22.592534,37.642574],[22.590588,37.64227],[22.5859,37.643214],[22.583561,37.643906],[22.577655,37.646188],[22.569773,37.648956],[22.565929,37.648326],[22.564579,37.649996],[22.563802,37.652538],[22.563194,37.656621],[22.560211,37.659633],[22.556903,37.660337],[22.556165,37.659972],[22.555523,37.693123]]],[[[22.632495,37.49893],[22.634033,37.499576],[22.63581,37.500705],[22.645409,37.504153],[22.647018,37.504555],[22.648426,37.502776],[22.650103,37.502814],[22.650531,37.504931],[22.650742,37.507599],[22.653315,37.510294],[22.652204,37.511706],[22.651477,37.513295],[22.649914,37.514955],[22.651008,37.516215],[22.653747,37.515994],[22.656557,37.515591],[22.659507,37.514578],[22.661301,37.513035],[22.663909,37.510388],[22.665673,37.50745],[22.666592,37.50422],[22.668361,37.502544],[22.66748,37.501951],[22.668343,37.501368],[22.675867,37.498486],[22.632495,37.49893]]],[[[22.554597,37.740802],[22.554435,37.749109],[22.558974,37.749702],[22.564126,37.748717],[22.563927,37.749702],[22.560956,37.750792],[22.559469,37.752279],[22.556596,37.754459],[22.554415,37.756837],[22.554269,37.757616],[22.554083,37.767189],[22.55506,37.768135],[22.560014,37.773882],[22.562194,37.777944],[22.561749,37.782405],[22.56383,37.781513],[22.565638,37.778714],[22.567422,37.77792],[22.567189,37.775672],[22.565614,37.774477],[22.562244,37.77299],[22.558975,37.771108],[22.558382,37.769817],[22.559273,37.769126],[22.56383,37.76972],[22.567893,37.771504],[22.576712,37.773486],[22.578496,37.774675],[22.58028,37.775666],[22.582163,37.77517],[22.582857,37.773981],[22.583154,37.772396],[22.58137,37.771007],[22.580776,37.76972],[22.581568,37.76863],[22.581172,37.767639],[22.580084,37.76645],[22.581965,37.765459],[22.584343,37.765261],[22.58692,37.761594],[22.58692,37.759612],[22.585731,37.758522],[22.583352,37.758423],[22.581766,37.759216],[22.57919,37.760207],[22.577905,37.761095],[22.577505,37.760306],[22.575127,37.760107],[22.571779,37.76637],[22.568488,37.767639],[22.566605,37.768629],[22.561254,37.768234],[22.557597,37.767541],[22.559966,37.766252],[22.563532,37.766252],[22.565217,37.767143],[22.567595,37.766648],[22.570271,37.764468],[22.572055,37.761198],[22.57364,37.759018],[22.575622,37.757828],[22.57592,37.756639],[22.575227,37.756141],[22.576415,37.751981],[22.575226,37.750594],[22.573541,37.750297],[22.570171,37.750593],[22.568884,37.749801],[22.568687,37.748713],[22.571956,37.748414],[22.573244,37.748513],[22.575029,37.74772],[22.579982,37.74772],[22.583749,37.749702],[22.587166,37.746164],[22.588652,37.743782],[22.589961,37.742467],[22.592644,37.742705],[22.594993,37.742567],[22.596086,37.744352],[22.595294,37.746035],[22.594055,37.747324],[22.592865,37.748018],[22.591875,37.748117],[22.590291,37.748067],[22.588964,37.746809],[22.586523,37.748513],[22.585235,37.751882],[22.583749,37.753071],[22.584938,37.754954],[22.59019,37.754855],[22.593064,37.754063],[22.594353,37.753568],[22.596136,37.754558],[22.598015,37.757229],[22.593559,37.757828],[22.594055,37.75981],[22.597423,37.760902],[22.597125,37.762683],[22.595937,37.762684],[22.593956,37.761792],[22.593857,37.76318],[22.595046,37.765261],[22.597127,37.768035],[22.59762,37.770017],[22.596729,37.770214],[22.594451,37.767243],[22.591676,37.765558],[22.588208,37.765161],[22.586226,37.765855],[22.586325,37.767837],[22.58791,37.76972],[22.586523,37.771504],[22.587217,37.772792],[22.588603,37.773485],[22.588901,37.774178],[22.588109,37.775071],[22.587712,37.775963],[22.588803,37.776756],[22.591473,37.777054],[22.590784,37.777945],[22.590487,37.778639],[22.591082,37.779333],[22.594055,37.779333],[22.596235,37.780027],[22.596628,37.780622],[22.594352,37.78181],[22.595145,37.782405],[22.596731,37.782305],[22.6001,37.782506],[22.600198,37.784781],[22.598118,37.785179],[22.596929,37.785873],[22.596235,37.787855],[22.594649,37.790332],[22.594748,37.79172],[22.596136,37.79281],[22.600991,37.792612],[22.602375,37.792912],[22.601882,37.793405],[22.598712,37.7939],[22.597424,37.794792],[22.597128,37.79659],[22.600224,37.796848],[22.606234,37.798279],[22.614495,37.798377],[22.620142,37.798236],[22.623384,37.797874],[22.627624,37.796063],[22.630251,37.795956],[22.639169,37.794965],[22.646478,37.793501],[22.654133,37.791497],[22.655015,37.790892],[22.653751,37.79014],[22.650969,37.789864],[22.650652,37.788922],[22.651627,37.788281],[22.653414,37.788334],[22.65488,37.787369],[22.657063,37.787417],[22.660028,37.786903],[22.660396,37.785638],[22.660455,37.783827],[22.658452,37.782989],[22.656243,37.78176],[22.653758,37.781559],[22.651184,37.781753],[22.650497,37.78215],[22.65018,37.781216],[22.65045,37.779953],[22.653904,37.779195],[22.654967,37.777921],[22.655236,37.776657],[22.653009,37.774642],[22.651423,37.774664],[22.650724,37.77436],[22.650602,37.773416],[22.649307,37.77312],[22.649095,37.772571],[22.647901,37.772352],[22.64718,37.771181],[22.646173,37.770487],[22.645497,37.771363],[22.644031,37.772248],[22.642656,37.772658],[22.643023,37.771554],[22.6431,37.77053],[22.642395,37.770067],[22.641404,37.770081],[22.641018,37.770598],[22.640079,37.77061],[22.640004,37.769549],[22.639289,37.768615],[22.637219,37.766951],[22.636168,37.766493],[22.634683,37.766592],[22.633358,37.767241],[22.633241,37.768698],[22.633318,37.769918],[22.634836,37.771314],[22.63608,37.773776],[22.63616,37.775153],[22.635782,37.775983],[22.63434,37.775807],[22.63289,37.772994],[22.632486,37.772685],[22.631701,37.77305],[22.630972,37.773729],[22.630335,37.774092],[22.629355,37.774617],[22.628372,37.774945],[22.627325,37.774763],[22.626775,37.774496],[22.626763,37.773984],[22.627394,37.773385],[22.628922,37.77297],[22.630244,37.772204],[22.631072,37.771523],[22.63067,37.76901],[22.630303,37.768109],[22.629213,37.768164],[22.628622,37.768329],[22.628075,37.768218],[22.628103,37.767274],[22.628587,37.766756],[22.627338,37.7663],[22.626002,37.766437],[22.625198,37.765975],[22.624984,37.765191],[22.626669,37.762925],[22.626286,37.761316],[22.625232,37.760701],[22.622338,37.762118],[22.621548,37.762287],[22.621149,37.762211],[22.620891,37.761586],[22.622799,37.760538],[22.623831,37.76013],[22.623323,37.759586],[22.622223,37.759129],[22.620088,37.758922],[22.619531,37.758376],[22.620352,37.757383],[22.625388,37.756526],[22.624763,37.755157],[22.623527,37.753009],[22.622148,37.746612],[22.622187,37.743857],[22.620765,37.742302],[22.617236,37.739595],[22.611587,37.739672],[22.61012,37.740598],[22.609234,37.740924],[22.608784,37.740694],[22.60857,37.73991],[22.610085,37.738945],[22.610446,37.738448],[22.61042,37.737267],[22.609214,37.736497],[22.605732,37.735914],[22.602858,37.735953],[22.599557,37.734581],[22.598452,37.733888],[22.597456,37.733665],[22.596397,37.735176],[22.595222,37.735821],[22.593455,37.736553],[22.592365,37.736647],[22.589614,37.737786],[22.588742,37.738743],[22.587372,37.739548],[22.58431,37.740062],[22.581555,37.741043],[22.579873,37.741066],[22.579649,37.739968],[22.580435,37.739642],[22.581301,37.738449],[22.581379,37.737425],[22.579684,37.736895],[22.580059,37.735947],[22.580843,37.735542],[22.580417,37.734131],[22.579594,37.732725],[22.577889,37.731803],[22.574616,37.731689],[22.572948,37.730747],[22.573201,37.733422],[22.572328,37.734299],[22.570059,37.734722],[22.569361,37.734574],[22.567582,37.734834],[22.567019,37.736337],[22.566065,37.738161],[22.565083,37.738566],[22.564071,37.737557],[22.561154,37.739297],[22.554597,37.740802]]],[[[22.651261,37.767365],[22.652175,37.768336],[22.653256,37.767908],[22.652983,37.76679],[22.651936,37.766529],[22.651261,37.767365]]],[[[22.625583,37.740503],[22.625913,37.741995],[22.627533,37.743547],[22.629181,37.746358],[22.630683,37.747046],[22.631573,37.746877],[22.632881,37.747804],[22.633213,37.749373],[22.633355,37.751338],[22.633101,37.753309],[22.632035,37.754427],[22.631774,37.756084],[22.632203,37.757574],[22.633221,37.758741],[22.633751,37.760307],[22.633676,37.761411],[22.636697,37.763494],[22.638282,37.763394],[22.639981,37.764078],[22.640594,37.764857],[22.642081,37.764836],[22.644128,37.763233],[22.642643,37.763332],[22.641833,37.762557],[22.640128,37.761637],[22.639699,37.760227],[22.640373,37.75935],[22.641735,37.75815],[22.639246,37.753148],[22.6407,37.751709],[22.639928,37.748177],[22.637186,37.745224],[22.635196,37.744935],[22.631343,37.740975],[22.629809,37.738792],[22.63028,37.737683],[22.631646,37.73672],[22.637542,37.734355],[22.632171,37.728997],[22.630708,37.73012],[22.629057,37.731638],[22.627092,37.732453],[22.627321,37.733866],[22.626249,37.734669],[22.62588,37.735934],[22.625907,37.737193],[22.627234,37.738985],[22.625583,37.740503]]],[[[22.630457,37.752559],[22.631407,37.752901],[22.632186,37.75226],[22.63128,37.751643],[22.630541,37.75185],[22.630457,37.752559]]],[[[22.625133,37.684816],[22.628377,37.685206],[22.630921,37.684345],[22.631281,37.68397],[22.630416,37.683306],[22.627755,37.683174],[22.625741,37.683455],[22.625133,37.684816]]],[[[22.625033,37.749328],[22.625451,37.750306],[22.626258,37.750964],[22.626859,37.751232],[22.629233,37.751002],[22.629102,37.749547],[22.627487,37.748231],[22.626434,37.747656],[22.625249,37.747869],[22.625033,37.749328]]],[[[22.616231,37.686443],[22.616617,37.687407],[22.618304,37.688942],[22.623205,37.688875],[22.623796,37.687618],[22.623415,37.686669],[22.621952,37.68562],[22.62012,37.685321],[22.617674,37.68545],[22.616231,37.686443]]],[[[22.602956,37.72499],[22.603459,37.725337],[22.60387,37.726001],[22.603992,37.727062],[22.604567,37.728471],[22.604975,37.728977],[22.606084,37.729868],[22.608548,37.731487],[22.609895,37.731902],[22.612174,37.731871],[22.614607,37.732074],[22.617171,37.733731],[22.618499,37.735562],[22.618722,37.736701],[22.619849,37.736095],[22.621932,37.736145],[22.622817,37.735857],[22.622846,37.734873],[22.621314,37.732847],[22.618342,37.730605],[22.615937,37.729418],[22.612849,37.726429],[22.608408,37.725034],[22.602956,37.72499]]],[[[22.581666,37.518561],[22.583917,37.520709],[22.585625,37.526378],[22.587529,37.528812],[22.588304,37.532034],[22.588,37.534357],[22.585861,37.537547],[22.583023,37.541028],[22.582096,37.543078],[22.582327,37.545675],[22.58306,37.54693],[22.58466,37.547471],[22.587655,37.54722],[22.589862,37.54726],[22.592709,37.548346],[22.595097,37.548595],[22.597741,37.548419],[22.60089,37.547111],[22.603407,37.54511],[22.604962,37.543543],[22.607414,37.542666],[22.608044,37.539074],[22.611727,37.53804],[22.617708,37.537185],[22.617958,37.536479],[22.617229,37.535435],[22.615364,37.534898],[22.613395,37.53359],[22.611149,37.531723],[22.61104,37.530671],[22.612878,37.530155],[22.614302,37.530627],[22.615283,37.531105],[22.615975,37.530463],[22.61221,37.527704],[22.611412,37.527364],[22.612534,37.526365],[22.613448,37.523752],[22.612337,37.521308],[22.61064,37.520348],[22.607088,37.519272],[22.604161,37.518538],[22.600176,37.513674],[22.598203,37.512155],[22.596968,37.512171],[22.595926,37.512958],[22.594343,37.51312],[22.592034,37.512449],[22.590762,37.510708],[22.590559,37.509447],[22.591652,37.506903],[22.590652,37.505511],[22.588825,37.506659],[22.586856,37.505351],[22.585902,37.506137],[22.5855,37.507969],[22.585811,37.510143],[22.585852,37.512111],[22.584496,37.514729],[22.582619,37.517704],[22.581666,37.518561]]],[[[22.556457,37.644904],[22.568056,37.644113],[22.571257,37.644842],[22.579406,37.643852],[22.582576,37.643149],[22.589732,37.641071],[22.593885,37.641014],[22.595535,37.638681],[22.593673,37.63813],[22.59274,37.637573],[22.590615,37.638577],[22.590102,37.638422],[22.591076,37.636294],[22.590414,37.634025],[22.589123,37.631033],[22.588327,37.631111],[22.586667,37.630985],[22.585775,37.632298],[22.584158,37.633214],[22.581205,37.633824],[22.579074,37.634666],[22.574827,37.636836],[22.574298,37.636112],[22.574177,37.635219],[22.570798,37.6351],[22.569643,37.633653],[22.568471,37.631314],[22.570712,37.630954],[22.57676,37.631606],[22.583711,37.631431],[22.584716,37.630604],[22.585509,37.629373],[22.587832,37.628041],[22.589026,37.626479],[22.590184,37.62321],[22.579207,37.621568],[22.576943,37.620947],[22.572992,37.617828],[22.57297,37.616771],[22.574172,37.615616],[22.573783,37.614364],[22.567735,37.615654],[22.567382,37.617895],[22.566188,37.618791],[22.564192,37.61991],[22.561857,37.622113],[22.558846,37.62414],[22.558001,37.630097],[22.557303,37.63126],[22.556711,37.631807],[22.556457,37.644904]]],[[[22.553677,37.788055],[22.553632,37.790332],[22.555754,37.790332],[22.560907,37.790828],[22.567047,37.790729],[22.567744,37.791819],[22.573987,37.792215],[22.57919,37.791422],[22.588109,37.791026],[22.589199,37.790531],[22.587514,37.78954],[22.58583,37.787954],[22.581172,37.788152],[22.578893,37.78726],[22.577902,37.78726],[22.575422,37.788845],[22.572649,37.787459],[22.570767,37.78726],[22.569577,37.785179],[22.566704,37.784783],[22.562938,37.785179],[22.558676,37.786468],[22.55501,37.786567],[22.55397,37.787854],[22.553677,37.788055]]],[[[22.564078,37.797567],[22.564099,37.797773],[22.588435,37.798067],[22.588902,37.796576],[22.58801,37.794792],[22.577753,37.794891],[22.569627,37.795981],[22.567249,37.797368],[22.564078,37.797567]]],[[[22.581386,37.731343],[22.582344,37.732157],[22.582909,37.733094],[22.583245,37.734861],[22.584091,37.735046],[22.584875,37.734603],[22.585417,37.734556],[22.585926,37.7351],[22.587876,37.7359],[22.588365,37.735579],[22.588872,37.733801],[22.588932,37.73195],[22.587339,37.731617],[22.585653,37.731599],[22.584939,37.730626],[22.584962,37.729406],[22.584746,37.728582],[22.583753,37.728477],[22.582672,37.728925],[22.581706,37.730079],[22.581386,37.731343]]],[[[22.554743,37.733251],[22.55723,37.732767],[22.561238,37.731297],[22.563423,37.731504],[22.564788,37.730384],[22.567466,37.730506],[22.569618,37.729139],[22.571578,37.728089],[22.569452,37.726563],[22.566697,37.727465],[22.565698,37.727006],[22.566371,37.726131],[22.565031,37.723709],[22.5653,37.722368],[22.566878,37.722031],[22.568078,37.722487],[22.568958,37.721924],[22.569432,37.720895],[22.569894,37.719314],[22.570371,37.718523],[22.571193,37.718672],[22.570511,37.716569],[22.568993,37.715237],[22.566845,37.714252],[22.561021,37.718606],[22.558376,37.720057],[22.555316,37.720649],[22.554984,37.720871],[22.554743,37.733251]]],[[[22.557834,37.739],[22.560213,37.738009],[22.562535,37.735216],[22.561446,37.735309],[22.559347,37.734471],[22.558726,37.736621],[22.557834,37.739]]],[[[22.554645,37.738334],[22.556546,37.736819],[22.556566,37.734193],[22.554723,37.734323],[22.554645,37.738334]]]]}},{"type":"Feature","properties":{"code":"sc","name":"Talus cones and scree","unit":"Quaternary cover","age":"Holocene","lith":"scree","col":"#CAA489"},"geometry":{"type":"MultiPolygon","coordinates":[[[[22.922086,37.711429],[22.922604,37.714401],[22.928224,37.718342],[22.92882,37.720082],[22.926849,37.720644],[22.926985,37.721607],[22.926926,37.723623],[22.92599,37.725831],[22.926454,37.7267],[22.929052,37.724729],[22.929849,37.721385],[22.931823,37.720913],[22.933396,37.717732],[22.934731,37.716283],[22.934768,37.713715],[22.934203,37.714825],[22.932048,37.716788],[22.929831,37.716475],[22.92739,37.715988],[22.925479,37.714617],[22.923867,37.712013],[22.922086,37.711429]]],[[[22.927786,37.636872],[22.934859,37.636574],[22.935876,37.636165],[22.935897,37.634688],[22.935506,37.635147],[22.930953,37.635657],[22.927786,37.636872]]],[[[22.934875,37.580772],[22.935365,37.582072],[22.935419,37.584177],[22.935191,37.585925],[22.935605,37.587808],[22.936549,37.588918],[22.936666,37.5807],[22.936327,37.580457],[22.934875,37.580772]]],[[[22.887097,37.567235],[22.88829,37.566278],[22.890409,37.567115],[22.894031,37.569527],[22.895786,37.570371],[22.897068,37.570496],[22.899128,37.57257],[22.900968,37.573122],[22.902463,37.574478],[22.904783,37.575966],[22.906724,37.57688],[22.909225,37.578292],[22.910364,37.580019],[22.909753,37.581117],[22.907675,37.58195],[22.908619,37.58317],[22.90893,37.584618],[22.91123,37.585308],[22.912832,37.587244],[22.913664,37.587666],[22.916133,37.587771],[22.918959,37.588986],[22.91954,37.589149],[22.917969,37.58856],[22.916902,37.586624],[22.915071,37.584655],[22.913933,37.583002],[22.913812,37.581768],[22.914712,37.581319],[22.916396,37.581183],[22.917477,37.582327],[22.921628,37.582223],[22.923374,37.582667],[22.924712,37.583298],[22.924399,37.58523],[22.92472,37.587078],[22.926686,37.588935],[22.926747,37.587771],[22.926477,37.584362],[22.926971,37.583956],[22.928368,37.585129],[22.930406,37.586295],[22.930386,37.587239],[22.930057,37.588662],[22.930474,37.58993],[22.932448,37.590194],[22.933059,37.588213],[22.932674,37.583932],[22.933216,37.580223],[22.934732,37.580724],[22.934765,37.580047],[22.933217,37.580218],[22.930103,37.579833],[22.925538,37.579835],[22.921162,37.580051],[22.917862,37.579524],[22.916094,37.578244],[22.914062,37.577333],[22.912203,37.576055],[22.909805,37.575077],[22.908162,37.575103],[22.906881,37.574906],[22.90647,37.573169],[22.907431,37.571482],[22.913818,37.567818],[22.91585,37.56517],[22.916721,37.563484],[22.91899,37.563012],[22.922195,37.563468],[22.927517,37.564544],[22.930013,37.565738],[22.931594,37.566875],[22.932331,37.567153],[22.933503,37.566553],[22.935919,37.564697],[22.936895,37.564625],[22.936907,37.563719],[22.936535,37.563884],[22.935772,37.56252],[22.936114,37.561642],[22.93635,37.560185],[22.934871,37.559482],[22.931862,37.559604],[22.927813,37.55829],[22.924906,37.558846],[22.920506,37.561679],[22.917226,37.561878],[22.914305,37.561852],[22.913099,37.564706],[22.910683,37.566561],[22.908427,37.567615],[22.905448,37.572529],[22.902023,37.570625],[22.893002,37.564966],[22.89012,37.566465],[22.888289,37.566277],[22.887113,37.566732],[22.887097,37.567235]]],[[[22.785211,37.707634],[22.785349,37.708622],[22.785816,37.709828],[22.78694,37.710124],[22.790142,37.710148],[22.79123,37.709768],[22.793032,37.708651],[22.793196,37.707849],[22.793887,37.706168],[22.794873,37.705429],[22.795722,37.70643],[22.796543,37.706345],[22.79744,37.705605],[22.798972,37.704638],[22.800457,37.705559],[22.802022,37.705971],[22.803959,37.706883],[22.801185,37.709181],[22.798191,37.710171],[22.798023,37.710828],[22.796404,37.711942],[22.7939,37.714305],[22.794071,37.716506],[22.797249,37.715693],[22.801687,37.714838],[22.804471,37.715267],[22.808451,37.71993],[22.811261,37.721382],[22.813328,37.720799],[22.815526,37.717459],[22.817867,37.715928],[22.819646,37.715743],[22.822022,37.715706],[22.822934,37.716479],[22.823653,37.716082],[22.822031,37.715701],[22.825243,37.71361],[22.82753,37.713968],[22.829645,37.715352],[22.830236,37.715139],[22.828471,37.712601],[22.818926,37.70998],[22.814813,37.707163],[22.808692,37.707588],[22.809078,37.706364],[22.812766,37.703206],[22.816921,37.702146],[22.820022,37.703538],[22.823274,37.705371],[22.825143,37.707668],[22.835039,37.713164],[22.841246,37.716058],[22.843318,37.715259],[22.844605,37.715619],[22.847406,37.715766],[22.850304,37.716672],[22.8566,37.716002],[22.859067,37.715582],[22.861447,37.71491],[22.862939,37.713871],[22.865067,37.712695],[22.865572,37.707355],[22.867351,37.705042],[22.869483,37.704056],[22.871241,37.704028],[22.874224,37.705123],[22.876502,37.7068],[22.876882,37.709143],[22.877021,37.711489],[22.878385,37.711721],[22.880936,37.71149],[22.882384,37.711911],[22.884171,37.713025],[22.886028,37.713821],[22.887831,37.715569],[22.890508,37.717177],[22.893152,37.717452],[22.894845,37.718059],[22.898172,37.720037],[22.900653,37.720187],[22.904832,37.721135],[22.906397,37.722951],[22.910666,37.727388],[22.916132,37.728569],[22.918876,37.729667],[22.920996,37.731282],[22.923905,37.732504],[22.929701,37.734187],[22.931047,37.736704],[22.934414,37.738408],[22.934469,37.7346],[22.932744,37.73439],[22.927866,37.73117],[22.924173,37.730532],[22.920293,37.728819],[22.915422,37.725851],[22.911976,37.725525],[22.908946,37.722592],[22.909955,37.721434],[22.912435,37.721583],[22.911111,37.719828],[22.907498,37.719124],[22.905076,37.718085],[22.905007,37.715483],[22.904248,37.713909],[22.901789,37.711473],[22.897297,37.709776],[22.899272,37.709927],[22.904452,37.709399],[22.902017,37.707915],[22.895136,37.707518],[22.885674,37.702973],[22.883676,37.702941],[22.881614,37.703545],[22.879781,37.703701],[22.878178,37.703284],[22.878867,37.70232],[22.879889,37.701669],[22.879226,37.700727],[22.878046,37.701444],[22.876293,37.701599],[22.871008,37.701112],[22.870274,37.70049],[22.870345,37.70017],[22.868133,37.697984],[22.868099,37.696587],[22.870135,37.695032],[22.87226,37.693793],[22.874732,37.693563],[22.877291,37.693712],[22.879279,37.693363],[22.881419,37.692695],[22.883155,37.691779],[22.884118,37.692017],[22.885491,37.692629],[22.887015,37.692859],[22.888554,37.693723],[22.889784,37.694973],[22.892375,37.696328],[22.894755,37.698828],[22.897186,37.700186],[22.898958,37.700728],[22.899168,37.699582],[22.898829,37.698826],[22.897434,37.697389],[22.894841,37.695907],[22.894109,37.694974],[22.895872,37.695637],[22.898306,37.697121],[22.899667,37.697226],[22.90336,37.697928],[22.90553,37.698464],[22.907036,37.697995],[22.909879,37.696743],[22.915157,37.693865],[22.916588,37.693588],[22.918332,37.693052],[22.918072,37.692294],[22.917787,37.690522],[22.918869,37.689108],[22.916296,37.688451],[22.912873,37.688888],[22.912322,37.689214],[22.911797,37.690555],[22.911178,37.694437],[22.908097,37.695757],[22.905869,37.69611],[22.902037,37.696172],[22.898185,37.695473],[22.894804,37.694448],[22.892291,37.693028],[22.887146,37.691714],[22.88584,37.690592],[22.886668,37.688612],[22.886136,37.686526],[22.884023,37.685099],[22.881734,37.683041],[22.880774,37.676646],[22.879512,37.670892],[22.880688,37.670046],[22.882167,37.668563],[22.881728,37.666983],[22.880504,37.665923],[22.878907,37.665949],[22.872454,37.666559],[22.870847,37.66614],[22.868263,37.664975],[22.866172,37.664374],[22.864315,37.663515],[22.863245,37.662262],[22.861305,37.66134],[22.859785,37.661174],[22.858717,37.659985],[22.857202,37.660072],[22.855771,37.660348],[22.852369,37.658371],[22.851266,37.65896],[22.848732,37.65976],[22.846953,37.658837],[22.847451,37.656417],[22.849411,37.65499],[22.850318,37.652944],[22.850392,37.649452],[22.853512,37.646483],[22.856934,37.646112],[22.861873,37.645781],[22.863185,37.647093],[22.865103,37.647189],[22.867526,37.648293],[22.87055,37.647928],[22.875181,37.647982],[22.88099,37.647254],[22.884268,37.647519],[22.885989,37.649206],[22.888939,37.649031],[22.897765,37.647684],[22.9095,37.647685],[22.912488,37.645985],[22.909471,37.645961],[22.901959,37.645211],[22.892052,37.643699],[22.887857,37.644057],[22.884566,37.643964],[22.876983,37.644013],[22.875337,37.643966],[22.872952,37.643568],[22.872032,37.643144],[22.872747,37.642699],[22.873832,37.642246],[22.874634,37.641434],[22.875249,37.64048],[22.875589,37.639457],[22.875028,37.638958],[22.874206,37.638971],[22.873223,37.639999],[22.872389,37.639363],[22.871823,37.638646],[22.872164,37.637695],[22.872239,37.63704],[22.871149,37.637275],[22.870345,37.638015],[22.869906,37.638821],[22.869269,37.63883],[22.868337,37.638119],[22.86724,37.638064],[22.863147,37.641126],[22.861149,37.641593],[22.858022,37.642133],[22.856182,37.641581],[22.855877,37.640423],[22.855214,37.639489],[22.854677,37.639933],[22.854997,37.64189],[22.852729,37.642434],[22.85118,37.642458],[22.851158,37.641732],[22.851862,37.640631],[22.85058,37.640506],[22.847736,37.64382],[22.844637,37.644014],[22.843719,37.642105],[22.842766,37.645106],[22.840671,37.645357],[22.83831,37.645975],[22.838058,37.646326],[22.841569,37.64525],[22.846349,37.646275],[22.847858,37.648243],[22.846982,37.649961],[22.847826,37.650189],[22.847576,37.651134],[22.846419,37.652388],[22.845465,37.654437],[22.843686,37.656426],[22.841877,37.657035],[22.841121,37.656176],[22.83946,37.655548],[22.838459,37.655709],[22.837941,37.656952],[22.838555,37.658028],[22.837127,37.659378],[22.834856,37.660521],[22.832495,37.660835],[22.829853,37.660987],[22.827317,37.659733],[22.824304,37.659853],[22.823807,37.661967],[22.82529,37.662816],[22.826134,37.663676],[22.826085,37.66542],[22.824845,37.667038],[22.828022,37.669895],[22.82645,37.672825],[22.823399,37.675198],[22.819027,37.675847],[22.816497,37.677048],[22.813274,37.679859],[22.809092,37.680795],[22.807303,37.682421],[22.805893,37.684622],[22.80706,37.687656],[22.805422,37.687826],[22.801897,37.685701],[22.797664,37.684603],[22.790454,37.684543],[22.791156,37.685163],[22.78811,37.685917],[22.788727,37.68651],[22.791584,37.687413],[22.792158,37.688492],[22.79129,37.690395],[22.791411,37.691628],[22.792263,37.69285],[22.793615,37.69203],[22.794031,37.690207],[22.795485,37.689968],[22.797044,37.690162],[22.802389,37.691897],[22.80337,37.690864],[22.802623,37.690222],[22.802508,37.689135],[22.80333,37.689194],[22.805883,37.688937],[22.806636,37.689797],[22.807307,37.691094],[22.807515,37.692109],[22.808809,37.69267],[22.8103,37.69381],[22.812695,37.694572],[22.814374,37.695927],[22.815661,37.696198],[22.817765,37.696167],[22.819177,37.697888],[22.820055,37.700272],[22.818423,37.700733],[22.815955,37.700771],[22.812752,37.700602],[22.810717,37.699689],[22.80837,37.70096],[22.80384,37.702701],[22.799561,37.703493],[22.795551,37.704062],[22.793348,37.703733],[22.79101,37.705367],[22.788554,37.705913],[22.785211,37.707634]]],[[[22.928316,37.607872],[22.928734,37.6099],[22.932069,37.609954],[22.936255,37.609568],[22.936405,37.599019],[22.935218,37.599331],[22.933788,37.600517],[22.932756,37.603004],[22.931174,37.605354],[22.928316,37.607872]]],[[[22.912466,37.53647],[22.914297,37.536589],[22.915054,37.538229],[22.913538,37.539496],[22.915561,37.540254],[22.916572,37.541139],[22.918469,37.540887],[22.919858,37.542276],[22.920238,37.543288],[22.920617,37.545311],[22.921376,37.545816],[22.922134,37.544173],[22.923396,37.543289],[22.924662,37.543794],[22.925421,37.54392],[22.925674,37.541645],[22.924789,37.541139],[22.922261,37.54076],[22.920112,37.540759],[22.919354,37.539369],[22.919859,37.538233],[22.922387,37.538232],[22.925042,37.5376],[22.925383,37.535907],[22.928261,37.535449],[22.93427,37.533049],[22.93566,37.532922],[22.937342,37.533083],[22.937358,37.531969],[22.934917,37.531213],[22.93478,37.531358],[22.932753,37.531405],[22.931306,37.533691],[22.928328,37.53406],[22.926305,37.534945],[22.923272,37.535324],[22.919732,37.535577],[22.917964,37.534819],[22.917795,37.534081],[22.916248,37.533855],[22.914911,37.535048],[22.913159,37.535324],[22.912466,37.53647]]],[[[22.914671,37.672009],[22.919603,37.675085],[22.920774,37.6734],[22.924377,37.672027],[22.932208,37.671986],[22.919632,37.667632],[22.919657,37.668597],[22.919375,37.67053],[22.917315,37.671878],[22.914671,37.672009]]],[[[22.913607,37.801515],[22.916585,37.801542],[22.917887,37.800157],[22.918839,37.798446],[22.91849,37.795965],[22.917171,37.794517],[22.915622,37.795221],[22.915446,37.799405],[22.913607,37.801515]]],[[[22.903981,37.549854],[22.906773,37.551947],[22.908472,37.552356],[22.910682,37.551339],[22.912194,37.549825],[22.913035,37.548794],[22.913077,37.545088],[22.91282,37.543966],[22.911749,37.542795],[22.911516,37.542906],[22.910967,37.544659],[22.911125,37.545492],[22.910648,37.548261],[22.907235,37.55035],[22.905399,37.549944],[22.903981,37.549854]]],[[[22.895238,37.740532],[22.896467,37.745422],[22.896512,37.747175],[22.895773,37.748502],[22.895838,37.751043],[22.896313,37.752351],[22.899167,37.751691],[22.902933,37.74786],[22.901866,37.744984],[22.900943,37.743421],[22.900904,37.741932],[22.901637,37.740341],[22.905213,37.737741],[22.904177,37.736092],[22.903671,37.733558],[22.901662,37.732714],[22.900151,37.734053],[22.897934,37.738034],[22.895238,37.740532]]],[[[22.893452,37.584541],[22.895689,37.586321],[22.897863,37.587449],[22.899644,37.587457],[22.900685,37.587113],[22.90071,37.586313],[22.898069,37.584757],[22.895069,37.583498],[22.893452,37.584541]]],[[[22.75377,37.78718],[22.758298,37.788251],[22.764838,37.788251],[22.770783,37.78845],[22.77455,37.791224],[22.780297,37.792215],[22.782674,37.794199],[22.781685,37.795188],[22.779307,37.795981],[22.777919,37.796972],[22.77891,37.798359],[22.781345,37.800221],[22.793802,37.800349],[22.794568,37.797765],[22.796351,37.79519],[22.802297,37.795386],[22.804378,37.793702],[22.805073,37.791522],[22.806655,37.790829],[22.809432,37.793404],[22.814982,37.790828],[22.821324,37.791026],[22.828063,37.789242],[22.836585,37.787459],[22.848081,37.790035],[22.849469,37.787459],[22.852639,37.787063],[22.855414,37.789044],[22.857991,37.791621],[22.860966,37.791726],[22.863095,37.791076],[22.867948,37.790481],[22.868491,37.790899],[22.870676,37.790432],[22.877215,37.791621],[22.878801,37.793999],[22.880008,37.792697],[22.880445,37.791165],[22.880719,37.787335],[22.881047,37.786623],[22.880665,37.785803],[22.880993,37.785201],[22.880828,37.78438],[22.880792,37.780975],[22.881551,37.777234],[22.885477,37.774797],[22.887824,37.771934],[22.886033,37.768684],[22.883847,37.766685],[22.881763,37.768753],[22.882239,37.770667],[22.88371,37.772564],[22.882327,37.774169],[22.877535,37.776053],[22.875245,37.775638],[22.871302,37.777282],[22.869674,37.774936],[22.86851,37.773937],[22.867823,37.774965],[22.867806,37.776609],[22.868495,37.777549],[22.869486,37.77953],[22.870279,37.781909],[22.869288,37.784089],[22.873051,37.784487],[22.872014,37.787099],[22.87008,37.786468],[22.862549,37.785476],[22.852446,37.781495],[22.851335,37.781894],[22.844335,37.780987],[22.838219,37.781308],[22.82721,37.785322],[22.816611,37.788651],[22.804782,37.788381],[22.801876,37.791929],[22.78212,37.787709],[22.772944,37.785135],[22.766341,37.782889],[22.761838,37.783541],[22.758839,37.784675],[22.756078,37.784047],[22.75793,37.786032],[22.75377,37.78718]]],[[[22.84982,37.747654],[22.852901,37.747255],[22.855674,37.747738],[22.859133,37.749174],[22.863277,37.751563],[22.866288,37.752743],[22.867843,37.753069],[22.87069,37.752147],[22.873959,37.750429],[22.874909,37.74866],[22.874189,37.746392],[22.872061,37.745199],[22.870976,37.746005],[22.86756,37.746235],[22.864786,37.745665],[22.862662,37.744646],[22.858222,37.743664],[22.85646,37.743868],[22.854376,37.744426],[22.851301,37.745684],[22.850116,37.746247],[22.84982,37.747654]]],[[[22.831139,37.719658],[22.831284,37.721545],[22.833174,37.721831],[22.835144,37.721328],[22.83752,37.721369],[22.837759,37.723911],[22.838343,37.724095],[22.840016,37.723879],[22.842178,37.724099],[22.843882,37.725151],[22.844412,37.727174],[22.844539,37.729076],[22.844109,37.731051],[22.843121,37.733097],[22.844098,37.733844],[22.845048,37.733448],[22.846061,37.732417],[22.846565,37.730187],[22.846348,37.727905],[22.846517,37.725048],[22.847225,37.724656],[22.848676,37.725076],[22.84982,37.726137],[22.849711,37.72817],[22.850555,37.729934],[22.851302,37.731065],[22.852201,37.731876],[22.853517,37.733378],[22.853877,37.73496],[22.855731,37.735629],[22.85627,37.734795],[22.855724,37.732138],[22.85442,37.731016],[22.855199,37.730306],[22.856148,37.72991],[22.856131,37.729212],[22.854842,37.728657],[22.855699,37.727886],[22.857772,37.727726],[22.860633,37.72711],[22.862198,37.725752],[22.862915,37.722503],[22.86159,37.72062],[22.860605,37.722794],[22.859636,37.725537],[22.858122,37.725753],[22.855237,37.725417],[22.852496,37.724445],[22.851109,37.723324],[22.849145,37.721451],[22.846808,37.721066],[22.847961,37.722599],[22.8466,37.723838],[22.843251,37.72378],[22.839803,37.719736],[22.834594,37.717713],[22.833751,37.717098],[22.832374,37.717513],[22.831139,37.719658]]],[[[22.818681,37.547357],[22.81886,37.548024],[22.819954,37.548689],[22.821499,37.549275],[22.821896,37.548438],[22.824446,37.544632],[22.825528,37.543341],[22.826449,37.541167],[22.827951,37.540036],[22.826752,37.539334],[22.825745,37.537965],[22.82304,37.53658],[22.823441,37.539354],[22.821781,37.544573],[22.820636,37.545891],[22.818681,37.547357]]],[[[22.780923,37.7262],[22.782792,37.727843],[22.785364,37.728313],[22.787114,37.728795],[22.78904,37.728984],[22.788771,37.72856],[22.790945,37.729644],[22.789763,37.725804],[22.788263,37.725276],[22.786676,37.725221],[22.785383,37.725005],[22.783369,37.723697],[22.782534,37.724723],[22.780923,37.7262]]],[[[22.743407,37.703274],[22.743555,37.703996],[22.744098,37.704495],[22.74538,37.704983],[22.743812,37.705894],[22.743737,37.706077],[22.745386,37.704983],[22.748129,37.704388],[22.752045,37.706612],[22.75709,37.710473],[22.762213,37.713388],[22.763673,37.712264],[22.764033,37.710763],[22.763313,37.709514],[22.765469,37.708616],[22.762659,37.708237],[22.761353,37.707095],[22.761835,37.704326],[22.764001,37.703131],[22.766119,37.702623],[22.766468,37.700574],[22.768063,37.701098],[22.768183,37.7015],[22.769614,37.700722],[22.771753,37.698364],[22.776809,37.695805],[22.775479,37.696341],[22.77307,37.694961],[22.768262,37.69275],[22.765653,37.691212],[22.771446,37.684989],[22.774103,37.684319],[22.776829,37.686403],[22.778877,37.689206],[22.782302,37.691594],[22.783569,37.691574],[22.7841,37.69084],[22.783624,37.690048],[22.78323,37.688891],[22.78375,37.687798],[22.784589,37.688362],[22.785341,37.689222],[22.785986,37.689431],[22.786716,37.689347],[22.78687,37.688182],[22.787247,37.687111],[22.785965,37.687285],[22.786032,37.686027],[22.785617,37.685246],[22.784515,37.684711],[22.783999,37.683854],[22.783576,37.682681],[22.784952,37.682266],[22.786447,37.682884],[22.784952,37.682265],[22.78132,37.681654],[22.771963,37.680342],[22.767801,37.682148],[22.763727,37.687731],[22.758405,37.69464],[22.753882,37.696743],[22.74939,37.700152],[22.743407,37.703274]]],[[[22.777868,37.708926],[22.779126,37.707963],[22.781257,37.705315],[22.782203,37.702757],[22.784611,37.700251],[22.786311,37.698699],[22.785735,37.697545],[22.783081,37.69744],[22.782147,37.696655],[22.780305,37.696101],[22.779036,37.696556],[22.780373,37.698933],[22.780303,37.699807],[22.780059,37.701119],[22.779623,37.701997],[22.779217,37.70411],[22.778242,37.705433],[22.777827,37.707183],[22.777868,37.708926]]],[[[22.769261,37.747211],[22.771145,37.747262],[22.772299,37.745751],[22.773104,37.746288],[22.772441,37.747557],[22.770987,37.748917],[22.770508,37.749633],[22.770732,37.750732],[22.772178,37.748978],[22.774692,37.746343],[22.779,37.744073],[22.77926,37.742495],[22.778446,37.741641],[22.772161,37.744098],[22.770697,37.745064],[22.769636,37.74634],[22.769261,37.747211]]],[[[22.769182,37.719111],[22.771893,37.719652],[22.774509,37.720012],[22.778067,37.721521],[22.776201,37.720023],[22.773607,37.718609],[22.771193,37.717119],[22.769933,37.71801],[22.769182,37.719111]]],[[[22.75504,37.745377],[22.755674,37.747021],[22.757185,37.748022],[22.758518,37.749891],[22.76087,37.751314],[22.761431,37.751501],[22.765263,37.750027],[22.765339,37.749081],[22.76324,37.748325],[22.760749,37.747811],[22.758504,37.74509],[22.75839,37.740288],[22.759432,37.738227],[22.76116,37.735839],[22.769035,37.733596],[22.771884,37.73253],[22.77379,37.733446],[22.775772,37.733416],[22.777464,37.733705],[22.777138,37.732529],[22.775999,37.7305],[22.77498,37.729334],[22.760716,37.733878],[22.758185,37.735805],[22.756787,37.738714],[22.757354,37.738421],[22.757494,37.740146],[22.756284,37.743469],[22.75504,37.745377]]],[[[22.754588,37.722003],[22.755002,37.726957],[22.755579,37.730536],[22.757738,37.729791],[22.758473,37.728],[22.7577,37.724305],[22.758022,37.722447],[22.759317,37.721157],[22.760582,37.720484],[22.760423,37.719542],[22.759802,37.718531],[22.755837,37.720332],[22.754588,37.722003]]],[[[22.699787,37.748234],[22.700697,37.749008],[22.703099,37.749997],[22.705077,37.749811],[22.706279,37.750344],[22.70733,37.748598],[22.7084,37.747716],[22.710027,37.745173],[22.711586,37.743891],[22.713566,37.743862],[22.720316,37.744315],[22.722523,37.745385],[22.724304,37.745201],[22.727377,37.745235],[22.728675,37.74561],[22.731195,37.747383],[22.731923,37.748868],[22.73205,37.750048],[22.731278,37.751003],[22.729396,37.751031],[22.728609,37.751279],[22.728938,37.75277],[22.725584,37.75337],[22.725013,37.754401],[22.72612,37.755094],[22.727213,37.755236],[22.727539,37.756488],[22.724879,37.757159],[22.723115,37.75805],[22.723538,37.759225],[22.725161,37.760776],[22.727879,37.762547],[22.729763,37.762519],[22.730749,37.762268],[22.735938,37.759437],[22.743454,37.754366],[22.745781,37.752127],[22.746537,37.750542],[22.746762,37.747468],[22.744252,37.745054],[22.743015,37.746762],[22.741914,37.749736],[22.738496,37.753758],[22.734227,37.757792],[22.731826,37.75977],[22.730348,37.760299],[22.729484,37.759804],[22.729443,37.758031],[22.729717,37.756084],[22.73177,37.752843],[22.732911,37.751558],[22.734266,37.750356],[22.733811,37.749095],[22.732276,37.747174],[22.729883,37.744843],[22.733135,37.742936],[22.722864,37.742939],[22.717698,37.742464],[22.714097,37.741099],[22.71256,37.738917],[22.710976,37.739019],[22.711198,37.740039],[22.711033,37.741537],[22.710256,37.742178],[22.708567,37.742045],[22.706998,37.742777],[22.706616,37.743412],[22.706461,37.745304],[22.705809,37.747123],[22.703436,37.747394],[22.699787,37.748234]]],[[[22.703083,37.712304],[22.704662,37.714392],[22.708152,37.715364],[22.711886,37.713972],[22.712813,37.711203],[22.710034,37.711007],[22.704324,37.712586],[22.703083,37.712304]]],[[[22.688275,37.537782],[22.690611,37.538513],[22.69758,37.538859],[22.704596,37.54137],[22.704944,37.542512],[22.706469,37.542682],[22.708988,37.544428],[22.71039,37.546255],[22.710747,37.547907],[22.70934,37.549329],[22.710407,37.550524],[22.713551,37.551561],[22.714356,37.552377],[22.715255,37.550757],[22.714094,37.545586],[22.714082,37.540145],[22.713603,37.538382],[22.712314,37.539537],[22.709641,37.537984],[22.706757,37.537835],[22.703934,37.536793],[22.702316,37.536052],[22.694564,37.536418],[22.691054,37.536851],[22.688496,37.536951],[22.688275,37.537782]]],[[[22.696024,37.772118],[22.697265,37.77236],[22.704715,37.772882],[22.709095,37.768234],[22.710172,37.764379],[22.708117,37.76126],[22.70566,37.759005],[22.705234,37.761137],[22.70249,37.758035],[22.703043,37.760546],[22.704473,37.762337],[22.706703,37.764508],[22.706345,37.766167],[22.703123,37.768339],[22.699785,37.769725],[22.696589,37.768827],[22.696024,37.772118]]],[[[22.701514,37.792959],[22.703298,37.797715],[22.70359,37.799391],[22.709279,37.799453],[22.706568,37.796526],[22.701514,37.792959]]],[[[22.682578,37.728171],[22.68328,37.728554],[22.685846,37.728045],[22.689106,37.727605],[22.690104,37.727905],[22.69081,37.728446],[22.69259,37.728263],[22.694064,37.727771],[22.694377,37.728395],[22.694604,37.729651],[22.695694,37.729636],[22.69863,37.728019],[22.699624,37.728162],[22.700233,37.728784],[22.699861,37.729812],[22.698894,37.730849],[22.698928,37.732344],[22.700164,37.734373],[22.701765,37.735059],[22.704487,37.732737],[22.707368,37.73301],[22.709727,37.73211],[22.710218,37.727615],[22.706862,37.728214],[22.70625,37.727437],[22.706521,37.726331],[22.705227,37.726034],[22.70494,37.725521],[22.700148,37.725006],[22.687648,37.724477],[22.6845,37.725545],[22.682956,37.727378],[22.682578,37.728171]]],[[[22.653867,37.533937],[22.654594,37.534245],[22.655869,37.534036],[22.657288,37.532998],[22.659778,37.533536],[22.661365,37.53294],[22.663732,37.531441],[22.667622,37.530112],[22.669916,37.52887],[22.671845,37.529352],[22.673794,37.530662],[22.677725,37.531245],[22.677267,37.532206],[22.674975,37.533385],[22.671639,37.534451],[22.672135,37.535145],[22.676602,37.534572],[22.678823,37.533712],[22.68387,37.534023],[22.685626,37.53387],[22.687756,37.532502],[22.689594,37.532476],[22.692354,37.53422],[22.693878,37.534389],[22.69756,37.534464],[22.704586,37.533789],[22.709167,37.534742],[22.713301,37.536571],[22.713137,37.535095],[22.712598,37.534324],[22.710143,37.53305],[22.694626,37.527581],[22.693249,37.524281],[22.693055,37.521482],[22.690463,37.510521],[22.687217,37.505172],[22.68166,37.501309],[22.675867,37.498486],[22.668342,37.501369],[22.667476,37.501954],[22.668693,37.502765],[22.670383,37.503251],[22.671411,37.502727],[22.672997,37.502195],[22.673886,37.50269],[22.673508,37.503525],[22.672322,37.504116],[22.672347,37.505262],[22.672673,37.505512],[22.673869,37.505368],[22.675364,37.504264],[22.67622,37.503233],[22.677263,37.503472],[22.677204,37.504301],[22.67629,37.506353],[22.676475,37.507433],[22.67736,37.507676],[22.678056,37.506646],[22.678665,37.505236],[22.680322,37.504322],[22.681775,37.504873],[22.684105,37.505351],[22.684559,37.507764],[22.686749,37.509261],[22.684074,37.511084],[22.684495,37.512034],[22.685231,37.512789],[22.68416,37.514906],[22.6845,37.515793],[22.685491,37.51718],[22.685832,37.518131],[22.685445,37.518773],[22.683446,37.518738],[22.681376,37.51915],[22.681563,37.520358],[22.687649,37.524221],[22.689114,37.525347],[22.690299,37.524693],[22.691178,37.524744],[22.691923,37.525818],[22.691221,37.526655],[22.681951,37.526914],[22.671485,37.523941],[22.668447,37.524048],[22.663373,37.526095],[22.662268,37.526811],[22.659332,37.527808],[22.656465,37.528422],[22.654401,37.529151],[22.654337,37.529853],[22.657442,37.529172],[22.658806,37.529408],[22.659138,37.529975],[22.657079,37.530834],[22.654959,37.532648],[22.653867,37.533937]]],[[[22.687363,37.716294],[22.687483,37.717237],[22.688681,37.717613],[22.695975,37.715855],[22.698606,37.713928],[22.699435,37.711161],[22.698662,37.707708],[22.696894,37.708363],[22.696321,37.709316],[22.69526,37.71059],[22.694675,37.710993],[22.690817,37.711285],[22.690447,37.712471],[22.69066,37.713097],[22.691656,37.713319],[22.692745,37.713304],[22.693348,37.71377],[22.692283,37.714806],[22.689535,37.715948],[22.687363,37.716294]]],[[[22.636053,37.586364],[22.640462,37.586621],[22.64622,37.58635],[22.652943,37.586256],[22.655986,37.586341],[22.658769,37.589041],[22.658432,37.591912],[22.65766,37.593197],[22.658701,37.593183],[22.664034,37.59177],[22.668976,37.587241],[22.67169,37.586884],[22.674534,37.588754],[22.674873,37.589578],[22.677992,37.589406],[22.680818,37.590512],[22.683865,37.593299],[22.682668,37.591017],[22.679737,37.588205],[22.67623,37.585921],[22.674296,37.583977],[22.673739,37.58558],[22.669655,37.585383],[22.661019,37.58576],[22.657951,37.584656],[22.657445,37.583452],[22.659955,37.581188],[22.662011,37.576444],[22.66228,37.570516],[22.66671,37.56816],[22.67243,37.568427],[22.673089,37.567807],[22.687495,37.565112],[22.692942,37.563893],[22.698572,37.562152],[22.701178,37.559261],[22.697962,37.559241],[22.696402,37.561047],[22.693284,37.561156],[22.692996,37.562753],[22.689723,37.562926],[22.687444,37.561239],[22.686092,37.561641],[22.683653,37.563587],[22.679816,37.563705],[22.674384,37.564165],[22.668066,37.564318],[22.664994,37.563023],[22.66304,37.565154],[22.654844,37.567243],[22.649108,37.568471],[22.649049,37.569427],[22.650195,37.570622],[22.649419,37.571586],[22.647412,37.571425],[22.645985,37.572018],[22.64923,37.574012],[22.65233,37.576644],[22.656572,37.576649],[22.657015,37.578553],[22.657664,37.578928],[22.657861,37.580644],[22.655486,37.581824],[22.648934,37.582362],[22.6463,37.582717],[22.643365,37.583968],[22.637376,37.584625],[22.636053,37.586364]]],[[[22.661115,37.613466],[22.66176,37.614256],[22.663641,37.61413],[22.666539,37.614588],[22.671313,37.61482],[22.672727,37.616198],[22.675844,37.615255],[22.677609,37.615629],[22.678639,37.616714],[22.6787,37.619409],[22.681936,37.618165],[22.685908,37.61611],[22.692283,37.614345],[22.692294,37.611522],[22.690823,37.609861],[22.691638,37.605886],[22.69104,37.603711],[22.689716,37.599943],[22.68909,37.601384],[22.689415,37.604675],[22.688605,37.607682],[22.686394,37.609912],[22.683289,37.611354],[22.678292,37.612424],[22.664488,37.612719],[22.661115,37.613466]]],[[[22.602292,37.724303],[22.602956,37.72499],[22.608408,37.725034],[22.612849,37.726429],[22.615937,37.729418],[22.618342,37.730605],[22.621314,37.732847],[22.622845,37.734873],[22.622814,37.735859],[22.621931,37.736145],[22.619849,37.736095],[22.618721,37.736701],[22.616066,37.737033],[22.615074,37.737046],[22.612814,37.737943],[22.611148,37.738752],[22.610446,37.738448],[22.610084,37.738945],[22.608569,37.73991],[22.608784,37.740695],[22.609235,37.740925],[22.61012,37.740598],[22.611588,37.739672],[22.617236,37.739595],[22.620765,37.742301],[22.622186,37.743857],[22.622148,37.746612],[22.623527,37.753009],[22.624763,37.755157],[22.625387,37.756524],[22.62035,37.757383],[22.619529,37.758378],[22.620086,37.758922],[22.622224,37.759129],[22.623323,37.759586],[22.623828,37.760127],[22.622799,37.760538],[22.620888,37.761587],[22.62115,37.762213],[22.621548,37.762287],[22.622338,37.762118],[22.625231,37.760702],[22.626285,37.761316],[22.626668,37.762925],[22.624983,37.765191],[22.625199,37.765976],[22.626002,37.766437],[22.627338,37.766301],[22.628583,37.766754],[22.628103,37.767274],[22.628074,37.768219],[22.628622,37.76833],[22.629214,37.768164],[22.630304,37.768113],[22.63067,37.76901],[22.631071,37.771524],[22.630244,37.772204],[22.628922,37.77297],[22.627394,37.773385],[22.626762,37.773984],[22.626774,37.774495],[22.627325,37.774763],[22.62837,37.774946],[22.629355,37.774617],[22.630335,37.774092],[22.630972,37.773729],[22.631701,37.77305],[22.632486,37.772686],[22.63289,37.772994],[22.63434,37.775808],[22.635782,37.775985],[22.63616,37.775153],[22.63608,37.773776],[22.634836,37.771314],[22.633318,37.769916],[22.633241,37.768698],[22.633358,37.767242],[22.634683,37.766592],[22.636168,37.766493],[22.63722,37.766951],[22.639289,37.768615],[22.640003,37.769549],[22.640077,37.770611],[22.641019,37.770598],[22.641407,37.770081],[22.642395,37.770067],[22.643098,37.770528],[22.643023,37.771554],[22.642651,37.772661],[22.64403,37.772248],[22.645498,37.771362],[22.646178,37.77049],[22.64718,37.771181],[22.6479,37.772352],[22.649094,37.772571],[22.649306,37.773119],[22.650601,37.773416],[22.650722,37.774359],[22.651423,37.774664],[22.65301,37.774643],[22.655236,37.776657],[22.654967,37.777921],[22.653904,37.779195],[22.65045,37.779952],[22.65018,37.781216],[22.650499,37.782156],[22.651185,37.781753],[22.653758,37.781559],[22.656242,37.78176],[22.658452,37.782989],[22.660455,37.783828],[22.660396,37.785638],[22.660026,37.786903],[22.657063,37.787417],[22.65488,37.787369],[22.653414,37.788334],[22.651627,37.78828],[22.650649,37.788924],[22.650968,37.789864],[22.653751,37.79014],[22.655561,37.791217],[22.65835,37.791728],[22.660032,37.791547],[22.660682,37.789491],[22.666939,37.785467],[22.669089,37.783867],[22.670348,37.785478],[22.669258,37.789044],[22.66688,37.792116],[22.66688,37.796278],[22.665859,37.79897],[22.669034,37.799006],[22.670645,37.796774],[22.670645,37.794792],[22.66926,37.794196],[22.670447,37.792215],[22.669657,37.790826],[22.670646,37.790233],[22.676393,37.787657],[22.680352,37.788251],[22.680305,37.788493],[22.681051,37.78845],[22.683231,37.786567],[22.682636,37.783891],[22.67729,37.77983],[22.679961,37.779134],[22.681546,37.776102],[22.679294,37.775845],[22.677628,37.776733],[22.676119,37.775811],[22.673738,37.775766],[22.674356,37.776781],[22.674505,37.778983],[22.673843,37.78041],[22.671906,37.782483],[22.669085,37.783862],[22.666094,37.783195],[22.663199,37.780127],[22.661556,37.777631],[22.661047,37.774844],[22.660211,37.772927],[22.659678,37.771281],[22.657561,37.771901],[22.656566,37.771758],[22.655017,37.771268],[22.654343,37.769939],[22.652956,37.770076],[22.651845,37.769108],[22.649442,37.765836],[22.649009,37.764228],[22.647202,37.76323],[22.645607,37.762858],[22.644127,37.763233],[22.64098,37.762096],[22.641833,37.762557],[22.642643,37.763333],[22.644119,37.763239],[22.642082,37.764836],[22.640596,37.764857],[22.639982,37.764078],[22.638281,37.763393],[22.636695,37.763493],[22.633677,37.761411],[22.633751,37.760307],[22.633221,37.75874],[22.632204,37.757574],[22.631774,37.756084],[22.632035,37.754427],[22.633101,37.75331],[22.633355,37.751338],[22.633213,37.749373],[22.632881,37.747803],[22.631572,37.746876],[22.630683,37.747045],[22.629181,37.746358],[22.627533,37.743547],[22.625913,37.741994],[22.625584,37.740503],[22.627235,37.738985],[22.625907,37.737193],[22.62588,37.735934],[22.626249,37.734669],[22.627321,37.733867],[22.627092,37.732453],[22.623528,37.728094],[22.622482,37.725589],[22.620654,37.723567],[22.616635,37.722756],[22.614273,37.723576],[22.610599,37.723154],[22.608494,37.721803],[22.60637,37.722001],[22.603741,37.723389],[22.602486,37.724334],[22.602292,37.724303]]],[[[22.600229,37.617127],[22.60128,37.617846],[22.604,37.6188],[22.606503,37.619262],[22.609934,37.621142],[22.613036,37.623742],[22.61577,37.625356],[22.616537,37.625621],[22.617493,37.625002],[22.618387,37.624661],[22.619083,37.624926],[22.619589,37.62591],[22.620922,37.626717],[22.62175,37.626596],[22.623602,37.625745],[22.624931,37.626442],[22.625906,37.626759],[22.626195,37.627305],[22.626367,37.628844],[22.62741,37.62905],[22.62961,37.628359],[22.630565,37.627685],[22.63153,37.627453],[22.633433,37.629077],[22.634698,37.62994],[22.636239,37.630745],[22.637631,37.631111],[22.639252,37.63241],[22.639408,37.633289],[22.638316,37.633909],[22.636324,37.634653],[22.636411,37.635422],[22.637519,37.635462],[22.639311,37.635107],[22.640675,37.634096],[22.64219,37.6338],[22.6433,37.633896],[22.644363,37.635037],[22.644046,37.636362],[22.64365,37.637249],[22.642628,37.638033],[22.635514,37.638738],[22.635043,37.63935],[22.636234,37.639994],[22.63935,37.640006],[22.641424,37.639867],[22.642327,37.64002],[22.643031,37.64056],[22.643782,37.640054],[22.647587,37.636809],[22.650428,37.636933],[22.652371,37.637181],[22.654131,37.638478],[22.654364,37.639631],[22.652675,37.641471],[22.650912,37.643148],[22.651536,37.643194],[22.654274,37.64178],[22.655699,37.640385],[22.656753,37.641196],[22.656641,37.642352],[22.655834,37.643409],[22.656673,37.643783],[22.658466,37.643482],[22.660612,37.643452],[22.66292,37.644521],[22.666293,37.64673],[22.667609,37.646767],[22.668651,37.646972],[22.669241,37.648506],[22.67033,37.647721],[22.67096,37.647986],[22.672583,37.64934],[22.672645,37.652091],[22.673775,37.656149],[22.674919,37.657784],[22.675643,37.659204],[22.673877,37.660717],[22.67421,37.662405],[22.674281,37.661994],[22.675231,37.662843],[22.67612,37.661896],[22.677253,37.659953],[22.677025,37.655938],[22.677011,37.652249],[22.677941,37.650106],[22.680523,37.646773],[22.67931,37.646765],[22.676019,37.645052],[22.675424,37.643243],[22.673249,37.641952],[22.672596,37.637557],[22.668602,37.635412],[22.667673,37.634103],[22.667713,37.632836],[22.667536,37.631079],[22.668564,37.630622],[22.669656,37.629946],[22.669574,37.629342],[22.66881,37.629242],[22.66792,37.629696],[22.66675,37.629987],[22.665358,37.629677],[22.664102,37.629198],[22.66388,37.628485],[22.664488,37.627872],[22.666541,37.626852],[22.667007,37.62602],[22.66518,37.624779],[22.662544,37.624541],[22.661221,37.624174],[22.660782,37.623079],[22.661706,37.621085],[22.660226,37.619894],[22.65977,37.618084],[22.658575,37.61722],[22.655942,37.617092],[22.654915,37.617601],[22.65473,37.61865],[22.654329,37.61926],[22.653228,37.619552],[22.651251,37.620955],[22.650344,37.620638],[22.647809,37.618637],[22.645126,37.61939],[22.64571,37.620758],[22.647407,37.622386],[22.649436,37.623349],[22.654897,37.623107],[22.65623,37.623859],[22.658294,37.626418],[22.659638,37.62772],[22.66059,37.630019],[22.665061,37.634966],[22.666061,37.636382],[22.665888,37.638093],[22.664927,37.638271],[22.663388,37.637577],[22.661415,37.636008],[22.659141,37.633343],[22.654234,37.630604],[22.644048,37.627003],[22.637501,37.625167],[22.631959,37.624968],[22.628688,37.624133],[22.625386,37.621921],[22.621554,37.620762],[22.61761,37.620816],[22.616052,37.619186],[22.612823,37.617083],[22.61078,37.61546],[22.605616,37.61324],[22.607313,37.616064],[22.610624,37.617889],[22.611555,37.618849],[22.602737,37.617265],[22.600229,37.617127]]],[[[22.672511,37.548391],[22.673587,37.550032],[22.673683,37.550732],[22.675265,37.549881],[22.677177,37.549536],[22.678923,37.548874],[22.677524,37.547173],[22.675675,37.546754],[22.673692,37.547546],[22.672511,37.548391]]],[[[22.612249,37.685029],[22.612905,37.685897],[22.615456,37.68478],[22.619572,37.683371],[22.627055,37.681084],[22.631923,37.679314],[22.635081,37.677834],[22.638566,37.676771],[22.641928,37.67495],[22.648992,37.672316],[22.652383,37.671762],[22.655755,37.670447],[22.660018,37.669863],[22.662371,37.669061],[22.664312,37.668045],[22.66621,37.667342],[22.669486,37.66645],[22.671148,37.664824],[22.672128,37.665737],[22.671852,37.663849],[22.670481,37.662293],[22.668509,37.660472],[22.666546,37.659043],[22.664538,37.660055],[22.662665,37.660436],[22.657923,37.660896],[22.65635,37.66143],[22.659803,37.663074],[22.661877,37.665091],[22.661286,37.667382],[22.659825,37.668466],[22.657604,37.668812],[22.65651,37.668631],[22.654959,37.670148],[22.653037,37.670569],[22.648312,37.669612],[22.646562,37.668849],[22.646344,37.67019],[22.645589,37.671893],[22.643527,37.67271],[22.642065,37.673753],[22.639366,37.674893],[22.638026,37.674754],[22.636321,37.673755],[22.633893,37.671466],[22.632723,37.672309],[22.631909,37.673579],[22.630881,37.674145],[22.630253,37.674862],[22.630428,37.676081],[22.629947,37.676756],[22.628622,37.677286],[22.627477,37.679269],[22.627695,37.680291],[22.625931,37.681101],[22.624595,37.681081],[22.621461,37.680455],[22.619524,37.680206],[22.618069,37.681643],[22.616348,37.682178],[22.615009,37.682118],[22.613052,37.683207],[22.612249,37.685029]]],[[[22.662253,37.536877],[22.666177,37.537077],[22.668691,37.535003],[22.667406,37.534766],[22.666144,37.535612],[22.663424,37.535587],[22.662253,37.536877]]],[[[22.641597,37.79779],[22.643826,37.798718],[22.647031,37.798755],[22.654381,37.797591],[22.65775,37.797889],[22.661429,37.795783],[22.661133,37.79443],[22.65915,37.793999],[22.656772,37.795089],[22.654095,37.795485],[22.650528,37.795188],[22.647556,37.794198],[22.64678,37.793422],[22.646477,37.793501],[22.642093,37.796501],[22.641597,37.79779]]],[[[22.637581,37.715303],[22.638194,37.716161],[22.639484,37.716221],[22.641446,37.715328],[22.642803,37.713971],[22.644177,37.713322],[22.646966,37.713992],[22.64974,37.713953],[22.650127,37.713475],[22.651512,37.713456],[22.653113,37.714142],[22.654304,37.714204],[22.654488,37.713571],[22.653975,37.712791],[22.652265,37.711634],[22.651733,37.709989],[22.652797,37.708793],[22.654876,37.708764],[22.655657,37.708202],[22.654636,37.706878],[22.648922,37.703888],[22.640697,37.703845],[22.639708,37.703937],[22.640051,37.705979],[22.63999,37.707713],[22.639364,37.710791],[22.638008,37.712227],[22.637581,37.715303]]],[[[22.619796,37.695179],[22.61983,37.69672],[22.623141,37.699263],[22.623096,37.700364],[22.622566,37.701473],[22.622884,37.702317],[22.624424,37.70105],[22.627028,37.698564],[22.629863,37.696919],[22.630883,37.696522],[22.630618,37.695801],[22.6284,37.695777],[22.626516,37.695142],[22.623257,37.695022],[22.621432,37.693946],[22.619796,37.695179]]],[[[22.582691,37.655094],[22.583038,37.658393],[22.584322,37.656889],[22.585891,37.655823],[22.588156,37.6559],[22.588192,37.653258],[22.590646,37.651463],[22.593293,37.64895],[22.594744,37.645688],[22.595075,37.645869],[22.596035,37.644399],[22.597326,37.64328],[22.5987,37.642766],[22.599026,37.641826],[22.59863,37.639354],[22.60049,37.639109],[22.601615,37.639864],[22.602754,37.641336],[22.602654,37.643153],[22.602136,37.644812],[22.603189,37.645458],[22.60429,37.645168],[22.604393,37.643515],[22.605748,37.64212],[22.606748,37.640344],[22.605938,37.638098],[22.60143,37.637374],[22.597948,37.637177],[22.596026,37.638179],[22.596039,37.638826],[22.595535,37.638681],[22.593735,37.641016],[22.593879,37.641021],[22.592534,37.642574],[22.592387,37.645439],[22.591181,37.647327],[22.588606,37.64995],[22.587469,37.651892],[22.582691,37.655094]]],[[[22.58535,37.687307],[22.585648,37.688294],[22.587861,37.688099],[22.590293,37.688506],[22.593853,37.689725],[22.59824,37.690766],[22.601502,37.690997],[22.604325,37.690446],[22.605745,37.689376],[22.603509,37.687722],[22.602022,37.686201],[22.601296,37.684669],[22.600479,37.682092],[22.598882,37.681949],[22.59724,37.682907],[22.596643,37.684126],[22.596353,37.686883],[22.59428,37.687021],[22.589833,37.686366],[22.588781,37.685774],[22.587697,37.686945],[22.58535,37.687307]]],[[[22.553734,37.785102],[22.553713,37.786162],[22.55501,37.786567],[22.558677,37.786468],[22.562938,37.785179],[22.566703,37.784783],[22.569574,37.785179],[22.570767,37.78726],[22.57265,37.787459],[22.575424,37.788846],[22.577903,37.78726],[22.578893,37.787261],[22.581172,37.788152],[22.585829,37.787954],[22.587514,37.78954],[22.589193,37.790533],[22.588108,37.791026],[22.57919,37.791423],[22.578496,37.792513],[22.580379,37.792909],[22.582856,37.793107],[22.586623,37.793009],[22.58801,37.794792],[22.588901,37.796575],[22.588435,37.798067],[22.596469,37.798163],[22.596335,37.79806],[22.597128,37.79659],[22.597425,37.794791],[22.598713,37.7939],[22.601883,37.793404],[22.602379,37.792909],[22.600992,37.792612],[22.596137,37.79281],[22.594748,37.791719],[22.59465,37.790332],[22.596235,37.787855],[22.596929,37.785873],[22.598118,37.785179],[22.600199,37.784783],[22.6001,37.782504],[22.596731,37.782305],[22.595144,37.782404],[22.594356,37.781809],[22.596631,37.780621],[22.596235,37.780026],[22.594055,37.779333],[22.591082,37.779332],[22.590488,37.778638],[22.590785,37.777945],[22.591478,37.777053],[22.588803,37.776756],[22.587714,37.775964],[22.588109,37.775071],[22.588902,37.774179],[22.588604,37.773486],[22.587217,37.772792],[22.586524,37.771505],[22.587911,37.76972],[22.586325,37.767837],[22.586226,37.765858],[22.588208,37.765162],[22.591677,37.765558],[22.594451,37.767243],[22.59673,37.770215],[22.597622,37.770017],[22.597127,37.768035],[22.595046,37.765261],[22.593857,37.763179],[22.59396,37.761795],[22.595938,37.762684],[22.597127,37.762684],[22.597424,37.7609],[22.594056,37.75981],[22.59356,37.757832],[22.598019,37.757234],[22.596136,37.754558],[22.594352,37.753567],[22.593063,37.754063],[22.59019,37.754855],[22.584939,37.754954],[22.583749,37.753071],[22.583749,37.749702],[22.579983,37.74772],[22.575028,37.74772],[22.573244,37.748513],[22.571956,37.748414],[22.568686,37.748711],[22.568884,37.749801],[22.570172,37.750594],[22.573541,37.750297],[22.575224,37.750594],[22.576414,37.75198],[22.575226,37.756144],[22.57592,37.756639],[22.577505,37.758621],[22.577505,37.760306],[22.577902,37.761098],[22.57919,37.760206],[22.581766,37.759216],[22.583352,37.758423],[22.58573,37.758522],[22.586919,37.759612],[22.586919,37.761595],[22.584344,37.765259],[22.581965,37.765459],[22.580082,37.76645],[22.581172,37.767639],[22.581568,37.768628],[22.580776,37.76972],[22.58137,37.771008],[22.583153,37.772396],[22.582856,37.773981],[22.582163,37.77517],[22.580282,37.775665],[22.578496,37.774675],[22.577505,37.775963],[22.576019,37.776656],[22.572352,37.775963],[22.569181,37.775269],[22.566605,37.772891],[22.564424,37.771702],[22.562046,37.769522],[22.559271,37.769125],[22.558379,37.769819],[22.558974,37.771107],[22.562244,37.77299],[22.565614,37.774477],[22.568487,37.776657],[22.569676,37.779135],[22.568288,37.780522],[22.566505,37.781215],[22.56383,37.781513],[22.561749,37.782405],[22.560955,37.783296],[22.557091,37.783792],[22.553734,37.785102]]],[[[22.555523,37.693124],[22.555453,37.696693],[22.556174,37.697408],[22.557386,37.69942],[22.55891,37.70109],[22.561265,37.701819],[22.564078,37.704063],[22.566211,37.704373],[22.567819,37.704943],[22.572136,37.707928],[22.573444,37.709432],[22.573922,37.711876],[22.574909,37.713299],[22.576106,37.714551],[22.577917,37.711531],[22.577275,37.709257],[22.577339,37.707603],[22.577916,37.706808],[22.577784,37.705235],[22.572951,37.7016],[22.572281,37.702868],[22.570206,37.702974],[22.568606,37.702288],[22.567187,37.70081],[22.565964,37.699174],[22.563009,37.7],[22.560721,37.699558],[22.5596,37.698076],[22.559049,37.695408],[22.558994,37.692811],[22.557883,37.691802],[22.555523,37.693124]]],[[[22.558676,37.529959],[22.559382,37.529182],[22.560897,37.52835],[22.563703,37.530671],[22.565022,37.530246],[22.564262,37.52806],[22.56485,37.526914],[22.563708,37.526034],[22.562268,37.525564],[22.561329,37.524601],[22.560588,37.52331],[22.560834,37.520378],[22.564088,37.519766],[22.565928,37.519822],[22.566299,37.518028],[22.568318,37.516944],[22.572068,37.515593],[22.574719,37.515739],[22.577985,37.515393],[22.579119,37.514831],[22.579328,37.513917],[22.577558,37.513091],[22.57372,37.511746],[22.57089,37.511238],[22.567281,37.516225],[22.562824,37.517911],[22.561206,37.518665],[22.558892,37.518695],[22.558676,37.529959]]],[[[22.554723,37.734323],[22.556566,37.734193],[22.557846,37.733782],[22.55843,37.733305],[22.559347,37.734471],[22.561447,37.735309],[22.565489,37.734706],[22.563952,37.736614],[22.564071,37.737557],[22.565084,37.738567],[22.566066,37.73816],[22.567019,37.736337],[22.567583,37.734834],[22.569361,37.734574],[22.570058,37.734722],[22.572329,37.734298],[22.573203,37.733421],[22.572948,37.730748],[22.574706,37.729543],[22.57513,37.726364],[22.571026,37.727742],[22.571573,37.728092],[22.569618,37.729139],[22.567467,37.730505],[22.564787,37.730384],[22.563422,37.731504],[22.561238,37.731297],[22.55723,37.732767],[22.554743,37.733251],[22.554723,37.734323]]],[[[22.559202,37.502608],[22.563759,37.499109],[22.567872,37.499201],[22.563852,37.49866],[22.559277,37.49869],[22.559202,37.502608]]],[[[22.553975,37.772732],[22.55496,37.77408],[22.557359,37.776201],[22.558032,37.773783],[22.55605,37.771628],[22.554267,37.770116],[22.554027,37.770048],[22.553975,37.772732]]],[[[22.554269,37.757616],[22.554416,37.756837],[22.556596,37.754459],[22.554337,37.754153],[22.554269,37.757616]]],[[[22.555259,37.706712],[22.556124,37.705183],[22.555554,37.703331],[22.555331,37.703012],[22.555259,37.706712]]]]}},{"type":"Feature","properties":{"code":"FP","name":"Flysch, locally wild flysch","unit":"Pindos Unit (Arcadian nappe)","age":"Maastrichtian \u2013 Eocene","lith":"flysch","col":"#B6BFB7"},"geometry":{"type":"MultiPolygon","coordinates":[[[[22.683238,37.633313],[22.685494,37.634118],[22.689684,37.631866],[22.691121,37.634918],[22.692784,37.634472],[22.69372,37.634797],[22.693579,37.635559],[22.692953,37.636075],[22.693924,37.637878],[22.696049,37.638469],[22.69752,37.639432],[22.700063,37.641466],[22.703099,37.644126],[22.702414,37.638631],[22.697741,37.632345],[22.697258,37.628317],[22.698885,37.625373],[22.698854,37.624012],[22.698431,37.622998],[22.699045,37.621843],[22.70032,37.621148],[22.703926,37.620905],[22.704679,37.622168],[22.704201,37.62317],[22.711922,37.623644],[22.711765,37.621184],[22.709505,37.619212],[22.708076,37.617774],[22.707515,37.616514],[22.705084,37.616297],[22.70475,37.616469],[22.698458,37.615292],[22.693191,37.614484],[22.688556,37.61607],[22.686944,37.618004],[22.690323,37.622223],[22.690158,37.618467],[22.691014,37.617244],[22.693097,37.617344],[22.693847,37.618669],[22.694556,37.621717],[22.693189,37.624986],[22.689433,37.628796],[22.68862,37.628363],[22.68859,37.627026],[22.685172,37.629767],[22.683238,37.633313]]],[[[22.679029,37.768527],[22.68092,37.768815],[22.682985,37.767999],[22.686993,37.768563],[22.688147,37.76824],[22.691749,37.769684],[22.693878,37.7717],[22.696024,37.772118],[22.696589,37.768827],[22.694165,37.766894],[22.692037,37.764878],[22.691215,37.763631],[22.691139,37.760324],[22.689065,37.760669],[22.687318,37.762347],[22.684741,37.762384],[22.681694,37.763608],[22.680229,37.764574],[22.67919,37.766872],[22.679029,37.768527]]],[[[22.666725,37.772638],[22.671962,37.776185],[22.672603,37.778223],[22.672734,37.779638],[22.673843,37.780409],[22.674505,37.778983],[22.674356,37.776781],[22.673743,37.775768],[22.676119,37.775811],[22.677628,37.776734],[22.679294,37.775845],[22.680156,37.774494],[22.678713,37.772075],[22.678188,37.770822],[22.673846,37.771671],[22.672537,37.770903],[22.66996,37.770939],[22.668094,37.771753],[22.666725,37.772638]]],[[[22.567154,37.500179],[22.567568,37.501752],[22.568277,37.502896],[22.569052,37.503493],[22.569815,37.503606],[22.569677,37.504274],[22.56887,37.505741],[22.56896,37.506407],[22.569805,37.5067],[22.570722,37.506812],[22.570811,37.507476],[22.570297,37.508393],[22.570163,37.509244],[22.57101,37.50972],[22.570508,37.511182],[22.573721,37.511746],[22.577558,37.513091],[22.579328,37.513919],[22.579118,37.514831],[22.577611,37.515579],[22.574719,37.515739],[22.574659,37.516529],[22.577119,37.517588],[22.577434,37.51807],[22.577451,37.51886],[22.577239,37.519651],[22.576799,37.520446],[22.576738,37.521175],[22.577748,37.522073],[22.577758,37.522558],[22.577249,37.523718],[22.577644,37.52438],[22.578804,37.525214],[22.578975,37.526119],[22.575014,37.526176],[22.573524,37.531415],[22.570688,37.534306],[22.570296,37.537407],[22.571691,37.545765],[22.574815,37.552947],[22.575798,37.552509],[22.57832,37.552839],[22.581602,37.553099],[22.582853,37.554478],[22.584132,37.553672],[22.583616,37.550827],[22.585743,37.550554],[22.586935,37.549143],[22.588927,37.549723],[22.591393,37.550964],[22.593851,37.551841],[22.596265,37.554176],[22.597369,37.555921],[22.597055,37.559021],[22.595936,37.563771],[22.59671,37.564307],[22.597979,37.563015],[22.598826,37.559847],[22.600221,37.557339],[22.601232,37.554655],[22.604094,37.553038],[22.607749,37.552867],[22.609209,37.549812],[22.613135,37.548059],[22.613707,37.54623],[22.620078,37.544807],[22.622333,37.54332],[22.622454,37.541861],[22.621041,37.539938],[22.621606,37.537867],[22.625245,37.536967],[22.629667,37.537027],[22.631178,37.5364],[22.635421,37.531728],[22.643204,37.532166],[22.646483,37.532242],[22.647306,37.531502],[22.646221,37.530728],[22.644388,37.530511],[22.639435,37.530579],[22.635769,37.530206],[22.632984,37.528362],[22.630864,37.528998],[22.629345,37.529261],[22.628163,37.527457],[22.628188,37.525092],[22.630439,37.523481],[22.630866,37.522079],[22.630596,37.520201],[22.627552,37.520364],[22.625409,37.519969],[22.623757,37.521084],[22.622125,37.52329],[22.620898,37.522823],[22.619346,37.521509],[22.617664,37.521289],[22.614895,37.520113],[22.612406,37.517719],[22.610823,37.514948],[22.614243,37.511017],[22.618427,37.507197],[22.621594,37.505697],[22.623728,37.505667],[22.625887,37.506852],[22.630097,37.511285],[22.63118,37.511998],[22.634033,37.510017],[22.637229,37.509851],[22.639837,37.510665],[22.641227,37.511496],[22.641406,37.512707],[22.641462,37.515255],[22.643284,37.514987],[22.644963,37.515087],[22.644987,37.516177],[22.644271,37.518251],[22.645057,37.519333],[22.648398,37.5188],[22.65264,37.517649],[22.659676,37.518764],[22.659496,37.51743],[22.661447,37.51619],[22.663877,37.515791],[22.666073,37.511754],[22.668609,37.50929],[22.672347,37.505262],[22.672322,37.504116],[22.673508,37.503525],[22.673889,37.502692],[22.672999,37.502195],[22.671411,37.502727],[22.670382,37.503251],[22.668694,37.502765],[22.668361,37.502544],[22.666592,37.50422],[22.665673,37.50745],[22.663909,37.510389],[22.661301,37.513035],[22.659507,37.514577],[22.656557,37.515591],[22.653747,37.515994],[22.651011,37.516214],[22.649915,37.514954],[22.651477,37.513295],[22.652204,37.511706],[22.653316,37.510295],[22.650742,37.507599],[22.650531,37.504931],[22.650103,37.502813],[22.648426,37.502775],[22.647014,37.504554],[22.645409,37.504153],[22.635811,37.500705],[22.634033,37.499576],[22.632495,37.49893],[22.615353,37.498923],[22.567514,37.499203],[22.567154,37.500179]]],[[[22.604086,37.56857],[22.607757,37.570979],[22.612697,37.570771],[22.620124,37.571302],[22.623675,37.572237],[22.625355,37.572354],[22.628135,37.574353],[22.630702,37.574669],[22.633852,37.573361],[22.638706,37.573294],[22.642196,37.571419],[22.645985,37.572018],[22.647412,37.571425],[22.645743,37.568137],[22.643321,37.566344],[22.638077,37.56473],[22.635892,37.565743],[22.6342,37.565065],[22.631904,37.565026],[22.629559,37.566745],[22.627359,37.567056],[22.620522,37.565253],[22.617797,37.565782],[22.616288,37.565382],[22.614164,37.56513],[22.613124,37.566127],[22.610205,37.565746],[22.608518,37.565277],[22.607576,37.566625],[22.605034,37.567503],[22.604086,37.56857]]],[[[22.583474,37.611038],[22.585878,37.611905],[22.591052,37.613133],[22.594826,37.613482],[22.597825,37.612842],[22.596917,37.611456],[22.595451,37.607482],[22.596288,37.605573],[22.59965,37.604228],[22.604783,37.603659],[22.606554,37.604235],[22.607971,37.605912],[22.608752,37.6072],[22.610526,37.607975],[22.613194,37.609437],[22.615579,37.609404],[22.617974,37.609871],[22.621782,37.611816],[22.623418,37.611993],[22.627409,37.61074],[22.627103,37.608247],[22.622812,37.607208],[22.618638,37.605767],[22.616749,37.605493],[22.612956,37.604247],[22.609783,37.60259],[22.610486,37.600285],[22.610551,37.597488],[22.610357,37.594295],[22.612685,37.591666],[22.613643,37.589556],[22.615719,37.586932],[22.616597,37.586819],[22.619114,37.587184],[22.621258,37.587654],[22.622868,37.586633],[22.62837,37.585758],[22.629859,37.584939],[22.629947,37.58324],[22.629045,37.582153],[22.626397,37.581591],[22.621621,37.581257],[22.619097,37.580593],[22.61757,37.579615],[22.616536,37.578231],[22.615387,37.577347],[22.614777,37.578155],[22.613297,37.579372],[22.612407,37.578786],[22.611762,37.577996],[22.610886,37.578108],[22.609768,37.578623],[22.607772,37.579149],[22.603967,37.577303],[22.603606,37.578007],[22.603532,37.580405],[22.604455,37.58249],[22.604737,37.583982],[22.603244,37.584603],[22.601591,37.583527],[22.60128,37.580736],[22.600099,37.578355],[22.598876,37.573977],[22.597356,37.573298],[22.596527,37.575607],[22.596855,37.579198],[22.59971,37.583628],[22.605295,37.586549],[22.608845,37.588198],[22.611577,37.586863],[22.613701,37.586538],[22.61335,37.587638],[22.611327,37.589812],[22.610106,37.591427],[22.609016,37.59324],[22.60874,37.594991],[22.608839,37.599584],[22.608562,37.601285],[22.607363,37.602526],[22.603213,37.603556],[22.600455,37.603768],[22.5939,37.605405],[22.591698,37.608131],[22.58911,37.610362],[22.586353,37.6106],[22.583474,37.611038]]],[[[22.598118,37.785179],[22.599703,37.787062],[22.600892,37.788251],[22.600793,37.790332],[22.602478,37.790729],[22.60654,37.790432],[22.608127,37.791918],[22.610703,37.791819],[22.613379,37.791224],[22.61655,37.790135],[22.619027,37.790729],[22.621208,37.791026],[22.624081,37.79063],[22.625271,37.78954],[22.618929,37.788945],[22.616154,37.787161],[22.613478,37.78736],[22.610802,37.787755],[22.608424,37.78617],[22.605253,37.785278],[22.602478,37.784684],[22.598118,37.785179]]],[[[22.588192,37.653258],[22.588112,37.65926],[22.588416,37.663771],[22.593815,37.666891],[22.597147,37.667232],[22.598515,37.666442],[22.599156,37.664066],[22.599884,37.66246],[22.601442,37.660842],[22.60114,37.65969],[22.599854,37.657836],[22.598075,37.655602],[22.596948,37.654736],[22.59557,37.651783],[22.596358,37.646597],[22.594746,37.645682],[22.593293,37.648951],[22.590646,37.651463],[22.588192,37.653258]]],[[[22.583749,37.749702],[22.583749,37.753071],[22.585235,37.751882],[22.586523,37.748513],[22.588961,37.746812],[22.590289,37.748067],[22.591875,37.748117],[22.592866,37.748017],[22.594055,37.747324],[22.595293,37.746035],[22.596086,37.744351],[22.594996,37.742567],[22.592644,37.742705],[22.59372,37.744345],[22.593753,37.745878],[22.592883,37.746953],[22.591355,37.747406],[22.590212,37.747225],[22.588964,37.746809],[22.588362,37.746463],[22.587166,37.746164],[22.583749,37.749702]]],[[[22.556165,37.659972],[22.556902,37.660337],[22.560211,37.659633],[22.563195,37.65662],[22.563144,37.654198],[22.564579,37.649996],[22.56593,37.648326],[22.572155,37.648023],[22.577655,37.646188],[22.583561,37.643906],[22.5859,37.643214],[22.590588,37.64227],[22.592534,37.642574],[22.593885,37.641014],[22.589732,37.641071],[22.585047,37.642125],[22.582575,37.643149],[22.579406,37.643852],[22.575405,37.644566],[22.571258,37.644841],[22.57041,37.644082],[22.568056,37.644113],[22.563077,37.6444],[22.560032,37.64444],[22.556458,37.64488],[22.556165,37.659972]]],[[[22.567744,37.791819],[22.569627,37.795981],[22.577753,37.794891],[22.58801,37.794792],[22.586622,37.793008],[22.582856,37.793107],[22.580379,37.792909],[22.578502,37.792514],[22.57919,37.791423],[22.573987,37.792215],[22.567744,37.791819]]],[[[22.562046,37.769522],[22.564424,37.771702],[22.566605,37.772891],[22.569181,37.775269],[22.576019,37.776657],[22.577505,37.775963],[22.578496,37.774675],[22.576713,37.773486],[22.567893,37.771504],[22.56383,37.76972],[22.562046,37.769522]]],[[[22.557587,37.76754],[22.561253,37.768234],[22.566605,37.76863],[22.568488,37.767639],[22.571779,37.76637],[22.575126,37.760109],[22.577505,37.760306],[22.577505,37.758621],[22.57592,37.756639],[22.575622,37.757828],[22.57364,37.759017],[22.572055,37.761197],[22.570271,37.764468],[22.567596,37.766648],[22.565218,37.767143],[22.563532,37.766252],[22.559965,37.766252],[22.557587,37.76754]]],[[[22.56383,37.781513],[22.566505,37.781215],[22.568289,37.780522],[22.569677,37.779134],[22.568487,37.776657],[22.56719,37.775672],[22.567421,37.77792],[22.565638,37.778713],[22.56383,37.781513]]],[[[22.554597,37.740802],[22.561154,37.739297],[22.564071,37.737557],[22.563953,37.736613],[22.565498,37.734704],[22.562535,37.735216],[22.560213,37.738008],[22.557843,37.738995],[22.559347,37.734471],[22.558431,37.733302],[22.557846,37.733782],[22.556566,37.734193],[22.556546,37.736818],[22.554645,37.738334],[22.554597,37.740802]]],[[[22.554435,37.749109],[22.554337,37.754153],[22.556596,37.754459],[22.559469,37.752279],[22.560956,37.750792],[22.563929,37.749702],[22.564127,37.748711],[22.558974,37.749702],[22.554435,37.749109]]],[[[22.556712,37.631707],[22.556952,37.631483],[22.558001,37.630097],[22.556733,37.630623],[22.556712,37.631707]]]]}},{"type":"Feature","properties":{"code":"al","name":"Alluvial and coastal deposits","unit":"Quaternary cover","age":"Holocene","lith":"gravel","col":"#E7CF96"},"geometry":{"type":"MultiPolygon","coordinates":[[[[22.557168,37.608161],[22.557126,37.610309],[22.559139,37.61065],[22.561725,37.61208],[22.564804,37.612609],[22.566653,37.613072],[22.567595,37.614036],[22.568648,37.613087],[22.570771,37.611919],[22.570349,37.611315],[22.561772,37.609395],[22.557168,37.608161]]],[[[22.558892,37.518695],[22.561206,37.518665],[22.562824,37.517911],[22.567282,37.516225],[22.57089,37.511238],[22.570509,37.511178],[22.571011,37.509719],[22.570163,37.509242],[22.570297,37.508392],[22.570811,37.507475],[22.570721,37.506809],[22.569804,37.5067],[22.56896,37.506406],[22.56887,37.50574],[22.569816,37.503604],[22.569052,37.503492],[22.568278,37.502896],[22.567568,37.501752],[22.567154,37.500179],[22.567514,37.499203],[22.563759,37.499109],[22.559202,37.502608],[22.558892,37.518695]]]]}},{"type":"Feature","properties":{"code":"KT+DT","name":"Neritic limestones and dolomites","unit":"Tripolis Unit","age":"Upper Triassic \u2013 Eocene","lith":"dolomite","col":"#FCFAF6"},"geometry":{"type":"MultiPolygon","coordinates":[[[[22.710198,37.789409],[22.715398,37.792355],[22.722573,37.792413],[22.733969,37.791522],[22.74378,37.791621],[22.747447,37.788549],[22.749528,37.788053],[22.752699,37.787954],[22.754482,37.786666],[22.753687,37.787158],[22.749825,37.783098],[22.748437,37.782801],[22.740115,37.783792],[22.73823,37.782405],[22.732581,37.783395],[22.729807,37.782107],[22.725297,37.780946],[22.723451,37.778266],[22.721978,37.78072],[22.721482,37.78676],[22.71742,37.784783],[22.715834,37.784882],[22.714447,37.786369],[22.714049,37.788053],[22.710198,37.789409]]],[[[22.678189,37.770822],[22.678713,37.772074],[22.680155,37.774493],[22.679294,37.775845],[22.682973,37.776264],[22.684451,37.77585],[22.685623,37.775046],[22.688764,37.773584],[22.690746,37.773556],[22.692563,37.774946],[22.694059,37.775318],[22.696434,37.775048],[22.699406,37.774926],[22.700486,37.774439],[22.702261,37.774019],[22.704715,37.772882],[22.697265,37.772359],[22.693879,37.7717],[22.691749,37.769684],[22.688146,37.76824],[22.68519,37.769069],[22.682931,37.770046],[22.678189,37.770822]]],[[[22.577357,37.563067],[22.581824,37.566505],[22.586381,37.569372],[22.594862,37.569339],[22.59338,37.566919],[22.592629,37.565221],[22.588425,37.564545],[22.585065,37.565159],[22.582368,37.563244],[22.58142,37.561874],[22.577357,37.563067]]],[[[22.557314,37.600583],[22.560433,37.599084],[22.562614,37.600843],[22.562689,37.602424],[22.56742,37.605701],[22.571144,37.607766],[22.57516,37.609095],[22.579252,37.609203],[22.581438,37.610208],[22.580743,37.60568],[22.581731,37.600052],[22.582904,37.596624],[22.586846,37.593266],[22.590253,37.590798],[22.588974,37.589163],[22.590858,37.586716],[22.59188,37.582738],[22.592956,37.581292],[22.593735,37.578859],[22.592879,37.577659],[22.588859,37.577273],[22.585389,37.576769],[22.583744,37.577452],[22.582231,37.577912],[22.580016,37.577832],[22.576424,37.5781],[22.575758,37.57932],[22.574654,37.579445],[22.572056,37.580912],[22.568903,37.582275],[22.566174,37.584072],[22.562152,37.583686],[22.557639,37.583772],[22.557314,37.600583]]],[[[22.556733,37.630623],[22.558001,37.630097],[22.558846,37.62414],[22.561995,37.621983],[22.564128,37.619943],[22.565864,37.618998],[22.567372,37.6179],[22.567729,37.615672],[22.567544,37.615492],[22.567735,37.615654],[22.568635,37.615642],[22.573783,37.614363],[22.573215,37.613839],[22.572882,37.612623],[22.572046,37.61174],[22.570771,37.611919],[22.568649,37.613086],[22.567595,37.614036],[22.566831,37.615479],[22.562801,37.618194],[22.559825,37.619019],[22.557813,37.620592],[22.557242,37.622632],[22.55688,37.623019],[22.556733,37.630623]]],[[[22.553734,37.785102],[22.557091,37.783792],[22.560956,37.783296],[22.561749,37.782405],[22.557934,37.779432],[22.557359,37.776201],[22.55496,37.77408],[22.553975,37.772732],[22.553734,37.785102]]],[[[22.553599,37.792054],[22.55349,37.797643],[22.560987,37.797735],[22.559494,37.796055],[22.558305,37.79338],[22.55454,37.792587],[22.553599,37.792054]]],[[[22.553713,37.786162],[22.553677,37.788055],[22.553677,37.788055],[22.55397,37.787855],[22.55501,37.786567],[22.553713,37.786162]]]]}},{"type":"Feature","properties":{"code":"FT","name":"Flysch","unit":"Tripolis Unit","age":"Eocene","lith":"flysch","col":"#F0C0B3"},"geometry":{"type":"MultiPolygon","coordinates":[[[[22.723451,37.778266],[22.725296,37.780946],[22.729807,37.782107],[22.732582,37.783396],[22.738228,37.782405],[22.740113,37.783792],[22.748438,37.782801],[22.749826,37.783099],[22.75369,37.787161],[22.75785,37.786064],[22.756737,37.78482],[22.753507,37.782261],[22.75121,37.781503],[22.749597,37.779493],[22.74927,37.777688],[22.750358,37.775526],[22.752234,37.773523],[22.749436,37.772541],[22.749465,37.771493],[22.746167,37.77027],[22.741352,37.766206],[22.735705,37.766446],[22.734444,37.767645],[22.733454,37.767739],[22.732173,37.768073],[22.732692,37.769088],[22.73192,37.769966],[22.73035,37.770697],[22.727231,37.773089],[22.725248,37.773387],[22.724606,37.774072],[22.725149,37.775567],[22.723451,37.778266]]],[[[22.700837,37.755146],[22.701962,37.756626],[22.70249,37.758035],[22.705239,37.761144],[22.70586,37.757987],[22.704844,37.75682],[22.70737,37.754658],[22.70744,37.753398],[22.708013,37.752445],[22.706417,37.751996],[22.70554,37.752794],[22.70474,37.752413],[22.704123,37.751399],[22.702539,37.751501],[22.70258,37.753311],[22.702214,37.754653],[22.700837,37.755146]]],[[[22.557639,37.583772],[22.562152,37.583686],[22.566173,37.584073],[22.568903,37.582275],[22.572056,37.580911],[22.574654,37.579446],[22.575758,37.57932],[22.576427,37.5781],[22.580016,37.577832],[22.582231,37.577913],[22.583744,37.577452],[22.58539,37.576769],[22.588859,37.577273],[22.592877,37.577659],[22.593734,37.578859],[22.592957,37.581291],[22.59188,37.582738],[22.590858,37.586716],[22.588973,37.589163],[22.590253,37.590798],[22.594797,37.586497],[22.595828,37.58296],[22.596702,37.577521],[22.595486,37.573385],[22.594862,37.569339],[22.586381,37.569372],[22.581824,37.566505],[22.577357,37.563067],[22.570431,37.566123],[22.562251,37.571847],[22.559658,37.573533],[22.557826,37.574056],[22.557639,37.583772]]],[[[22.553632,37.790332],[22.553599,37.792054],[22.554539,37.792587],[22.558305,37.79338],[22.559494,37.796055],[22.560987,37.797735],[22.564099,37.797773],[22.564083,37.797566],[22.567249,37.797368],[22.569627,37.795981],[22.567744,37.791819],[22.56705,37.790729],[22.560907,37.790828],[22.555753,37.790332],[22.553632,37.790332]]],[[[22.554984,37.720871],[22.555317,37.720649],[22.558376,37.720057],[22.561021,37.718605],[22.566845,37.714252],[22.565397,37.711144],[22.562472,37.708648],[22.558712,37.706839],[22.556124,37.705183],[22.555259,37.706712],[22.554984,37.720871]]],[[[22.554027,37.770048],[22.554268,37.770117],[22.55605,37.771627],[22.558032,37.773782],[22.557359,37.776201],[22.557933,37.779432],[22.561749,37.782405],[22.562195,37.777945],[22.560014,37.773882],[22.55506,37.768134],[22.554072,37.76775],[22.554027,37.770048]]],[[[22.557269,37.602934],[22.557341,37.602865],[22.558002,37.600253],[22.557314,37.600598],[22.557269,37.602934]]]]}},{"type":"Feature","properties":{"code":"Sch","name":"Mica schists and quartzites, HP/LT","unit":"Arna Unit","age":"Tertiary metamorphism","lith":"schist","col":"#B3A27A"},"geometry":{"type":"MultiPolygon","coordinates":[[[[22.55688,37.623019],[22.557242,37.622633],[22.557814,37.620591],[22.559825,37.61902],[22.562672,37.61825],[22.566917,37.615429],[22.567595,37.614036],[22.566654,37.613072],[22.564804,37.612609],[22.561726,37.61208],[22.559139,37.61065],[22.557126,37.610309],[22.55688,37.623019]]],[[[22.557314,37.600583],[22.557999,37.60026],[22.557269,37.602934],[22.557168,37.608151],[22.559691,37.607715],[22.566642,37.607623],[22.562801,37.604827],[22.562615,37.600843],[22.560431,37.599083],[22.557314,37.600583]]]]}},{"type":"Feature","properties":{"code":"KEG+DEG","name":"Carbonate rocks","unit":"Eastern Greece Unit","age":"Triassic \u2013 Upper Cretaceous","lith":"limestone","col":"#F8EBD1"},"geometry":{"type":"MultiPolygon","coordinates":[[[[22.864314,37.663515],[22.866172,37.664374],[22.868263,37.664975],[22.870847,37.66614],[22.872455,37.666559],[22.878907,37.665949],[22.880502,37.665923],[22.881728,37.666983],[22.882166,37.668563],[22.880688,37.670046],[22.879511,37.67089],[22.880774,37.676646],[22.881735,37.683041],[22.884023,37.685099],[22.886135,37.686526],[22.886667,37.688612],[22.885839,37.690593],[22.887146,37.691714],[22.892291,37.693028],[22.894803,37.694448],[22.898185,37.695472],[22.902037,37.696172],[22.905869,37.69611],[22.908097,37.695757],[22.911178,37.694437],[22.911797,37.690555],[22.912322,37.689215],[22.912872,37.688888],[22.916296,37.688451],[22.918866,37.689109],[22.917787,37.690522],[22.918072,37.692294],[22.918329,37.693052],[22.916588,37.693588],[22.915157,37.693865],[22.909879,37.696743],[22.907036,37.697995],[22.905531,37.698464],[22.90336,37.697928],[22.899667,37.697226],[22.898306,37.697121],[22.895872,37.695637],[22.894098,37.694967],[22.894841,37.695907],[22.897434,37.697389],[22.898829,37.698826],[22.899168,37.699583],[22.898957,37.700727],[22.897186,37.700186],[22.894755,37.698828],[22.892375,37.696328],[22.889785,37.694973],[22.888554,37.693723],[22.887015,37.692859],[22.885492,37.692629],[22.884118,37.692017],[22.883153,37.691778],[22.881419,37.692694],[22.879279,37.693363],[22.877292,37.693712],[22.874732,37.693563],[22.872261,37.693792],[22.870135,37.695032],[22.868098,37.696588],[22.868133,37.697984],[22.870343,37.700169],[22.870273,37.700489],[22.871007,37.701112],[22.876292,37.701599],[22.878046,37.701444],[22.879226,37.70073],[22.879887,37.701669],[22.878867,37.70232],[22.878172,37.703283],[22.87978,37.703702],[22.881614,37.703545],[22.883676,37.702941],[22.885673,37.702973],[22.895136,37.707518],[22.902018,37.707915],[22.904442,37.709399],[22.899272,37.709927],[22.897271,37.709769],[22.901788,37.711473],[22.904247,37.713908],[22.905007,37.715484],[22.905074,37.718085],[22.907498,37.719124],[22.911112,37.719829],[22.912429,37.721581],[22.909954,37.721433],[22.908945,37.722592],[22.911977,37.725526],[22.915422,37.725851],[22.920293,37.728818],[22.921738,37.729457],[22.922729,37.727682],[22.92616,37.728151],[22.928494,37.728727],[22.930948,37.729739],[22.933083,37.731194],[22.933592,37.734494],[22.934469,37.7346],[22.934731,37.716283],[22.933396,37.717731],[22.931823,37.720913],[22.929848,37.721384],[22.929052,37.724729],[22.926454,37.726696],[22.925991,37.725831],[22.926926,37.723624],[22.926985,37.721606],[22.92685,37.720646],[22.928821,37.720086],[22.928224,37.718342],[22.922605,37.714401],[22.922087,37.711436],[22.923867,37.712014],[22.925479,37.714617],[22.927391,37.715989],[22.929831,37.716475],[22.932047,37.716789],[22.934203,37.714825],[22.934768,37.713715],[22.935876,37.636165],[22.934859,37.636574],[22.927786,37.636872],[22.923576,37.640137],[22.912488,37.645985],[22.9095,37.647685],[22.897765,37.647684],[22.888939,37.649031],[22.885989,37.649206],[22.874456,37.651195],[22.872672,37.652378],[22.869355,37.655114],[22.866649,37.661556],[22.864314,37.663515]]],[[[22.934917,37.531213],[22.93736,37.53188],[22.937411,37.528285],[22.936503,37.529125],[22.934917,37.531213]]],[[[22.934829,37.521434],[22.937477,37.523581],[22.93754,37.519173],[22.937091,37.519489],[22.934829,37.521434]]],[[[22.90647,37.573169],[22.906879,37.574906],[22.908162,37.575103],[22.909805,37.575077],[22.912203,37.576055],[22.914062,37.577333],[22.916094,37.578244],[22.917861,37.579524],[22.921161,37.580051],[22.930102,37.579833],[22.933217,37.580218],[22.934759,37.580048],[22.934732,37.580724],[22.936326,37.580458],[22.936666,37.5807],[22.936895,37.564625],[22.935919,37.564697],[22.933503,37.566553],[22.932331,37.567153],[22.931594,37.566875],[22.930013,37.565738],[22.927517,37.564544],[22.922196,37.563468],[22.918989,37.563011],[22.91672,37.563484],[22.91585,37.56517],[22.913818,37.567818],[22.907431,37.571482],[22.90647,37.573169]]],[[[22.749269,37.777689],[22.749597,37.779493],[22.75121,37.781504],[22.753507,37.782261],[22.75568,37.783811],[22.758833,37.784668],[22.761797,37.783493],[22.766484,37.782971],[22.772944,37.785135],[22.782121,37.787709],[22.801878,37.791929],[22.804783,37.788381],[22.81661,37.788651],[22.82721,37.785322],[22.838219,37.781308],[22.844335,37.780987],[22.851336,37.781894],[22.8543,37.78083],[22.858786,37.777934],[22.859356,37.778039],[22.859522,37.778939],[22.860253,37.779719],[22.867262,37.780964],[22.867781,37.778922],[22.867824,37.774966],[22.868508,37.773941],[22.869674,37.774936],[22.871299,37.777283],[22.875244,37.775639],[22.877534,37.776054],[22.882328,37.774169],[22.883711,37.772565],[22.882239,37.770667],[22.881764,37.768753],[22.883848,37.766687],[22.886033,37.768685],[22.887824,37.771934],[22.885476,37.774797],[22.881551,37.777233],[22.880792,37.780975],[22.883124,37.783086],[22.887429,37.784373],[22.891157,37.785332],[22.891777,37.787355],[22.891231,37.788268],[22.891021,37.79121],[22.889087,37.793384],[22.888638,37.792717],[22.887579,37.790248],[22.887683,37.788777],[22.885984,37.789143],[22.884275,37.789171],[22.883156,37.78998],[22.885785,37.792537],[22.885968,37.794117],[22.888446,37.796338],[22.890459,37.797096],[22.892133,37.795713],[22.892744,37.791748],[22.893846,37.790265],[22.895176,37.79216],[22.896219,37.793952],[22.897532,37.795174],[22.904122,37.79665],[22.907872,37.798511],[22.910226,37.801484],[22.913607,37.801515],[22.915446,37.799405],[22.915623,37.795222],[22.917169,37.794519],[22.91849,37.795965],[22.918839,37.798446],[22.917887,37.800157],[22.916585,37.801542],[22.933506,37.801697],[22.93374,37.785392],[22.93192,37.783948],[22.932898,37.783449],[22.933772,37.783163],[22.934004,37.766981],[22.933689,37.767174],[22.932022,37.76891],[22.93079,37.770377],[22.928707,37.770937],[22.927484,37.770651],[22.926546,37.770666],[22.925571,37.771427],[22.925202,37.772091],[22.925103,37.772531],[22.925506,37.773181],[22.928679,37.774138],[22.930304,37.775119],[22.930149,37.775604],[22.920355,37.774712],[22.916318,37.774471],[22.9156,37.774309],[22.916009,37.773249],[22.914656,37.772175],[22.913653,37.771796],[22.912953,37.770361],[22.910479,37.768648],[22.909421,37.768315],[22.904218,37.767785],[22.903538,37.767137],[22.90374,37.766259],[22.915602,37.766066],[22.918017,37.767605],[22.921779,37.767851],[22.921927,37.767191],[22.920094,37.766606],[22.921005,37.765672],[22.923144,37.765154],[22.924785,37.764558],[22.926382,37.764356],[22.927574,37.76346],[22.931073,37.762131],[22.932665,37.761798],[22.931933,37.761241],[22.930313,37.760478],[22.930277,37.75912],[22.926642,37.757339],[22.926073,37.756646],[22.926776,37.756066],[22.929953,37.757284],[22.930858,37.755999],[22.931849,37.755894],[22.933249,37.75666],[22.933902,37.758403],[22.934127,37.758451],[22.934414,37.738408],[22.931047,37.736704],[22.929703,37.734187],[22.923904,37.732504],[22.920996,37.731282],[22.918876,37.729667],[22.916131,37.728569],[22.910666,37.727388],[22.908854,37.729047],[22.908677,37.730759],[22.909157,37.732242],[22.91056,37.73323],[22.909709,37.734469],[22.908839,37.734876],[22.908383,37.734358],[22.907853,37.7352],[22.907545,37.736125],[22.906353,37.736754],[22.906463,37.734828],[22.90688,37.733857],[22.906688,37.732852],[22.905975,37.732995],[22.905506,37.734098],[22.904649,37.73512],[22.904177,37.736092],[22.905211,37.737742],[22.901637,37.740342],[22.900904,37.741931],[22.900943,37.743421],[22.901866,37.744984],[22.902932,37.747862],[22.899167,37.751691],[22.896313,37.752349],[22.895838,37.751043],[22.895773,37.748503],[22.896512,37.747175],[22.896467,37.745422],[22.895238,37.740532],[22.894722,37.739751],[22.895615,37.737984],[22.897115,37.734059],[22.89966,37.732132],[22.901275,37.730484],[22.903123,37.729402],[22.905321,37.729016],[22.906783,37.72794],[22.909058,37.725712],[22.904832,37.721135],[22.900653,37.720187],[22.898172,37.720037],[22.894845,37.718059],[22.893152,37.717452],[22.890508,37.717176],[22.887831,37.715569],[22.886028,37.713821],[22.884171,37.713025],[22.882385,37.711911],[22.880936,37.71149],[22.878385,37.711721],[22.877023,37.711489],[22.876882,37.709143],[22.876503,37.7068],[22.875198,37.705742],[22.874224,37.705123],[22.873255,37.704694],[22.87124,37.704028],[22.869484,37.704056],[22.867351,37.705042],[22.865572,37.707355],[22.865066,37.712695],[22.862939,37.713871],[22.861447,37.71491],[22.859067,37.715582],[22.8566,37.716002],[22.850305,37.716672],[22.847405,37.715766],[22.844605,37.715619],[22.843318,37.715258],[22.841246,37.716058],[22.840428,37.716846],[22.84343,37.71979],[22.846808,37.721066],[22.849145,37.721451],[22.851109,37.723324],[22.852496,37.724445],[22.855237,37.725417],[22.858122,37.725753],[22.859635,37.725539],[22.860605,37.722794],[22.861595,37.720628],[22.862915,37.722504],[22.862197,37.725752],[22.860633,37.72711],[22.857772,37.727726],[22.855698,37.727886],[22.854838,37.728661],[22.856131,37.729214],[22.856147,37.72991],[22.855199,37.730305],[22.854418,37.731016],[22.855725,37.732139],[22.85627,37.734794],[22.855731,37.735627],[22.853877,37.734959],[22.853517,37.733379],[22.852201,37.731876],[22.851302,37.731065],[22.848419,37.731281],[22.846399,37.730923],[22.846061,37.732416],[22.845047,37.733448],[22.844098,37.733843],[22.843123,37.733099],[22.844109,37.731051],[22.844539,37.729077],[22.844412,37.727174],[22.843883,37.725151],[22.842178,37.724099],[22.840015,37.723879],[22.838343,37.724095],[22.837759,37.723911],[22.838063,37.727186],[22.837545,37.730264],[22.836205,37.732173],[22.835011,37.731879],[22.835027,37.72865],[22.835629,37.724941],[22.835012,37.724006],[22.829755,37.723852],[22.823645,37.721192],[22.822434,37.720344],[22.817716,37.721913],[22.8122,37.723336],[22.807778,37.724821],[22.801021,37.724137],[22.799246,37.725033],[22.797589,37.729779],[22.799828,37.732185],[22.800768,37.738232],[22.80301,37.740796],[22.799306,37.747465],[22.7983,37.750944],[22.798593,37.754876],[22.800938,37.757516],[22.803835,37.758417],[22.806111,37.758224],[22.808348,37.756458],[22.81048,37.754459],[22.811371,37.754444],[22.812109,37.756164],[22.81238,37.75915],[22.808976,37.76188],[22.804676,37.764465],[22.798622,37.768337],[22.799361,37.770215],[22.804324,37.774468],[22.813856,37.774952],[22.814188,37.776364],[22.813234,37.777873],[22.811045,37.777593],[22.808991,37.778805],[22.807017,37.77915],[22.806121,37.779006],[22.803489,37.776843],[22.79997,37.77485],[22.798871,37.774473],[22.798791,37.771247],[22.797039,37.772612],[22.795018,37.775162],[22.792205,37.777723],[22.789468,37.779418],[22.79061,37.781527],[22.790846,37.783097],[22.790482,37.784439],[22.78771,37.78464],[22.785613,37.784121],[22.784304,37.783275],[22.783473,37.781713],[22.782276,37.781417],[22.779114,37.781937],[22.777033,37.781968],[22.775039,37.781605],[22.772954,37.781399],[22.773006,37.779431],[22.775767,37.778838],[22.77804,37.778489],[22.777602,37.776764],[22.774083,37.77477],[22.770607,37.774507],[22.770459,37.772542],[22.764915,37.77294],[22.762047,37.773298],[22.758275,37.773118],[22.75577,37.772053],[22.752234,37.773523],[22.750357,37.775526],[22.749269,37.777689]]],[[[22.888421,37.557047],[22.893002,37.564966],[22.905449,37.572531],[22.908427,37.567615],[22.910683,37.566561],[22.9131,37.564706],[22.914306,37.561853],[22.920507,37.561679],[22.924906,37.558846],[22.927812,37.55829],[22.931863,37.559604],[22.93487,37.559483],[22.93635,37.560185],[22.936961,37.559933],[22.93734,37.533291],[22.93427,37.533049],[22.928261,37.535449],[22.925381,37.535907],[22.925039,37.5376],[22.922387,37.538231],[22.919859,37.538232],[22.919353,37.539369],[22.920112,37.54076],[22.924788,37.541139],[22.925674,37.541646],[22.92542,37.543918],[22.924662,37.543794],[22.922134,37.544173],[22.921375,37.545813],[22.920617,37.54531],[22.920238,37.543288],[22.919859,37.542277],[22.918468,37.540886],[22.916573,37.541139],[22.915561,37.540254],[22.914297,37.542782],[22.916572,37.545059],[22.914297,37.551377],[22.908735,37.555044],[22.900645,37.556308],[22.897358,37.554033],[22.88957,37.551942],[22.888421,37.557047]]],[[[22.809717,37.686803],[22.812032,37.690312],[22.812917,37.692293],[22.815455,37.693472],[22.819395,37.694963],[22.8207,37.697047],[22.822457,37.700454],[22.82444,37.701752],[22.82664,37.7005],[22.828694,37.699029],[22.830236,37.699446],[22.830154,37.701664],[22.830589,37.702322],[22.832545,37.702513],[22.836155,37.702016],[22.835778,37.70357],[22.836221,37.70456],[22.837647,37.705867],[22.838095,37.707079],[22.839374,37.708056],[22.842039,37.708679],[22.844411,37.708753],[22.845521,37.708514],[22.847607,37.708482],[22.847212,37.709263],[22.847972,37.711798],[22.849271,37.713551],[22.853477,37.714481],[22.860698,37.71326],[22.862036,37.711023],[22.863707,37.705348],[22.864931,37.70411],[22.866854,37.702971],[22.867063,37.700199],[22.866029,37.697889],[22.866506,37.694669],[22.868003,37.693205],[22.870753,37.691722],[22.873384,37.691015],[22.87436,37.691],[22.87594,37.687319],[22.875182,37.684893],[22.87626,37.683437],[22.878851,37.68118],[22.879211,37.678848],[22.878868,37.676306],[22.878113,37.673991],[22.878413,37.669334],[22.877667,37.667352],[22.876956,37.66681],[22.873619,37.667084],[22.871526,37.667007],[22.865211,37.665224],[22.863149,37.666364],[22.861109,37.66839],[22.858763,37.669313],[22.855716,37.670026],[22.854887,37.670372],[22.850458,37.671549],[22.848928,37.671684],[22.847387,37.671375],[22.845309,37.671851],[22.845508,37.674285],[22.845249,37.675064],[22.845839,37.676384],[22.855551,37.674682],[22.857106,37.675543],[22.857135,37.676647],[22.854766,37.676688],[22.852732,37.678935],[22.851366,37.680064],[22.851247,37.680953],[22.850147,37.681523],[22.845026,37.682933],[22.841969,37.68561],[22.842458,37.688961],[22.84179,37.692561],[22.840817,37.695634],[22.838027,37.697348],[22.836183,37.695444],[22.831694,37.692117],[22.829058,37.689715],[22.826927,37.688585],[22.82298,37.68792],[22.820854,37.687275],[22.819392,37.684725],[22.816971,37.683466],[22.816359,37.684818],[22.816637,37.68552],[22.816671,37.68617],[22.816443,37.687607],[22.81443,37.685734],[22.812466,37.68521],[22.809717,37.686803]]],[[[22.846517,37.725047],[22.846348,37.727905],[22.846469,37.729175],[22.848528,37.729044],[22.850242,37.729281],[22.849712,37.72817],[22.849821,37.726137],[22.848675,37.725076],[22.847227,37.724655],[22.846517,37.725047]]],[[[22.75242,37.739355],[22.752954,37.741],[22.756787,37.738714],[22.758185,37.735805],[22.760716,37.733878],[22.769458,37.731093],[22.760716,37.733876],[22.760198,37.732861],[22.763973,37.729106],[22.775966,37.726414],[22.77597,37.72562],[22.776766,37.724519],[22.778112,37.723409],[22.778067,37.721521],[22.774509,37.720012],[22.771893,37.719652],[22.769186,37.71911],[22.769933,37.71801],[22.771193,37.717119],[22.770706,37.715818],[22.772695,37.714917],[22.771958,37.710859],[22.770158,37.710605],[22.769535,37.710378],[22.769203,37.709865],[22.769582,37.709496],[22.771513,37.708968],[22.772905,37.708919],[22.773575,37.709599],[22.775505,37.710006],[22.777863,37.708931],[22.777784,37.709681],[22.778015,37.711712],[22.779103,37.711333],[22.780258,37.709862],[22.782791,37.708734],[22.785346,37.708623],[22.785375,37.709712],[22.785816,37.709828],[22.785349,37.708622],[22.785213,37.707634],[22.788553,37.705913],[22.79101,37.705367],[22.793348,37.703733],[22.795551,37.704062],[22.799561,37.703493],[22.80384,37.702701],[22.80837,37.70096],[22.810716,37.69969],[22.812751,37.700602],[22.815956,37.700771],[22.818424,37.700733],[22.820059,37.700272],[22.819177,37.697887],[22.817764,37.696165],[22.815661,37.696198],[22.814375,37.695927],[22.812695,37.694572],[22.810299,37.693809],[22.808809,37.69267],[22.807516,37.692109],[22.807308,37.691095],[22.806636,37.689797],[22.805884,37.688937],[22.80333,37.689194],[22.802505,37.689134],[22.802623,37.690222],[22.803369,37.690865],[22.802388,37.691896],[22.797044,37.690162],[22.795485,37.689967],[22.794028,37.690208],[22.793615,37.69203],[22.792264,37.692848],[22.791411,37.691627],[22.79129,37.690394],[22.792158,37.688492],[22.791583,37.687411],[22.788728,37.68651],[22.78811,37.685917],[22.787247,37.687111],[22.78687,37.688182],[22.786716,37.689345],[22.785987,37.68943],[22.785341,37.689222],[22.784589,37.688362],[22.783752,37.687793],[22.78323,37.688891],[22.783624,37.690048],[22.784099,37.690841],[22.783568,37.691574],[22.782302,37.691594],[22.783456,37.694334],[22.782587,37.69529],[22.778915,37.694952],[22.776809,37.695805],[22.771752,37.698365],[22.769614,37.700721],[22.768183,37.7015],[22.769355,37.705488],[22.768082,37.705978],[22.767287,37.705833],[22.766074,37.704829],[22.766119,37.702623],[22.764001,37.703131],[22.761834,37.704326],[22.761351,37.707094],[22.762659,37.708237],[22.765469,37.708616],[22.767725,37.707642],[22.768061,37.709285],[22.767399,37.710633],[22.76786,37.71338],[22.76462,37.714611],[22.761033,37.717971],[22.759802,37.718531],[22.760422,37.719542],[22.760581,37.720483],[22.759317,37.721157],[22.758022,37.722448],[22.7577,37.724305],[22.758473,37.728001],[22.757738,37.72979],[22.755579,37.730536],[22.755699,37.731276],[22.756409,37.731975],[22.756358,37.734022],[22.753966,37.737678],[22.75242,37.739355]]],[[[22.75839,37.740289],[22.758503,37.74509],[22.760749,37.747811],[22.76324,37.748325],[22.765339,37.749083],[22.76526,37.750028],[22.761433,37.7515],[22.76087,37.751314],[22.761431,37.751503],[22.761676,37.753465],[22.764092,37.755004],[22.765592,37.755532],[22.766822,37.757246],[22.770288,37.757036],[22.772831,37.755581],[22.773686,37.753994],[22.776139,37.752933],[22.779151,37.750369],[22.782495,37.745123],[22.78383,37.742898],[22.784837,37.740816],[22.782496,37.74511],[22.781937,37.741807],[22.778597,37.739822],[22.779167,37.736908],[22.778198,37.73467],[22.777294,37.733092],[22.777457,37.733704],[22.775772,37.733416],[22.77379,37.733446],[22.771885,37.73253],[22.769035,37.733596],[22.761159,37.735839],[22.759431,37.738227],[22.75839,37.740289]]],[[[22.757837,37.771393],[22.759143,37.772082],[22.760116,37.771203],[22.761825,37.772278],[22.764081,37.771221],[22.766082,37.771978],[22.767315,37.769598],[22.765977,37.767571],[22.763073,37.766355],[22.760896,37.766545],[22.75944,37.767905],[22.759494,37.770187],[22.757837,37.771393]]],[[[22.741352,37.766206],[22.746167,37.770271],[22.749465,37.771493],[22.74949,37.770651],[22.750757,37.769766],[22.756459,37.767634],[22.759006,37.766337],[22.759481,37.765385],[22.763322,37.764304],[22.76528,37.763252],[22.766435,37.761817],[22.765521,37.760886],[22.765201,37.759946],[22.763804,37.759574],[22.761632,37.759999],[22.760015,37.758686],[22.758403,37.757608],[22.756017,37.757328],[22.753245,37.757527],[22.752298,37.759431],[22.749861,37.761199],[22.746435,37.76306],[22.743898,37.764829],[22.741352,37.766206]]],[[[22.691215,37.763629],[22.692036,37.764877],[22.694165,37.766894],[22.696589,37.768827],[22.699783,37.769725],[22.703123,37.768339],[22.706346,37.766167],[22.706704,37.764508],[22.704473,37.762337],[22.703044,37.760547],[22.70249,37.758035],[22.700809,37.758294],[22.696046,37.75372],[22.693312,37.75557],[22.692156,37.757082],[22.691159,37.76119],[22.691215,37.763629]]],[[[22.676825,37.753247],[22.677442,37.754262],[22.678343,37.754642],[22.680701,37.753664],[22.68226,37.752461],[22.682156,37.752226],[22.680366,37.752016],[22.678584,37.75212],[22.676825,37.753247]]]]}},{"type":"Feature","properties":{"code":"FWT","name":"Clastic formations","unit":"Western Thessaly \u2013 Beotia Unit","age":"Upper Jurassic \u2013 Eocene","lith":"flysch","col":"#E1DDE7"},"geometry":{"type":"MultiPolygon","coordinates":[[[[22.932448,37.590194],[22.935742,37.590503],[22.936516,37.591273],[22.936549,37.588918],[22.935605,37.587808],[22.935191,37.585926],[22.935419,37.584178],[22.935365,37.582072],[22.934875,37.580772],[22.933217,37.580218],[22.932674,37.583932],[22.933059,37.588213],[22.932448,37.590194]]],[[[22.823626,37.617212],[22.824652,37.618068],[22.827409,37.618752],[22.833455,37.619457],[22.837857,37.620404],[22.837239,37.621069],[22.836057,37.621233],[22.834424,37.621694],[22.834896,37.622341],[22.836827,37.62282],[22.838936,37.62315],[22.840228,37.623927],[22.838603,37.624463],[22.839922,37.626114],[22.841842,37.626157],[22.844416,37.626843],[22.84637,37.628408],[22.844931,37.629232],[22.842823,37.628902],[22.840904,37.628859],[22.839346,37.628666],[22.839364,37.629392],[22.83984,37.630184],[22.841315,37.630742],[22.842248,37.631527],[22.842281,37.632834],[22.84338,37.632962],[22.844751,37.632942],[22.845308,37.633369],[22.844872,37.634174],[22.845245,37.634459],[22.845982,37.634738],[22.846958,37.633488],[22.847594,37.633406],[22.848161,37.634196],[22.847988,37.638267],[22.845379,37.639907],[22.843957,37.641527],[22.843719,37.642105],[22.844636,37.644014],[22.847738,37.64382],[22.850581,37.640507],[22.851859,37.640634],[22.851158,37.641732],[22.851176,37.642459],[22.852729,37.642434],[22.855,37.64189],[22.854677,37.639934],[22.855212,37.639492],[22.855877,37.640423],[22.85618,37.641581],[22.858021,37.642133],[22.861149,37.641593],[22.858848,37.640903],[22.857711,37.639322],[22.857855,37.637722],[22.860196,37.636305],[22.862679,37.636993],[22.863445,37.638433],[22.863147,37.641126],[22.867239,37.638065],[22.868337,37.638119],[22.869269,37.638831],[22.869908,37.638821],[22.870345,37.638014],[22.871148,37.637276],[22.872236,37.637042],[22.872164,37.637695],[22.871823,37.638645],[22.872389,37.639363],[22.873227,37.640003],[22.874207,37.638971],[22.875028,37.638958],[22.875589,37.639458],[22.875249,37.64048],[22.874633,37.641435],[22.873832,37.642246],[22.872747,37.642699],[22.872027,37.643147],[22.872951,37.643568],[22.875337,37.643966],[22.876983,37.644013],[22.884566,37.643964],[22.887858,37.644057],[22.892052,37.643699],[22.901959,37.645211],[22.909471,37.645961],[22.912488,37.645985],[22.923576,37.640137],[22.927787,37.636872],[22.930952,37.635658],[22.935508,37.635147],[22.935897,37.634688],[22.936065,37.622915],[22.933325,37.62145],[22.931577,37.62097],[22.929755,37.621145],[22.926488,37.621998],[22.9221,37.621851],[22.919159,37.621173],[22.917039,37.620408],[22.914993,37.618917],[22.91552,37.61818],[22.914855,37.617174],[22.913832,37.616463],[22.913252,37.615167],[22.9156,37.614111],[22.917256,37.614593],[22.917913,37.615308],[22.919055,37.617105],[22.919442,37.617971],[22.921561,37.618663],[22.924043,37.619277],[22.931458,37.619882],[22.936098,37.620617],[22.936135,37.618036],[22.932222,37.617617],[22.930188,37.616705],[22.928316,37.607873],[22.931173,37.605355],[22.932756,37.603004],[22.933788,37.600516],[22.935218,37.599331],[22.936405,37.599019],[22.936433,37.597098],[22.931777,37.598697],[22.930244,37.599448],[22.927728,37.601015],[22.925671,37.60272],[22.923104,37.605959],[22.921286,37.606206],[22.918056,37.604879],[22.916677,37.604538],[22.914026,37.604435],[22.912002,37.603887],[22.908886,37.603429],[22.904681,37.603279],[22.903019,37.602507],[22.903359,37.601632],[22.905734,37.601591],[22.912778,37.602058],[22.918624,37.602108],[22.920501,37.600553],[22.921956,37.600383],[22.92308,37.601382],[22.925602,37.600033],[22.929374,37.597573],[22.932727,37.596574],[22.936452,37.59571],[22.936492,37.592965],[22.932987,37.593382],[22.929336,37.593442],[22.923938,37.593021],[22.922039,37.593779],[22.921799,37.59509],[22.922006,37.596032],[22.923381,37.596227],[22.925566,37.595974],[22.927956,37.596662],[22.927618,37.597684],[22.924535,37.598461],[22.917947,37.597987],[22.90911,37.598711],[22.908454,37.598141],[22.90494,37.596382],[22.904819,37.595224],[22.907471,37.595396],[22.909771,37.596085],[22.911036,37.595556],[22.911446,37.593733],[22.909879,37.593177],[22.906403,37.592942],[22.902599,37.594166],[22.899596,37.594578],[22.896757,37.597891],[22.895546,37.596895],[22.894597,37.595458],[22.894159,37.592631],[22.892444,37.593385],[22.891601,37.59616],[22.893202,37.598096],[22.895888,37.599651],[22.895185,37.600679],[22.893915,37.600918],[22.89063,37.597483],[22.889241,37.596706],[22.889118,37.595473],[22.889435,37.593579],[22.888873,37.593006],[22.884707,37.594381],[22.882102,37.596094],[22.880447,37.599241],[22.878133,37.598046],[22.87769,37.598635],[22.876149,37.599022],[22.874719,37.60028],[22.874303,37.601885],[22.874168,37.603777],[22.875215,37.605504],[22.876696,37.606279],[22.886801,37.608589],[22.890146,37.607227],[22.892962,37.606674],[22.894084,37.607673],[22.894651,37.60839],[22.896764,37.608938],[22.896694,37.609739],[22.895278,37.611505],[22.895652,37.611862],[22.897828,37.611175],[22.898296,37.611675],[22.898322,37.61269],[22.897435,37.613722],[22.898718,37.613995],[22.897857,37.615968],[22.897784,37.616695],[22.896338,37.6173],[22.896276,37.618464],[22.897415,37.620189],[22.895907,37.621885],[22.896566,37.622673],[22.897588,37.623526],[22.896959,37.623757],[22.896793,37.624414],[22.897212,37.626514],[22.897502,37.627163],[22.898812,37.628377],[22.901272,37.62812],[22.90319,37.628089],[22.905393,37.628562],[22.906434,37.630066],[22.904155,37.630108],[22.902979,37.630563],[22.902544,37.631514],[22.90044,37.63133],[22.898144,37.630859],[22.89635,37.632189],[22.89272,37.615106],[22.890859,37.613755],[22.886164,37.612305],[22.882868,37.611994],[22.880686,37.612392],[22.878165,37.613813],[22.87699,37.61434],[22.876767,37.616378],[22.876019,37.619296],[22.875975,37.621186],[22.877182,37.621966],[22.879667,37.623017],[22.877591,37.623704],[22.874233,37.624483],[22.872918,37.623124],[22.873256,37.622029],[22.873383,37.619847],[22.873051,37.617527],[22.870679,37.617633],[22.870557,37.616404],[22.870796,37.61502],[22.871943,37.613403],[22.871019,37.612982],[22.867712,37.612235],[22.86646,37.613345],[22.865099,37.613656],[22.863165,37.613033],[22.85865,37.615065],[22.854366,37.611791],[22.851346,37.611548],[22.849337,37.61158],[22.848068,37.611963],[22.846812,37.612854],[22.846357,37.612862],[22.845236,37.611935],[22.844054,37.612171],[22.842008,37.614455],[22.831975,37.614975],[22.828138,37.614962],[22.827062,37.615778],[22.824335,37.616329],[22.823626,37.617212]]],[[[22.833526,37.592572],[22.834281,37.593577],[22.835201,37.593853],[22.837026,37.593825],[22.839318,37.594226],[22.839627,37.595601],[22.840196,37.596464],[22.840495,37.597477],[22.841234,37.597828],[22.842307,37.596867],[22.84412,37.596332],[22.845822,37.598701],[22.853465,37.597564],[22.855899,37.596291],[22.858614,37.595377],[22.859715,37.595649],[22.859924,37.596664],[22.857848,37.597568],[22.857115,37.60114],[22.857038,37.601722],[22.85836,37.603445],[22.860017,37.604001],[22.861816,37.602882],[22.863063,37.601627],[22.863859,37.600598],[22.863851,37.600163],[22.864671,37.600149],[22.866049,37.60049],[22.866757,37.599607],[22.867478,37.599307],[22.867954,37.600025],[22.867438,37.601268],[22.867193,37.602434],[22.867416,37.604029],[22.869347,37.60458],[22.870985,37.604336],[22.872402,37.598936],[22.87241,37.595594],[22.872202,37.59458],[22.872917,37.593987],[22.873819,37.593537],[22.875489,37.590968],[22.87685,37.590582],[22.879908,37.588717],[22.881902,37.588177],[22.884726,37.587914],[22.887088,37.58744],[22.889348,37.586532],[22.890602,37.585567],[22.890663,37.584332],[22.891558,37.583737],[22.894507,37.585381],[22.893455,37.58454],[22.895072,37.583499],[22.898069,37.584757],[22.900708,37.586312],[22.900685,37.587113],[22.901893,37.587929],[22.9041,37.588547],[22.909835,37.588981],[22.918626,37.588893],[22.918959,37.588986],[22.918151,37.588629],[22.91954,37.589149],[22.922028,37.589783],[22.929057,37.589741],[22.930474,37.58993],[22.930057,37.588662],[22.930386,37.587239],[22.930407,37.586294],[22.928368,37.585129],[22.926968,37.583953],[22.926476,37.58436],[22.926747,37.587771],[22.926679,37.588927],[22.92472,37.587077],[22.924399,37.58523],[22.924714,37.583299],[22.923374,37.582667],[22.921628,37.582223],[22.917478,37.582327],[22.916397,37.581182],[22.914712,37.581319],[22.91381,37.581769],[22.913933,37.583002],[22.915071,37.584655],[22.916902,37.586624],[22.917963,37.588552],[22.916133,37.587771],[22.913663,37.587665],[22.912832,37.587243],[22.91123,37.585308],[22.90893,37.584617],[22.908619,37.58317],[22.907677,37.581952],[22.909754,37.581117],[22.910365,37.580018],[22.909225,37.578292],[22.906724,37.576879],[22.904783,37.575966],[22.902463,37.574478],[22.900968,37.573121],[22.899128,37.572569],[22.897067,37.570496],[22.895786,37.570371],[22.894031,37.569527],[22.890409,37.567115],[22.888289,37.566277],[22.887097,37.567235],[22.887063,37.568331],[22.887639,37.569484],[22.893347,37.574988],[22.894309,37.576934],[22.894085,37.578899],[22.896955,37.580452],[22.899258,37.581287],[22.900574,37.583149],[22.897729,37.582183],[22.894774,37.58085],[22.893586,37.580797],[22.891956,37.581331],[22.891036,37.580984],[22.890732,37.579825],[22.892338,37.578419],[22.889754,37.577298],[22.884731,37.577233],[22.881638,37.577645],[22.880203,37.578686],[22.880853,37.579111],[22.881794,37.580259],[22.882144,37.583377],[22.879868,37.583559],[22.877018,37.582732],[22.875435,37.581522],[22.866748,37.584639],[22.866137,37.585739],[22.866898,37.587036],[22.866721,37.587256],[22.864996,37.587573],[22.864575,37.589033],[22.863692,37.590283],[22.862603,37.590517],[22.859645,37.588967],[22.859793,37.587656],[22.858428,37.587822],[22.855308,37.590923],[22.853666,37.590949],[22.851393,37.591348],[22.849231,37.592544],[22.8475,37.592499],[22.847461,37.591119],[22.846627,37.590623],[22.845084,37.591011],[22.843566,37.592415],[22.842964,37.59395],[22.841235,37.59405],[22.839731,37.592402],[22.838813,37.588493],[22.837345,37.588225],[22.836552,37.5894],[22.836675,37.590707],[22.835331,37.591744],[22.833526,37.592572]]],[[[22.88957,37.551942],[22.892933,37.552516],[22.895461,37.553527],[22.897357,37.554033],[22.900644,37.556308],[22.905195,37.555929],[22.908735,37.555044],[22.914297,37.551378],[22.915687,37.548597],[22.91594,37.546954],[22.916572,37.545058],[22.914298,37.542782],[22.915561,37.540254],[22.915055,37.538232],[22.915687,37.536967],[22.914911,37.535048],[22.910625,37.537441],[22.910766,37.540339],[22.911111,37.54135],[22.911628,37.541924],[22.911831,37.542756],[22.91282,37.543966],[22.913077,37.545088],[22.913121,37.546794],[22.913035,37.548794],[22.910682,37.551339],[22.908472,37.552355],[22.906774,37.551947],[22.903852,37.550265],[22.899652,37.550144],[22.895212,37.549117],[22.892553,37.546941],[22.891102,37.547558],[22.889713,37.550325],[22.88957,37.551942]]],[[[22.860061,37.579631],[22.860076,37.580212],[22.860999,37.580634],[22.862912,37.580458],[22.863891,37.579426],[22.864702,37.579124],[22.865102,37.580424],[22.865478,37.580854],[22.86594,37.581064],[22.867674,37.581037],[22.872859,37.576669],[22.876512,37.576683],[22.877594,37.576157],[22.878558,37.574543],[22.879684,37.572127],[22.88164,37.570061],[22.883547,37.566035],[22.884632,37.565581],[22.887735,37.565604],[22.888536,37.564793],[22.889319,37.563254],[22.889176,37.561222],[22.8886,37.560068],[22.887766,37.559573],[22.886572,37.559302],[22.886026,37.559308],[22.886061,37.55713],[22.884926,37.55555],[22.8838,37.554332],[22.881257,37.554809],[22.880509,37.557727],[22.880164,37.562165],[22.87635,37.566585],[22.876611,37.569705],[22.876896,37.570283],[22.875632,37.570738],[22.872975,37.570345],[22.870059,37.570536],[22.871005,37.571901],[22.870565,37.572489],[22.867109,37.573053],[22.865403,37.57417],[22.865882,37.575181],[22.864718,37.575998],[22.862999,37.576606],[22.860752,37.578022],[22.860061,37.579631]]],[[[22.850415,37.573534],[22.850993,37.57476],[22.856106,37.574753],[22.860793,37.572354],[22.866582,37.570228],[22.871005,37.568196],[22.872888,37.566858],[22.874293,37.564656],[22.877856,37.561112],[22.878903,37.559206],[22.878398,37.557252],[22.872911,37.556831],[22.869561,37.557901],[22.868548,37.561326],[22.866863,37.559542],[22.86548,37.558983],[22.863753,37.559006],[22.865074,37.557318],[22.866508,37.556278],[22.864937,37.555504],[22.862666,37.555903],[22.861499,37.556721],[22.861743,37.559187],[22.865496,37.563344],[22.862915,37.565926],[22.861141,37.567989],[22.858985,37.56933],[22.852682,37.569212],[22.851254,37.570542],[22.850843,37.572365],[22.850415,37.573534]]],[[[22.870502,37.543082],[22.870726,37.544749],[22.871678,37.546296],[22.873295,37.545254],[22.876035,37.545392],[22.87809,37.543651],[22.877827,37.542239],[22.876072,37.541395],[22.873916,37.54092],[22.871778,37.541209],[22.870502,37.543082]]],[[[22.825243,37.560965],[22.82538,37.562231],[22.826455,37.562806],[22.827652,37.564137],[22.825235,37.565021],[22.825383,37.566709],[22.825491,37.566787],[22.827654,37.564141],[22.829854,37.565236],[22.831555,37.563659],[22.834103,37.562567],[22.834347,37.561178],[22.8348,37.559786],[22.835092,37.557455],[22.836122,37.556941],[22.838422,37.557127],[22.839239,37.556394],[22.839351,37.555285],[22.839818,37.554446],[22.840979,37.553598],[22.842424,37.552966],[22.843817,37.553055],[22.844952,37.553868],[22.845812,37.554907],[22.849204,37.562663],[22.850302,37.565568],[22.851729,37.564386],[22.857079,37.555582],[22.855542,37.556188],[22.853117,37.557678],[22.852287,37.557401],[22.851716,37.556466],[22.851313,37.554876],[22.85406,37.554679],[22.849482,37.552827],[22.842782,37.549111],[22.841778,37.547852],[22.842703,37.5459],[22.844976,37.544978],[22.84851,37.544424],[22.851802,37.545369],[22.854704,37.547373],[22.857287,37.54772],[22.858444,37.548077],[22.858336,37.547425],[22.856844,37.546409],[22.856336,37.546558],[22.855254,37.546436],[22.854029,37.546096],[22.852442,37.545207],[22.851478,37.54417],[22.851825,37.542753],[22.854079,37.542495],[22.855888,37.542495],[22.858364,37.544172],[22.859618,37.545596],[22.860749,37.545352],[22.859974,37.543548],[22.858568,37.541684],[22.862043,37.542353],[22.862743,37.541106],[22.864997,37.540054],[22.867772,37.541572],[22.870273,37.539952],[22.870268,37.537544],[22.872613,37.534573],[22.872282,37.532301],[22.874034,37.529821],[22.873338,37.527432],[22.87311,37.527857],[22.872317,37.528163],[22.871908,37.528127],[22.870681,37.527687],[22.869361,37.527856],[22.8657,37.526088],[22.864579,37.525231],[22.861214,37.521216],[22.860877,37.520648],[22.860151,37.520258],[22.859304,37.518724],[22.858479,37.516346],[22.857603,37.515707],[22.856703,37.514537],[22.856831,37.514751],[22.855596,37.515982],[22.854603,37.517991],[22.853665,37.519446],[22.851059,37.520927],[22.850399,37.522378],[22.851742,37.523244],[22.852334,37.524673],[22.852439,37.526112],[22.854421,37.527522],[22.854446,37.528518],[22.85546,37.530163],[22.855156,37.531938],[22.853837,37.532016],[22.852494,37.531151],[22.851793,37.530941],[22.851175,37.531227],[22.849906,37.533352],[22.848951,37.534142],[22.848824,37.534643],[22.847947,37.535709],[22.846781,37.536392],[22.845671,37.536574],[22.844893,37.535978],[22.844164,37.534606],[22.844341,37.53333],[22.846257,37.53208],[22.84736,37.531675],[22.848374,37.530496],[22.848166,37.527674],[22.847734,37.527071],[22.847491,37.525691],[22.846349,37.52449],[22.844523,37.523799],[22.843271,37.523763],[22.8423,37.523889],[22.841003,37.527675],[22.839436,37.529029],[22.837485,37.531718],[22.837578,37.532658],[22.83884,37.533083],[22.839012,37.534409],[22.839313,37.535345],[22.840926,37.535874],[22.841552,37.535921],[22.841936,37.537354],[22.842649,37.538063],[22.843846,37.538654],[22.844211,37.539369],[22.843615,37.540595],[22.841879,37.540623],[22.840597,37.53948],[22.839609,37.538886],[22.837312,37.538811],[22.835647,37.539003],[22.834508,37.540793],[22.834193,37.542127],[22.834979,37.542946],[22.835952,37.542931],[22.837198,37.542634],[22.838104,37.542786],[22.838392,37.54317],[22.837994,37.543951],[22.837314,37.544571],[22.835761,37.546478],[22.832784,37.547078],[22.83283,37.548961],[22.833668,37.551939],[22.833923,37.553818],[22.834095,37.555145],[22.833983,37.556254],[22.829668,37.559035],[22.826218,37.560196],[22.825818,37.560922],[22.825243,37.560965]]],[[[22.809827,37.554245],[22.810071,37.555682],[22.811412,37.556492],[22.812817,37.55708],[22.813263,37.558236],[22.813278,37.558846],[22.811543,37.561862],[22.810544,37.563304],[22.811203,37.564224],[22.811669,37.565906],[22.813573,37.565709],[22.813807,37.56655],[22.81395,37.568069],[22.815938,37.568109],[22.81615,37.565337],[22.817517,37.56443],[22.821944,37.564988],[22.82246,37.564388],[22.823982,37.561492],[22.82413,37.55887],[22.822996,37.559332],[22.822224,37.559067],[22.821377,37.558526],[22.821486,37.557306],[22.821957,37.556634],[22.824567,37.555265],[22.826003,37.554246],[22.826115,37.553136],[22.825816,37.55231],[22.823544,37.550406],[22.823234,37.549081],[22.823694,37.547967],[22.825271,37.547056],[22.826839,37.545758],[22.827514,37.544917],[22.830101,37.542606],[22.830991,37.542038],[22.831416,37.539484],[22.830739,37.53739],[22.829591,37.535967],[22.827762,37.535109],[22.826907,37.534292],[22.826484,37.534077],[22.825682,37.535419],[22.825745,37.537965],[22.826752,37.539335],[22.827948,37.540038],[22.826449,37.541167],[22.825528,37.543341],[22.824446,37.544632],[22.821896,37.548438],[22.8215,37.549271],[22.819954,37.548689],[22.818051,37.547532],[22.817406,37.547639],[22.81681,37.547386],[22.815866,37.547949],[22.814283,37.548638],[22.813548,37.549868],[22.814614,37.550793],[22.816503,37.551263],[22.817698,37.551798],[22.818216,37.553063],[22.817955,37.553788],[22.816179,37.55453],[22.815646,37.555213],[22.815565,37.555597],[22.816566,37.556745],[22.816508,37.557186],[22.815318,37.556875],[22.814397,37.55617],[22.813891,37.555402],[22.812891,37.554365],[22.811769,37.553994],[22.810443,37.553793],[22.809827,37.554245]]]]}},{"type":"Feature","properties":{"code":"Sh","name":"Clastic formations","unit":"Eastern Greece Unit","age":"Upper Jurassic \u2013 Eocene","lith":"flysch","col":"#FEFDE6"},"geometry":{"type":"MultiPolygon","coordinates":[[[[22.852441,37.781513],[22.862549,37.785477],[22.87008,37.786468],[22.872017,37.787101],[22.873054,37.784486],[22.86929,37.784087],[22.870279,37.781909],[22.869486,37.779531],[22.868495,37.777549],[22.867806,37.776609],[22.867781,37.778922],[22.86726,37.780963],[22.860254,37.779719],[22.859522,37.77894],[22.859357,37.778038],[22.858784,37.777934],[22.8543,37.78083],[22.852441,37.781513]]],[[[22.802297,37.795386],[22.804577,37.796873],[22.807351,37.796873],[22.809432,37.793404],[22.806658,37.790828],[22.805072,37.791522],[22.804378,37.793702],[22.802297,37.795386]]],[[[22.770704,37.715819],[22.771193,37.717119],[22.773607,37.718609],[22.776201,37.720023],[22.778066,37.721521],[22.778111,37.723408],[22.776766,37.724519],[22.775969,37.725621],[22.775933,37.727745],[22.775643,37.72823],[22.775232,37.729623],[22.775999,37.7305],[22.777138,37.732529],[22.777294,37.733092],[22.778198,37.73467],[22.779166,37.736907],[22.778596,37.739823],[22.781937,37.741807],[22.782495,37.745123],[22.786195,37.738218],[22.78833,37.736296],[22.789378,37.734548],[22.790945,37.729644],[22.788755,37.728552],[22.789032,37.728982],[22.787114,37.728795],[22.785364,37.728313],[22.782792,37.727843],[22.780925,37.726198],[22.782534,37.724723],[22.783369,37.723697],[22.784802,37.721471],[22.78771,37.718751],[22.790059,37.717534],[22.794071,37.716506],[22.793902,37.714304],[22.796404,37.711942],[22.798024,37.710827],[22.798192,37.710171],[22.801185,37.709181],[22.803964,37.706886],[22.802022,37.705971],[22.800457,37.705559],[22.798971,37.704637],[22.79744,37.705605],[22.796542,37.706345],[22.795722,37.706429],[22.794875,37.705426],[22.793887,37.706168],[22.793196,37.707849],[22.793032,37.708651],[22.79123,37.709768],[22.790142,37.710148],[22.78694,37.710124],[22.785379,37.709713],[22.785349,37.708622],[22.782791,37.708734],[22.780257,37.709862],[22.779104,37.711332],[22.77802,37.71171],[22.777784,37.709681],[22.777868,37.708926],[22.775506,37.710006],[22.773575,37.709599],[22.771958,37.710859],[22.772695,37.714916],[22.770704,37.715819]]]]}},{"type":"Feature","properties":{"code":"st,m","name":"Sands and marls","unit":"East Corinth Basin","age":"Plio-Pleistocene","lith":"sandstone","col":"#8AAFBD"},"geometry":{"type":"MultiPolygon","coordinates":[[[[22.932898,37.783449],[22.931917,37.783948],[22.93374,37.785392],[22.933772,37.783163],[22.932898,37.783449]]],[[[22.903538,37.767138],[22.904217,37.767785],[22.909421,37.768315],[22.910479,37.768648],[22.912952,37.770361],[22.913653,37.771797],[22.914657,37.772175],[22.916008,37.773247],[22.915595,37.774307],[22.916317,37.774471],[22.920355,37.774712],[22.930153,37.775604],[22.930306,37.775119],[22.928679,37.774138],[22.925508,37.773182],[22.925103,37.772529],[22.925571,37.771427],[22.926546,37.770666],[22.927484,37.770651],[22.928706,37.770937],[22.93079,37.770377],[22.932022,37.76891],[22.933688,37.767174],[22.934004,37.766981],[22.934127,37.758451],[22.933901,37.758401],[22.933249,37.75666],[22.931849,37.755894],[22.930858,37.755998],[22.929951,37.757283],[22.926774,37.756065],[22.926071,37.756646],[22.926642,37.757338],[22.930275,37.759119],[22.930312,37.760478],[22.931933,37.761241],[22.93266,37.761797],[22.931073,37.762131],[22.927573,37.76346],[22.926381,37.764356],[22.924786,37.764558],[22.923144,37.765154],[22.921004,37.765671],[22.92009,37.766607],[22.921925,37.76719],[22.921776,37.76785],[22.918017,37.767605],[22.915603,37.766066],[22.903736,37.766259],[22.903538,37.767138]]],[[[22.917231,37.788484],[22.91802,37.789084],[22.920012,37.789227],[22.921228,37.787104],[22.921986,37.786521],[22.919833,37.786556],[22.917231,37.788484]]],[[[22.903517,37.77709],[22.904766,37.778428],[22.907396,37.779788],[22.907851,37.780263],[22.914615,37.781293],[22.917171,37.779717],[22.916815,37.778803],[22.915251,37.778083],[22.91303,37.777637],[22.909766,37.777427],[22.908333,37.777537],[22.907214,37.776986],[22.905328,37.776666],[22.903517,37.77709]]],[[[22.914085,37.792831],[22.91505,37.793867],[22.916065,37.792492],[22.915156,37.791542],[22.914278,37.791775],[22.914085,37.792831]]],[[[22.898058,37.790372],[22.898057,37.79252],[22.898967,37.793514],[22.901903,37.791713],[22.901963,37.789739],[22.898817,37.789834],[22.898058,37.790372]]],[[[22.881873,37.797567],[22.881406,37.801214],[22.887235,37.801269],[22.883162,37.798359],[22.881675,37.796873],[22.881873,37.797567]]],[[[22.81164,37.750878],[22.820307,37.753111],[22.828387,37.753863],[22.837232,37.754339],[22.844177,37.75388],[22.847143,37.753308],[22.848177,37.754869],[22.850939,37.754913],[22.854372,37.755298],[22.856356,37.755179],[22.858237,37.755325],[22.862696,37.757008],[22.86559,37.757926],[22.868136,37.758149],[22.870911,37.758719],[22.877143,37.760636],[22.881959,37.763277],[22.882842,37.763263],[22.881486,37.762057],[22.87928,37.757796],[22.877264,37.756688],[22.876444,37.754774],[22.877289,37.753269],[22.878796,37.751755],[22.88031,37.750503],[22.88216,37.749422],[22.879753,37.745953],[22.878063,37.744577],[22.877363,37.743098],[22.876113,37.741715],[22.874787,37.741649],[22.874262,37.742709],[22.872061,37.745199],[22.874189,37.746394],[22.874908,37.74866],[22.87396,37.750428],[22.87069,37.752147],[22.867843,37.753068],[22.866288,37.752743],[22.863278,37.751563],[22.859132,37.749174],[22.855673,37.747738],[22.852901,37.747255],[22.849823,37.747653],[22.850116,37.746247],[22.852345,37.74524],[22.850673,37.744222],[22.845998,37.742717],[22.842093,37.741025],[22.839506,37.739136],[22.83761,37.738376],[22.83637,37.737344],[22.832973,37.738361],[22.832114,37.739339],[22.829599,37.740254],[22.827927,37.739667],[22.825161,37.739447],[22.822092,37.740371],[22.818899,37.740683],[22.817129,37.740535],[22.816494,37.741685],[22.814426,37.747415],[22.813162,37.749889],[22.81164,37.750878]]],[[[22.855802,37.770574],[22.863323,37.770981],[22.864469,37.770437],[22.862557,37.768978],[22.863527,37.768085],[22.868439,37.768007],[22.871428,37.768267],[22.872973,37.768242],[22.874978,37.76672],[22.873692,37.766083],[22.870258,37.765655],[22.866062,37.765722],[22.859675,37.768628],[22.858926,37.769648],[22.85678,37.769901],[22.855802,37.770574]]],[[[22.860964,37.79172],[22.862252,37.795486],[22.864581,37.795832],[22.868495,37.795733],[22.870427,37.79613],[22.87127,37.794544],[22.869338,37.793504],[22.86904,37.791323],[22.86795,37.790481],[22.863094,37.791076],[22.860964,37.79172]]],[[[22.794568,37.797765],[22.793802,37.800349],[22.862834,37.801036],[22.855018,37.798557],[22.853234,37.795386],[22.848081,37.790035],[22.836585,37.787459],[22.828063,37.789242],[22.821325,37.791026],[22.814982,37.790828],[22.809432,37.793404],[22.807349,37.796873],[22.804577,37.796873],[22.802297,37.795386],[22.796351,37.795188],[22.794568,37.797765]]],[[[22.815724,37.768875],[22.817629,37.769986],[22.822718,37.770345],[22.825132,37.769694],[22.825654,37.768459],[22.825524,37.767671],[22.826054,37.766787],[22.826007,37.764859],[22.822842,37.766398],[22.820762,37.767132],[22.818229,37.767434],[22.815724,37.768875]]],[[[22.710368,37.789505],[22.722641,37.799599],[22.735417,37.799737],[22.735755,37.798954],[22.737338,37.798756],[22.740311,37.797765],[22.743483,37.795981],[22.746653,37.794991],[22.749033,37.796576],[22.750221,37.798161],[22.750695,37.7999],[22.752647,37.799921],[22.752104,37.795486],[22.752206,37.795215],[22.752055,37.793604],[22.754771,37.79294],[22.757208,37.791028],[22.75919,37.792215],[22.764739,37.791621],[22.76791,37.793602],[22.77009,37.796774],[22.769142,37.800094],[22.781345,37.800221],[22.77891,37.79836],[22.777921,37.796972],[22.779307,37.795981],[22.781685,37.795188],[22.782676,37.794197],[22.780298,37.792215],[22.77455,37.791224],[22.770784,37.78845],[22.764838,37.788251],[22.758298,37.788251],[22.75377,37.78718],[22.752698,37.787954],[22.749528,37.788053],[22.747446,37.788549],[22.743778,37.791621],[22.733969,37.791522],[22.722573,37.792413],[22.715399,37.792355],[22.710368,37.789505]]]]}},{"type":"Feature","properties":{"code":"c2","name":"Nemea \u2013 Krioneri Formation","unit":"West Corinth Basin","age":"Plio-Pleistocene","lith":"conglomerate","col":"#CC9BA3"},"geometry":{"type":"MultiPolygon","coordinates":[[[[22.676516,37.79909],[22.68793,37.799218],[22.690267,37.797765],[22.6976,37.792413],[22.698892,37.790134],[22.700871,37.790234],[22.704834,37.792414],[22.708599,37.795089],[22.708798,37.79608],[22.710285,37.798756],[22.711969,37.799152],[22.713951,37.798062],[22.714149,37.796774],[22.71078,37.795088],[22.710285,37.793008],[22.709889,37.788053],[22.712663,37.784684],[22.716123,37.783399],[22.715834,37.784882],[22.717421,37.784783],[22.721483,37.786765],[22.721978,37.78072],[22.719797,37.780918],[22.715041,37.779729],[22.709492,37.781711],[22.704537,37.781909],[22.699582,37.783891],[22.69146,37.784683],[22.690268,37.782106],[22.691852,37.78072],[22.695221,37.779531],[22.703744,37.777945],[22.707708,37.77636],[22.712267,37.772198],[22.717221,37.770216],[22.724354,37.769028],[22.724357,37.771008],[22.723564,37.772792],[22.724356,37.773387],[22.724593,37.774036],[22.725249,37.773387],[22.72723,37.773089],[22.73035,37.770697],[22.729146,37.770085],[22.726961,37.769959],[22.725617,37.767618],[22.724121,37.767246],[22.720664,37.767848],[22.714797,37.767146],[22.711998,37.766163],[22.710172,37.764379],[22.709095,37.768234],[22.704715,37.772881],[22.702262,37.774019],[22.700486,37.774439],[22.699406,37.774926],[22.696434,37.775048],[22.69406,37.775318],[22.692563,37.774946],[22.690746,37.773555],[22.688764,37.773584],[22.685623,37.775046],[22.684451,37.77585],[22.682973,37.776264],[22.681546,37.776102],[22.67996,37.779134],[22.677285,37.779828],[22.682636,37.783891],[22.68323,37.786566],[22.681052,37.788449],[22.680305,37.788493],[22.679762,37.791026],[22.678375,37.794792],[22.676516,37.79909]]],[[[22.64678,37.793422],[22.647555,37.794197],[22.650528,37.795188],[22.654096,37.795486],[22.656772,37.795089],[22.659149,37.794],[22.661133,37.79443],[22.660292,37.790591],[22.660029,37.791548],[22.65835,37.791728],[22.655562,37.791217],[22.655015,37.790892],[22.654133,37.791497],[22.64678,37.793422]]],[[[22.647032,37.798755],[22.658405,37.798885],[22.658405,37.798885],[22.65775,37.797889],[22.654381,37.797591],[22.647032,37.798755]]],[[[22.614495,37.798377],[22.624984,37.7985],[22.625001,37.798284],[22.627921,37.797493],[22.630363,37.798562],[22.643826,37.798718],[22.641599,37.79779],[22.642092,37.796502],[22.646478,37.793501],[22.639169,37.794965],[22.630251,37.795956],[22.627623,37.796063],[22.623383,37.797874],[22.620142,37.798236],[22.614495,37.798377]]],[[[22.596334,37.798062],[22.596469,37.798163],[22.606234,37.798279],[22.600224,37.796848],[22.597128,37.79659],[22.596334,37.798062]]]]}},{"type":"Feature","properties":{"code":"c1","name":"Aidonia Formation","unit":"West Corinth Basin","age":"Plio-Pleistocene","lith":"conglomerate","col":"#84A440"},"geometry":{"type":"MultiPolygon","coordinates":[[[[22.690267,37.782107],[22.691456,37.784684],[22.699582,37.783891],[22.704536,37.781909],[22.709492,37.781711],[22.715041,37.779729],[22.719798,37.780918],[22.721978,37.78072],[22.725149,37.775567],[22.724357,37.773387],[22.723565,37.772791],[22.724357,37.771008],[22.724357,37.769026],[22.717221,37.770216],[22.712267,37.772197],[22.707707,37.77636],[22.703744,37.777945],[22.695222,37.779531],[22.691852,37.78072],[22.690267,37.782107]]],[[[22.68793,37.799218],[22.693901,37.799284],[22.69542,37.797765],[22.6976,37.794792],[22.6976,37.792414],[22.690267,37.797765],[22.68793,37.799218]]],[[[22.669034,37.799006],[22.676516,37.79909],[22.678375,37.794792],[22.679762,37.791026],[22.680357,37.788251],[22.676393,37.787657],[22.670645,37.790233],[22.669654,37.790828],[22.670447,37.792216],[22.669258,37.794197],[22.670645,37.794793],[22.670645,37.796773],[22.669034,37.799006]]]]}},{"type":"Feature","properties":{"code":"c","name":"Conglomerates","unit":"East Corinth Basin","age":"Plio-Pleistocene","lith":"conglomerate","col":"#CDB3AC"},"geometry":{"type":"MultiPolygon","coordinates":[[[[22.880827,37.78191],[22.880486,37.793653],[22.88057,37.795767],[22.884051,37.79951],[22.88524,37.801123],[22.886442,37.801261],[22.910008,37.801482],[22.908297,37.799047],[22.904932,37.797897],[22.902216,37.796284],[22.899245,37.795436],[22.897531,37.795173],[22.894831,37.793229],[22.893845,37.79026],[22.892744,37.791748],[22.892132,37.795714],[22.890459,37.797095],[22.888445,37.796337],[22.885968,37.794117],[22.885785,37.792537],[22.88316,37.78998],[22.885985,37.789145],[22.887578,37.790249],[22.888041,37.793568],[22.890332,37.793059],[22.891231,37.788268],[22.89237,37.786353],[22.890417,37.786438],[22.887429,37.784373],[22.8849,37.783807],[22.883123,37.783085],[22.880827,37.78191]]],[[[22.752104,37.795486],[22.752302,37.797368],[22.753591,37.798359],[22.755969,37.798359],[22.758248,37.796377],[22.756266,37.794098],[22.754582,37.793404],[22.752699,37.7939],[22.752104,37.795486]]],[[[22.735417,37.799737],[22.750695,37.7999],[22.750695,37.7999],[22.750221,37.798161],[22.749032,37.796576],[22.746654,37.79499],[22.743483,37.795981],[22.740311,37.797765],[22.737338,37.798756],[22.735753,37.798954],[22.735417,37.799737]]],[[[22.709888,37.788053],[22.710002,37.789478],[22.71405,37.788053],[22.714447,37.786368],[22.715834,37.784882],[22.716131,37.783396],[22.712663,37.784684],[22.709888,37.788053]]]]}},{"type":"Feature","properties":{"code":"m","name":"Kastraki \u2013 Chalkion Formation","unit":"West Corinth Basin","age":"Plio-Pleistocene","lith":"marl","col":"#F3F04F"},"geometry":{"type":"MultiPolygon","coordinates":[[[[22.693901,37.799284],[22.70359,37.799391],[22.703298,37.797715],[22.701526,37.792968],[22.706568,37.796526],[22.709279,37.799453],[22.722641,37.799599],[22.710198,37.789409],[22.710002,37.789478],[22.710285,37.793008],[22.71078,37.795089],[22.714148,37.796773],[22.713949,37.798063],[22.711969,37.799152],[22.710286,37.798756],[22.708798,37.79608],[22.7086,37.795089],[22.704834,37.792414],[22.70087,37.790233],[22.698888,37.790134],[22.6976,37.792413],[22.6976,37.794792],[22.69542,37.797765],[22.693901,37.799284]]]]}}]}