{"type": "FeatureCollection", "features": [{"type": "Feature", "properties": {"elev": 35}, "geometry": {"type": "LineString", "coordinates": [[24.937501, 37.385798], [24.937526, 37.385807], [24.937502, 37.385851], [24.9375, 37.385852], [24.937445, 37.385859], [24.937435, 37.385853], [24.93742, 37.385808], [24.937445, 37.385801], [24.937501, 37.385798]]}}, {"type": "Feature", "properties": {"elev": 45}, "geometry": {"type": "LineString", "coordinates": [[24.937241, 37.386395], [24.937226, 37.386388], [24.937169, 37.386382], [24.937134, 37.386396], [24.937113, 37.386406], [24.937083, 37.386441], [24.937057, 37.386468], [24.93704, 37.386487], [24.937002, 37.386525], [24.936997, 37.386532], [24.936984, 37.386577], [24.936962, 37.386623], [24.936946, 37.386642], [24.93693, 37.386668], [24.936923, 37.386713], [24.936914, 37.386758], [24.936897, 37.386804], [24.936892, 37.386816], [24.936879, 37.386849], [24.936858, 37.386894], [24.936837, 37.386939], [24.936837, 37.38694], [24.936817, 37.386985], [24.936795, 37.38703], [24.936782, 37.387049], [24.936766, 37.387075], [24.936735, 37.38712], [24.936727, 37.387131], [24.936701, 37.387166], [24.936672, 37.387211], [24.936671, 37.387214], [24.936651, 37.387256], [24.936631, 37.387302], [24.936616, 37.387341], [24.936614, 37.387347], [24.936611, 37.387392], [24.93661, 37.387437], [24.936613, 37.387482], [24.936618, 37.387497], [24.936631, 37.387527], [24.936655, 37.387572], [24.936676, 37.387601], [24.936699, 37.387617], [24.936733, 37.387641], [24.936774, 37.387661], [24.93679, 37.38767], [24.936809, 37.387706], [24.93683, 37.387751], [24.936846, 37.387796], [24.936848, 37.387799], [24.936873, 37.387841], [24.936904, 37.387885], [24.936906, 37.387889], [24.936938, 37.38793], [24.936963, 37.387943], [24.936996, 37.387975], [24.93702, 37.387995], [24.937077, 37.388016], [24.937126, 37.388019], [24.937133, 37.388019], [24.937135, 37.388019], [24.937189, 37.388006], [24.937246, 37.387993], [24.937302, 37.387978], [24.937316, 37.387972], [24.937358, 37.387956], [24.937415, 37.387935], [24.937444, 37.387926], [24.937471, 37.38792], [24.937527, 37.387908], [24.937584, 37.387896], [24.93764, 37.387881], [24.937646, 37.38788], [24.937696, 37.387866], [24.937753, 37.387848], [24.937805, 37.387833], [24.937809, 37.387832], [24.937865, 37.387816], [24.937921, 37.3878], [24.937954, 37.387787], [24.937978, 37.387778], [24.938034, 37.387757], [24.938075, 37.387741], [24.93809, 37.387733], [24.938142, 37.387695], [24.938146, 37.387692], [24.938193, 37.38765], [24.938202, 37.387639], [24.938224, 37.387605], [24.938241, 37.387559], [24.938246, 37.387514], [24.938243, 37.387469], [24.938233, 37.387424], [24.938235, 37.387379], [24.938232, 37.387334], [24.938221, 37.387289], [24.938207, 37.387244], [24.938197, 37.387222], [24.938187, 37.387199], [24.938157, 37.387154], [24.938139, 37.387133], [24.938123, 37.387109], [24.938096, 37.387065], [24.938082, 37.387049], [24.938049, 37.38702], [24.938024, 37.387001], [24.937998, 37.386975], [24.937967, 37.386941], [24.937957, 37.38693], [24.937917, 37.386886], [24.93791, 37.38688], [24.937869, 37.386841], [24.937853, 37.386825], [24.937823, 37.386796], [24.937796, 37.38677], [24.937768, 37.386752], [24.937739, 37.386734], [24.93769, 37.386707], [24.937682, 37.386702], [24.937625, 37.386665], [24.937621, 37.386663], [24.937568, 37.386618], [24.937568, 37.386617], [24.937511, 37.386574], [24.937508, 37.386573], [24.937454, 37.38654], [24.937436, 37.386529], [24.937397, 37.386492], [24.937386, 37.386484], [24.93734, 37.38645], [24.937323, 37.386439], [24.937283, 37.386415], [24.937241, 37.386395]]}}, {"type": "Feature", "properties": {"elev": 30}, "geometry": {"type": "LineString", "coordinates": [[24.940182, 37.386462], [24.940165, 37.386451], [24.940115, 37.386462], [24.940108, 37.386465], [24.940052, 37.386477], [24.939996, 37.386486], [24.939939, 37.386501], [24.939917, 37.386509], [24.939884, 37.386554], [24.939915, 37.386599], [24.939941, 37.386629], [24.939964, 37.386644], [24.939998, 37.386663], [24.94003, 37.386689], [24.939998, 37.386716], [24.939991, 37.386734], [24.939999, 37.386748], [24.940012, 37.386779], [24.939999, 37.386785], [24.939951, 37.386824], [24.939943, 37.38683], [24.939894, 37.38687], [24.939887, 37.386882], [24.939866, 37.386915], [24.939832, 37.386948], [24.939818, 37.386961], [24.939829, 37.387006], [24.939776, 37.387041], [24.939772, 37.387051], [24.939777, 37.387061], [24.939785, 37.387051], [24.939833, 37.387007], [24.939834, 37.387006], [24.939889, 37.386964], [24.939895, 37.38696], [24.939907, 37.386915], [24.939944, 37.386895], [24.939983, 37.386869], [24.94, 37.386854], [24.94004, 37.386824], [24.940056, 37.386804], [24.9401, 37.386778], [24.940112, 37.386764], [24.940144, 37.386733], [24.940165, 37.386687], [24.940168, 37.386687], [24.940205, 37.386642], [24.940223, 37.386614], [24.940251, 37.386597], [24.940244, 37.386552], [24.940222, 37.386527], [24.940214, 37.386507], [24.940182, 37.386462]]}}, {"type": "Feature", "properties": {"elev": 30}, "geometry": {"type": "LineString", "coordinates": [[24.940363, 37.386551], [24.940335, 37.38654], [24.940293, 37.386551], [24.940336, 37.386585], [24.940363, 37.386551]]}}, {"type": "Feature", "properties": {"elev": 50}, "geometry": {"type": "LineString", "coordinates": [[24.937442, 37.386709], [24.937399, 37.386692], [24.937342, 37.386678], [24.937286, 37.386674], [24.937229, 37.386675], [24.937173, 37.386692], [24.937151, 37.386711], [24.937117, 37.386756], [24.937117, 37.386757], [24.937098, 37.386802], [24.937078, 37.386847], [24.937062, 37.38688], [24.937057, 37.386892], [24.937035, 37.386938], [24.937015, 37.386983], [24.937007, 37.386991], [24.936971, 37.387028], [24.936952, 37.387057], [24.936944, 37.387074], [24.936921, 37.387119], [24.936896, 37.387143], [24.936873, 37.387164], [24.93684, 37.3872], [24.93683, 37.38721], [24.936797, 37.387255], [24.936797, 37.3873], [24.936829, 37.387345], [24.936843, 37.387373], [24.936851, 37.38739], [24.936876, 37.387435], [24.9369, 37.387472], [24.936904, 37.38748], [24.936908, 37.387525], [24.936916, 37.38757], [24.936933, 37.387615], [24.936956, 37.38766], [24.936959, 37.387665], [24.936989, 37.387704], [24.937017, 37.387739], [24.937027, 37.387749], [24.937074, 37.387791], [24.93708, 37.387794], [24.937131, 37.387809], [24.937187, 37.387816], [24.937244, 37.387823], [24.9373, 37.387825], [24.937357, 37.387821], [24.937413, 37.38781], [24.937469, 37.387804], [24.937526, 37.387797], [24.937561, 37.38779], [24.937582, 37.387786], [24.937639, 37.387771], [24.937695, 37.387756], [24.937741, 37.387744], [24.937751, 37.387741], [24.937807, 37.387725], [24.937864, 37.38771], [24.937902, 37.387697], [24.93792, 37.387689], [24.937971, 37.387652], [24.937976, 37.387647], [24.93802, 37.387606], [24.938032, 37.38759], [24.938055, 37.387561], [24.938074, 37.387516], [24.938082, 37.38747], [24.938083, 37.387425], [24.938086, 37.387405], [24.93809, 37.38738], [24.938088, 37.387335], [24.938085, 37.387324], [24.938076, 37.38729], [24.938073, 37.387245], [24.938073, 37.3872], [24.938037, 37.387155], [24.938026, 37.387146], [24.937986, 37.38711], [24.937969, 37.387084], [24.937956, 37.387066], [24.937912, 37.387025], [24.937907, 37.387021], [24.937856, 37.386976], [24.937855, 37.386975], [24.937798, 37.386941], [24.937786, 37.386932], [24.937751, 37.386887], [24.93774, 37.386877], [24.937686, 37.386842], [24.937683, 37.386841], [24.937627, 37.386817], [24.937577, 37.386798], [24.93757, 37.386795], [24.937513, 37.386754], [24.937513, 37.386754], [24.937456, 37.386716], [24.937442, 37.386709]]}}, {"type": "Feature", "properties": {"elev": 55}, "geometry": {"type": "LineString", "coordinates": [[24.937366, 37.386935], [24.937346, 37.386927], [24.937289, 37.386926], [24.93726, 37.386936], [24.937233, 37.386944], [24.937197, 37.386981], [24.937177, 37.387016], [24.937169, 37.387027], [24.937121, 37.387051], [24.937092, 37.387072], [24.937065, 37.387097], [24.937044, 37.387118], [24.93701, 37.387163], [24.93701, 37.387165], [24.936988, 37.387209], [24.936983, 37.387254], [24.936981, 37.387299], [24.937003, 37.387344], [24.937012, 37.387363], [24.937024, 37.387389], [24.937042, 37.387434], [24.937066, 37.387478], [24.93707, 37.387487], [24.937091, 37.387523], [24.93712, 37.387568], [24.937128, 37.387577], [24.937181, 37.387613], [24.937185, 37.387615], [24.937241, 37.38764], [24.937295, 37.387657], [24.937298, 37.387658], [24.937355, 37.387669], [24.937411, 37.387672], [24.937468, 37.387675], [24.937524, 37.387674], [24.937581, 37.387668], [24.937637, 37.387657], [24.937694, 37.387654], [24.937694, 37.387654], [24.93775, 37.387642], [24.937806, 37.387623], [24.937835, 37.387608], [24.937862, 37.387589], [24.937891, 37.387562], [24.937918, 37.387521], [24.93792, 37.387517], [24.937936, 37.387472], [24.93794, 37.387426], [24.937934, 37.387381], [24.937916, 37.387337], [24.937915, 37.387336], [24.937881, 37.387292], [24.937858, 37.387272], [24.937829, 37.387247], [24.937801, 37.387229], [24.937759, 37.387202], [24.937744, 37.387179], [24.93772, 37.387158], [24.937687, 37.387123], [24.937678, 37.387113], [24.93763, 37.387074], [24.937623, 37.387068], [24.937573, 37.38704], [24.937541, 37.387024], [24.937516, 37.387008], [24.937459, 37.386979], [24.937459, 37.386979], [24.937402, 37.38695], [24.937366, 37.386935]]}}, {"type": "Feature", "properties": {"elev": 60}, "geometry": {"type": "LineString", "coordinates": [[24.937414, 37.38716], [24.937405, 37.387158], [24.937348, 37.387155], [24.937314, 37.387161], [24.937292, 37.387168], [24.937236, 37.387185], [24.937201, 37.387207], [24.937218, 37.387252], [24.937237, 37.387282], [24.937246, 37.387297], [24.937283, 37.387341], [24.937294, 37.38736], [24.937309, 37.387386], [24.937352, 37.387423], [24.937374, 37.387431], [24.937408, 37.387443], [24.937465, 37.387454], [24.937522, 37.387456], [24.937578, 37.387456], [24.937635, 37.387453], [24.937677, 37.387429], [24.937691, 37.387408], [24.937695, 37.387383], [24.93769, 37.387354], [24.937685, 37.387338], [24.937647, 37.387294], [24.937632, 37.387283], [24.937576, 37.38725], [24.937574, 37.387249], [24.937519, 37.387219], [24.937505, 37.387204], [24.937462, 37.387175], [24.937414, 37.38716]]}}, {"type": "Feature", "properties": {"elev": 25}, "geometry": {"type": "LineString", "coordinates": [[24.939385, 37.387387], [24.939395, 37.387415], [24.939386, 37.387452], [24.939353, 37.387415], [24.939385, 37.387387]]}}, {"type": "Feature", "properties": {"elev": 25}, "geometry": {"type": "LineString", "coordinates": [[24.939273, 37.387482], [24.939318, 37.387506], [24.939316, 37.387551], [24.939275, 37.387588], [24.939244, 37.387551], [24.939251, 37.387506], [24.939273, 37.387482]]}}, {"type": "Feature", "properties": {"elev": 5}, "geometry": {"type": "LineString", "coordinates": [[24.941096, 37.388483], [24.941094, 37.388483], [24.941037, 37.388482], [24.94103, 37.388484], [24.941038, 37.38849], [24.941094, 37.388484], [24.941096, 37.388483]]}}, {"type": "Feature", "properties": {"elev": 10}, "geometry": {"type": "LineString", "coordinates": [[24.93851, 37.389708], [24.938518, 37.389721], [24.93851, 37.389728], [24.938454, 37.389749], [24.938433, 37.389767], [24.938398, 37.389781], [24.938345, 37.389813], [24.938342, 37.389814], [24.938286, 37.389823], [24.938275, 37.389813], [24.938285, 37.389807], [24.938342, 37.389808], [24.938372, 37.389767], [24.938398, 37.389747], [24.938429, 37.389722], [24.938454, 37.389708], [24.93851, 37.389708]]}}, {"type": "Feature", "properties": {"elev": 10}, "geometry": {"type": "LineString", "coordinates": [[24.938117, 37.389892], [24.938151, 37.389904], [24.938117, 37.38992], [24.938097, 37.389905], [24.938117, 37.389892]]}}, {"type": "Feature", "properties": {"elev": 40}, "geometry": {"type": "LineString", "coordinates": [[24.937161, 37.384891], [24.937152, 37.384908], [24.937151, 37.384911], [24.937129, 37.384953], [24.937124, 37.384998], [24.937097, 37.385044], [24.937096, 37.385045], [24.937066, 37.385089], [24.937053, 37.385134], [24.937098, 37.385172], [24.937117, 37.385179], [24.937155, 37.385197], [24.937193, 37.385223], [24.937212, 37.385245], [24.937243, 37.385268], [24.937269, 37.385286], [24.937325, 37.385292], [24.937382, 37.385295], [24.937438, 37.385301], [24.937467, 37.385311], [24.937495, 37.385329], [24.937552, 37.385325], [24.937576, 37.38531], [24.937608, 37.385281], [24.937637, 37.385265], [24.937664, 37.385259], [24.93772, 37.385243], [24.937754, 37.385219], [24.937776, 37.385201], [24.937809, 37.385173], [24.937832, 37.385152], [24.937857, 37.385128], [24.937888, 37.385094], [24.9379, 37.385082], [24.937944, 37.385045], [24.937952, 37.385037], [24.937995, 37.384991], [24.937999, 37.384987], [24.938035, 37.384946], [24.938055, 37.384919], [24.938066, 37.384901], [24.938078, 37.384884]]}}, {"type": "Feature", "properties": {"elev": 90}, "geometry": {"type": "LineString", "coordinates": [[24.933874, 37.389427], [24.93393, 37.389406], [24.933951, 37.389397], [24.933986, 37.38938], [24.934042, 37.389354], [24.93405, 37.389351], [24.934098, 37.389331], [24.934155, 37.389313], [24.934181, 37.389305], [24.934211, 37.389292], [24.934267, 37.38926], [24.93427, 37.389259], [24.934323, 37.389225], [24.934348, 37.389213], [24.934379, 37.389173], [24.934382, 37.389168], [24.934379, 37.389162], [24.934335, 37.389123], [24.934322, 37.38912], [24.934265, 37.389112], [24.934208, 37.389097], [24.934152, 37.389081], [24.93414, 37.38908], [24.934095, 37.389075], [24.934039, 37.389067], [24.933982, 37.389058], [24.933925, 37.389053]]}}, {"type": "Feature", "properties": {"elev": 85}, "geometry": {"type": "LineString", "coordinates": [[24.933875, 37.389554], [24.933931, 37.389541], [24.933972, 37.389532], [24.933988, 37.389528], [24.934044, 37.389513], [24.9341, 37.389498], [24.934143, 37.389485], [24.934157, 37.38948], [24.934213, 37.389459], [24.934251, 37.389439], [24.934269, 37.389428], [24.934325, 37.389396], [24.93433, 37.389394], [24.934381, 37.389369], [24.93443, 37.389348], [24.934438, 37.389344], [24.934494, 37.389326], [24.93455, 37.389315], [24.934585, 37.389301], [24.934606, 37.389291], [24.934655, 37.389256], [24.934662, 37.389249], [24.934704, 37.38921], [24.934718, 37.389166], [24.934718, 37.389165], [24.93472, 37.38912], [24.934717, 37.389117], [24.934675, 37.389075], [24.93466, 37.389067], [24.934603, 37.389046], [24.934547, 37.389033], [24.934534, 37.389031], [24.93449, 37.389025], [24.934433, 37.389016], [24.934377, 37.389003], [24.93432, 37.388997], [24.934264, 37.38899], [24.934251, 37.388988], [24.934207, 37.388985], [24.934151, 37.388981], [24.934094, 37.388977], [24.934037, 37.388974], [24.933981, 37.388971], [24.933924, 37.38897]]}}, {"type": "Feature", "properties": {"elev": 80}, "geometry": {"type": "LineString", "coordinates": [[24.933877, 37.389677], [24.933914, 37.389667], [24.933933, 37.389663], [24.933989, 37.389649], [24.934046, 37.389633], [24.93408, 37.389621], [24.934102, 37.389615], [24.934158, 37.389599], [24.934214, 37.389583], [24.93425, 37.389575], [24.934271, 37.38957], [24.934327, 37.389556], [24.934383, 37.389537], [24.934431, 37.389528], [24.93444, 37.389526], [24.934496, 37.38951], [24.934552, 37.389502], [24.934603, 37.389482], [24.934609, 37.38948], [24.934665, 37.389445], [24.934683, 37.389436], [24.934721, 37.389419], [24.934777, 37.389397], [24.934794, 37.38939], [24.934833, 37.38937], [24.934881, 37.389344], [24.934889, 37.389339], [24.934935, 37.389299], [24.934945, 37.389275], [24.934953, 37.389253], [24.934959, 37.389208], [24.93496, 37.389163], [24.934947, 37.389118], [24.934943, 37.389115], [24.934901, 37.389074], [24.934886, 37.389064], [24.934829, 37.389029], [24.934829, 37.389029], [24.934772, 37.389002], [24.934734, 37.388985], [24.934715, 37.388978], [24.934659, 37.388961], [24.934602, 37.38895], [24.934552, 37.388941], [24.934546, 37.38894], [24.934489, 37.388932], [24.934432, 37.388924], [24.934376, 37.388919], [24.934319, 37.388913], [24.934263, 37.388908], [24.934206, 37.388902], [24.934172, 37.388899], [24.934149, 37.388896], [24.934093, 37.388891], [24.934036, 37.388887], [24.93398, 37.388884], [24.933923, 37.38888]]}}, {"type": "Feature", "properties": {"elev": 75}, "geometry": {"type": "LineString", "coordinates": [[24.933878, 37.389792], [24.933934, 37.389782], [24.933991, 37.38977], [24.934039, 37.389757], [24.934047, 37.389754], [24.934103, 37.389745], [24.93416, 37.389731], [24.934216, 37.389712], [24.934223, 37.38971], [24.934272, 37.389691], [24.934329, 37.389677], [24.934385, 37.389666], [24.9344, 37.389664], [24.934441, 37.389654], [24.934498, 37.389646], [24.934554, 37.389645], [24.934611, 37.389635], [24.934667, 37.389623], [24.934701, 37.389616], [24.934723, 37.389607], [24.934779, 37.389576], [24.934787, 37.38957], [24.934836, 37.389548], [24.934884, 37.389524], [24.934892, 37.389521], [24.934948, 37.389496], [24.934971, 37.389479], [24.935004, 37.389442], [24.935013, 37.389433], [24.935047, 37.389388], [24.935059, 37.389369], [24.93508, 37.389343], [24.935112, 37.389297], [24.935115, 37.389294], [24.935151, 37.389252], [24.935171, 37.389224], [24.935181, 37.389207], [24.935176, 37.389162], [24.93517, 37.389149], [24.935153, 37.389117], [24.935118, 37.389072], [24.935112, 37.389066], [24.935055, 37.389032], [24.935047, 37.389027], [24.934998, 37.389005], [24.93496, 37.388983], [24.934941, 37.388974], [24.934885, 37.388946], [24.934866, 37.388939], [24.934828, 37.388924], [24.934771, 37.388905], [24.93474, 37.388894], [24.934714, 37.388886], [24.934658, 37.388869], [24.934601, 37.388856], [24.934571, 37.388851], [24.934544, 37.388846], [24.934488, 37.388841], [24.934431, 37.388835], [24.934375, 37.388827], [24.934318, 37.388819], [24.934261, 37.388814], [24.934205, 37.388809], [24.934194, 37.388809], [24.934148, 37.388805], [24.934092, 37.388802], [24.934035, 37.388799], [24.933979, 37.388794], [24.933922, 37.388789]]}}, {"type": "Feature", "properties": {"elev": 70}, "geometry": {"type": "LineString", "coordinates": [[24.933879, 37.389884], [24.933936, 37.389874], [24.933992, 37.389863], [24.934048, 37.389851], [24.934058, 37.389847], [24.934105, 37.389828], [24.934161, 37.389811], [24.934202, 37.3898], [24.934217, 37.389797], [24.934273, 37.389785], [24.93433, 37.389768], [24.934378, 37.389754], [24.934386, 37.389752], [24.934442, 37.38974], [24.934499, 37.389728], [24.934555, 37.389719], [24.934612, 37.389713], [24.934641, 37.389707], [24.934668, 37.389702], [24.934724, 37.389694], [24.934781, 37.389687], [24.934837, 37.389676], [24.934894, 37.389664], [24.93495, 37.38966], [24.934953, 37.389659], [24.935006, 37.389638], [24.935057, 37.389613], [24.935062, 37.389609], [24.935113, 37.389568], [24.935118, 37.389563], [24.935168, 37.389522], [24.935174, 37.389517], [24.935218, 37.389477], [24.93523, 37.389464], [24.935262, 37.389431], [24.935286, 37.389403], [24.935302, 37.389386], [24.935332, 37.389341], [24.935341, 37.389317], [24.935351, 37.389295], [24.93536, 37.38925], [24.935356, 37.389205], [24.935363, 37.38916], [24.935364, 37.389115], [24.935338, 37.389078], [24.935333, 37.38907], [24.935295, 37.389025], [24.935281, 37.389011], [24.935239, 37.388981], [24.935224, 37.388974], [24.935167, 37.388946], [24.935143, 37.388936], [24.93511, 37.388923], [24.935053, 37.388892], [24.935053, 37.388892], [24.934997, 37.388873], [24.93494, 37.388858], [24.934905, 37.388848], [24.934883, 37.388843], [24.934827, 37.388828], [24.93477, 37.388814], [24.934736, 37.388804], [24.934713, 37.388798], [24.934657, 37.388784], [24.9346, 37.388775], [24.934543, 37.388767], [24.934487, 37.388761], [24.934487, 37.388761], [24.93443, 37.388754], [24.934374, 37.388745], [24.934317, 37.388738], [24.93426, 37.388733], [24.934204, 37.388729], [24.934147, 37.388725], [24.934091, 37.38872], [24.934082, 37.388719], [24.934034, 37.388717], [24.933978, 37.388713], [24.933921, 37.388705]]}}, {"type": "Feature", "properties": {"elev": 65}, "geometry": {"type": "LineString", "coordinates": [[24.93388, 37.390028], [24.933881, 37.390028], [24.933937, 37.390017], [24.933994, 37.390007], [24.93405, 37.389984], [24.934057, 37.389982], [24.934106, 37.389956], [24.934162, 37.38994], [24.93418, 37.389936], [24.934219, 37.389926], [24.934275, 37.389911], [24.934331, 37.389897], [24.93435, 37.389889], [24.934388, 37.389868], [24.934425, 37.389844], [24.934444, 37.389837], [24.9345, 37.389828], [24.934556, 37.389816], [24.934606, 37.389797], [24.934613, 37.389796], [24.934669, 37.389783], [24.934725, 37.389773], [24.934782, 37.389762], [24.934838, 37.389754], [24.934876, 37.38975], [24.934895, 37.389748], [24.934951, 37.389742], [24.935007, 37.389741], [24.935064, 37.389734], [24.93512, 37.389728], [24.935177, 37.389716], [24.93521, 37.389702], [24.935233, 37.389692], [24.935289, 37.389657], [24.93529, 37.389657], [24.935345, 37.389617], [24.935354, 37.389611], [24.935401, 37.389575], [24.935414, 37.389565], [24.935457, 37.389529], [24.935467, 37.38952], [24.935513, 37.389485], [24.935523, 37.389474], [24.935557, 37.389429], [24.935568, 37.389409], [24.935583, 37.389384], [24.935604, 37.389338], [24.935623, 37.389293], [24.935623, 37.38929], [24.935636, 37.389248], [24.935651, 37.389203], [24.935659, 37.389158], [24.935672, 37.389112], [24.935655, 37.389068], [24.93562, 37.389039], [24.9356, 37.389023], [24.935563, 37.389005], [24.935507, 37.388982], [24.9355, 37.388979], [24.93545, 37.388957], [24.935409, 37.388934], [24.935393, 37.388927], [24.935336, 37.388899], [24.935314, 37.38889], [24.935279, 37.388877], [24.935222, 37.388857], [24.935191, 37.388846], [24.935166, 37.388837], [24.935109, 37.388815], [24.935077, 37.388802], [24.935052, 37.388793], [24.934996, 37.388782], [24.934939, 37.388768], [24.934899, 37.388758], [24.934882, 37.388754], [24.934826, 37.388738], [24.934769, 37.388725], [24.934719, 37.388714], [24.934712, 37.388713], [24.934656, 37.3887], [24.934599, 37.388691], [24.934542, 37.388683], [24.934486, 37.388673], [24.934476, 37.388671], [24.934429, 37.388663], [24.934372, 37.388657], [24.934316, 37.38865], [24.934259, 37.388646], [24.934203, 37.388641], [24.934146, 37.388635], [24.93409, 37.388631], [24.934075, 37.388629], [24.934033, 37.388623], [24.933976, 37.388613], [24.93392, 37.388602]]}}, {"type": "Feature", "properties": {"elev": 60}, "geometry": {"type": "LineString", "coordinates": [[24.933883, 37.390153], [24.933939, 37.390138], [24.933995, 37.390119], [24.933998, 37.390118], [24.934051, 37.390087], [24.934075, 37.390072], [24.934107, 37.390057], [24.934164, 37.390045], [24.93422, 37.390032], [24.934267, 37.390025], [24.934276, 37.390024], [24.934333, 37.390019], [24.934389, 37.390012], [24.934446, 37.390003], [24.934502, 37.389992], [24.934538, 37.389978], [24.934558, 37.389972], [24.934615, 37.38996], [24.934671, 37.389946], [24.934727, 37.389935], [24.93474, 37.389931], [24.934784, 37.389909], [24.93484, 37.389897], [24.934884, 37.389885], [24.934896, 37.389881], [24.934953, 37.389871], [24.935009, 37.389854], [24.935065, 37.389855], [24.935122, 37.389863], [24.935178, 37.38985], [24.935209, 37.389837], [24.935235, 37.389828], [24.935291, 37.389799], [24.935302, 37.389792], [24.935347, 37.389766], [24.93538, 37.389746], [24.935403, 37.389731], [24.935445, 37.3897], [24.935459, 37.389691], [24.935504, 37.389655], [24.935515, 37.389646], [24.935556, 37.389609], [24.935571, 37.389596], [24.935608, 37.389564], [24.935627, 37.389544], [24.935649, 37.389518], [24.935682, 37.389481], [24.935689, 37.389473], [24.935726, 37.389428], [24.935738, 37.389414], [24.935764, 37.389382], [24.935793, 37.389338], [24.935794, 37.389337], [24.935825, 37.389292], [24.935849, 37.389255], [24.935855, 37.389246], [24.935889, 37.389201], [24.935905, 37.389178], [24.935923, 37.389156], [24.93596, 37.389116], [24.935965, 37.38911], [24.936013, 37.389065], [24.936016, 37.389062], [24.936066, 37.389019], [24.936072, 37.389011], [24.936098, 37.388974], [24.936128, 37.388942], [24.936144, 37.388928], [24.936184, 37.388898], [24.936204, 37.388883], [24.93624, 37.388858], [24.936282, 37.388837], [24.936296, 37.388832], [24.936352, 37.388826], [24.936408, 37.388804], [24.936433, 37.388791], [24.936464, 37.388772], [24.9365, 37.388745], [24.936504, 37.3887], [24.936482, 37.388655], [24.936463, 37.388645], [24.936406, 37.388628], [24.936365, 37.388611], [24.936349, 37.388606], [24.936293, 37.388596], [24.936236, 37.388595], [24.93618, 37.388603], [24.936123, 37.388609], [24.936113, 37.388613], [24.936067, 37.388634], [24.936024, 37.388659], [24.936011, 37.388665], [24.935955, 37.388705], [24.935955, 37.388705], [24.935899, 37.38874], [24.935882, 37.38875], [24.935843, 37.388773], [24.935795, 37.388796], [24.935787, 37.3888], [24.93573, 37.388809], [24.935674, 37.388812], [24.935617, 37.388805], [24.935561, 37.388798], [24.935547, 37.388798], [24.935504, 37.388796], [24.935448, 37.388793], [24.935391, 37.388779], [24.935334, 37.388758], [24.935312, 37.388755], [24.935278, 37.388751], [24.935221, 37.388742], [24.935164, 37.388726], [24.935108, 37.388712], [24.935105, 37.388711], [24.935051, 37.3887], [24.934994, 37.388686], [24.934938, 37.388669], [24.934933, 37.388668], [24.934881, 37.388651], [24.934824, 37.388633], [24.934787, 37.388624], [24.934768, 37.388618], [24.934711, 37.388608], [24.934654, 37.388598], [24.934598, 37.388589], [24.934547, 37.38858], [24.934541, 37.388579], [24.934484, 37.388567], [24.934428, 37.388555], [24.934371, 37.388543], [24.934324, 37.388537], [24.934314, 37.388536], [24.934258, 37.38853], [24.934201, 37.388526], [24.934145, 37.388522], [24.934088, 37.388515], [24.934032, 37.388505], [24.933975, 37.388496], [24.933962, 37.388495], [24.933918, 37.388491]]}}, {"type": "Feature", "properties": {"elev": 55}, "geometry": {"type": "LineString", "coordinates": [[24.933884, 37.390234], [24.93394, 37.390219], [24.933962, 37.390208], [24.933996, 37.390192], [24.934052, 37.390177], [24.934083, 37.390162], [24.934109, 37.390151], [24.934165, 37.390124], [24.93419, 37.390116], [24.934221, 37.390108], [24.934277, 37.390105], [24.934334, 37.390097], [24.93439, 37.390091], [24.934447, 37.390087], [24.934503, 37.390085], [24.93456, 37.390085], [24.934616, 37.39007], [24.934673, 37.390075], [24.934729, 37.390072], [24.934786, 37.390067], [24.934793, 37.390066], [24.934842, 37.390054], [24.934898, 37.390038], [24.934954, 37.390024], [24.935011, 37.390026], [24.935067, 37.390024], [24.935122, 37.390019], [24.935124, 37.390018], [24.93518, 37.390001], [24.935236, 37.389973], [24.935237, 37.389973], [24.935292, 37.389942], [24.935316, 37.389927], [24.935349, 37.389906], [24.935389, 37.389881], [24.935405, 37.389872], [24.935461, 37.389836], [24.935461, 37.389835], [24.935517, 37.389793], [24.935521, 37.38979], [24.935573, 37.389748], [24.935577, 37.389744], [24.935629, 37.389703], [24.935634, 37.389699], [24.935684, 37.389657], [24.935689, 37.389653], [24.93574, 37.389609], [24.935742, 37.389608], [24.935794, 37.389562], [24.935796, 37.38956], [24.935843, 37.389517], [24.935852, 37.389507], [24.935892, 37.389471], [24.935908, 37.389457], [24.935943, 37.389426], [24.935964, 37.389405], [24.935988, 37.38938], [24.93602, 37.389344], [24.936028, 37.389335], [24.936065, 37.38929], [24.936075, 37.389277], [24.936108, 37.389244], [24.936131, 37.389221], [24.936157, 37.389199], [24.936187, 37.389176], [24.936219, 37.389153], [24.936243, 37.389138], [24.936289, 37.389108], [24.936299, 37.389101], [24.936355, 37.389068], [24.936369, 37.389062], [24.936411, 37.389047], [24.936468, 37.389028], [24.936505, 37.389016], [24.936524, 37.389009], [24.93658, 37.38899], [24.936613, 37.38897], [24.936636, 37.388949], [24.936661, 37.388924], [24.936692, 37.388901], [24.936722, 37.388879], [24.936748, 37.388861], [24.936776, 37.388833], [24.936781, 37.388788], [24.936762, 37.388743], [24.936746, 37.388726], [24.93672, 37.388698], [24.936689, 37.388674], [24.93667, 37.388654], [24.936663, 37.388609], [24.936632, 37.388573], [24.9366, 37.388564], [24.936575, 37.388553], [24.936521, 37.38852], [24.936518, 37.388515], [24.936489, 37.388475], [24.936461, 37.388461], [24.936404, 37.388452], [24.936347, 37.38845], [24.936291, 37.388451], [24.936234, 37.38845], [24.936178, 37.388454], [24.936122, 37.388457], [24.936065, 37.388462], [24.936009, 37.388474], [24.935987, 37.388479], [24.935952, 37.388486], [24.935896, 37.388498], [24.93584, 37.388516], [24.935818, 37.388525], [24.935784, 37.388542], [24.935727, 37.388562], [24.935704, 37.388571], [24.935671, 37.388584], [24.935615, 37.388599], [24.935558, 37.388605], [24.935502, 37.38861], [24.935446, 37.388616], [24.935389, 37.388614], [24.935332, 37.388612], [24.935276, 37.388607], [24.935219, 37.388593], [24.935163, 37.388588], [24.935112, 37.388576], [24.935106, 37.388575], [24.935049, 37.388568], [24.934993, 37.38856], [24.934936, 37.388547], [24.934884, 37.388533], [24.934879, 37.388531], [24.934823, 37.388514], [24.934766, 37.388502], [24.93472, 37.388489], [24.934709, 37.388486], [24.934653, 37.388475], [24.934596, 37.388467], [24.93454, 37.388461], [24.934483, 37.388452], [24.934443, 37.388446], [24.934426, 37.388444], [24.93437, 37.388436], [24.934313, 37.388427], [24.934257, 37.388422], [24.9342, 37.388417], [24.934143, 37.388411], [24.934095, 37.388404], [24.934087, 37.388402], [24.93403, 37.388393], [24.933974, 37.388385], [24.933917, 37.388377]]}}, {"type": "Feature", "properties": {"elev": 50}, "geometry": {"type": "LineString", "coordinates": [[24.933885, 37.390365], [24.933942, 37.390352], [24.933998, 37.390367], [24.934055, 37.390364], [24.934111, 37.390359], [24.934168, 37.390354], [24.934218, 37.390341], [24.934224, 37.390339], [24.93428, 37.390329], [24.934337, 37.390319], [24.934393, 37.390312], [24.934449, 37.390307], [24.934503, 37.390294], [24.934506, 37.390293], [24.934541, 37.390294], [24.934562, 37.390294], [24.934564, 37.390293], [24.934619, 37.390282], [24.934675, 37.390263], [24.93472, 37.390247], [24.934731, 37.39024], [24.934786, 37.390202], [24.934787, 37.390201], [24.934843, 37.390186], [24.9349, 37.390174], [24.934956, 37.390162], [24.935012, 37.390155], [24.935013, 37.390155], [24.935069, 37.390146], [24.935125, 37.390136], [24.935182, 37.390127], [24.935238, 37.390113], [24.935252, 37.390108], [24.935294, 37.39009], [24.93535, 37.390063], [24.935352, 37.390062], [24.935407, 37.390025], [24.93542, 37.390016], [24.935463, 37.389989], [24.935492, 37.389971], [24.935519, 37.389954], [24.935562, 37.389925], [24.935575, 37.389916], [24.935624, 37.389879], [24.935631, 37.389874], [24.935676, 37.389834], [24.935687, 37.389825], [24.935736, 37.389788], [24.935743, 37.389783], [24.935799, 37.389747], [24.935807, 37.389743], [24.935855, 37.389711], [24.935875, 37.389697], [24.935911, 37.389669], [24.935931, 37.389651], [24.935967, 37.389622], [24.935985, 37.389606], [24.936022, 37.389574], [24.936038, 37.38956], [24.936078, 37.389527], [24.936093, 37.389515], [24.936134, 37.389478], [24.936143, 37.389469], [24.936185, 37.389424], [24.93619, 37.389419], [24.936224, 37.389379], [24.936246, 37.389358], [24.936274, 37.389333], [24.936302, 37.389312], [24.936336, 37.389288], [24.936358, 37.389268], [24.936402, 37.389242], [24.936414, 37.389236], [24.93647, 37.389205], [24.936483, 37.389196], [24.936526, 37.389169], [24.93656, 37.389151], [24.936582, 37.389142], [24.936638, 37.389126], [24.936695, 37.389108], [24.93671, 37.389104], [24.936751, 37.389085], [24.936782, 37.389059], [24.936807, 37.389044], [24.936863, 37.389013], [24.936863, 37.389013], [24.936916, 37.388967], [24.936919, 37.388964], [24.936954, 37.388922], [24.936974, 37.388886], [24.936979, 37.388877], [24.936985, 37.388832], [24.936973, 37.388799], [24.936968, 37.388787], [24.936941, 37.388742], [24.936916, 37.388701], [24.936913, 37.388697], [24.936887, 37.388652], [24.936873, 37.388607], [24.936858, 37.388582], [24.936842, 37.388562], [24.936813, 37.388517], [24.9368, 37.388505], [24.936777, 37.388473], [24.936745, 37.388428], [24.936743, 37.388424], [24.936707, 37.388383], [24.936685, 37.388347], [24.93668, 37.388338], [24.936628, 37.388299], [24.936607, 37.388294], [24.936571, 37.388285], [24.936515, 37.388282], [24.936458, 37.388284], [24.936402, 37.388289], [24.936346, 37.388292], [24.936289, 37.388291], [24.936232, 37.38829], [24.936188, 37.388297], [24.936176, 37.388299], [24.93612, 37.388312], [24.936063, 37.388325], [24.936007, 37.388335], [24.935976, 37.388344], [24.935951, 37.388351], [24.935894, 37.38836], [24.935838, 37.388379], [24.935782, 37.38839], [24.935777, 37.38839], [24.935725, 37.388397], [24.935669, 37.388404], [24.935613, 37.388417], [24.935563, 37.388437], [24.935556, 37.38844], [24.9355, 37.388461], [24.935444, 37.388471], [24.935387, 37.388468], [24.935331, 37.388459], [24.935287, 37.388439], [24.935274, 37.388435], [24.935217, 37.388432], [24.935161, 37.388434], [24.935104, 37.388435], [24.935048, 37.388431], [24.934991, 37.388425], [24.934934, 37.388415], [24.934878, 37.388404], [24.93483, 37.388398], [24.934821, 37.388397], [24.934765, 37.388387], [24.934708, 37.388373], [24.934651, 37.388362], [24.934595, 37.388358], [24.934566, 37.388355], [24.934538, 37.388352], [24.934482, 37.388347], [24.934425, 37.388339], [24.934368, 37.38833], [24.934312, 37.388322], [24.934255, 37.388312], [24.934255, 37.388312], [24.934199, 37.388305], [24.934142, 37.3883], [24.934085, 37.388293], [24.934029, 37.388286], [24.933972, 37.388279], [24.933916, 37.388271], [24.93391, 37.38827]]}}, {"type": "Feature", "properties": {"elev": 45}, "geometry": {"type": "LineString", "coordinates": [[24.933887, 37.390504], [24.933943, 37.390495], [24.934, 37.390488], [24.934056, 37.390493], [24.934113, 37.390499], [24.934169, 37.390498], [24.934226, 37.390498], [24.934282, 37.390499], [24.934339, 37.390484], [24.934357, 37.390475], [24.934395, 37.390465], [24.934451, 37.390449], [24.934508, 37.390435], [24.93453, 37.390429], [24.934564, 37.390422], [24.93462, 37.390409], [24.934677, 37.390399], [24.934733, 37.39039], [24.934789, 37.390383], [24.934794, 37.390382], [24.934846, 37.39037], [24.934902, 37.390352], [24.934955, 37.390335], [24.934958, 37.390334], [24.935015, 37.39031], [24.935068, 37.390289], [24.935071, 37.390289], [24.935127, 37.390274], [24.935183, 37.390255], [24.935225, 37.390243], [24.93524, 37.390239], [24.935296, 37.390225], [24.935352, 37.390207], [24.935382, 37.390197], [24.935409, 37.390186], [24.935465, 37.390163], [24.935486, 37.390151], [24.935521, 37.390122], [24.935543, 37.390105], [24.935577, 37.390082], [24.935612, 37.39006], [24.935633, 37.390047], [24.935677, 37.390014], [24.935689, 37.390006], [24.935737, 37.389969], [24.935745, 37.389963], [24.935801, 37.389923], [24.935801, 37.389923], [24.935857, 37.389886], [24.935871, 37.389877], [24.935913, 37.389853], [24.935945, 37.389832], [24.935969, 37.389816], [24.936009, 37.389786], [24.936025, 37.389774], [24.936065, 37.389741], [24.936081, 37.389726], [24.936114, 37.389695], [24.936137, 37.389674], [24.936166, 37.38965], [24.936193, 37.389627], [24.93622, 37.389604], [24.936249, 37.38958], [24.936274, 37.389559], [24.936304, 37.38953], [24.936323, 37.389513], [24.93636, 37.389475], [24.936366, 37.389468], [24.936405, 37.389422], [24.936416, 37.389409], [24.93644, 37.389377], [24.936472, 37.389349], [24.936496, 37.389331], [24.936528, 37.389313], [24.936566, 37.389286], [24.936584, 37.389272], [24.93664, 37.389241], [24.936644, 37.38924], [24.936696, 37.389227], [24.936752, 37.389214], [24.936809, 37.389206], [24.936865, 37.389194], [24.93687, 37.389193], [24.936921, 37.389173], [24.936945, 37.389148], [24.93697, 37.389102], [24.936977, 37.389097], [24.937021, 37.389057], [24.937033, 37.389046], [24.937059, 37.389011], [24.937085, 37.388966], [24.937088, 37.388961], [24.937109, 37.388921], [24.937118, 37.388876], [24.937114, 37.388831], [24.937105, 37.388786], [24.937087, 37.388741], [24.937086, 37.388737], [24.937067, 37.388696], [24.937042, 37.388651], [24.937028, 37.388625], [24.937017, 37.388606], [24.936995, 37.388561], [24.936978, 37.388516], [24.936969, 37.388484], [24.936966, 37.388471], [24.936945, 37.388426], [24.936921, 37.388381], [24.936913, 37.388336], [24.936911, 37.388291], [24.93691, 37.388287], [24.936903, 37.388246], [24.936903, 37.388201], [24.936877, 37.388156], [24.936852, 37.388129], [24.936826, 37.388112], [24.936795, 37.388094], [24.936738, 37.388071], [24.936706, 37.388067], [24.936682, 37.388065], [24.936674, 37.388068], [24.936625, 37.38808], [24.936569, 37.388097], [24.936513, 37.388106], [24.936456, 37.38811], [24.936438, 37.388115], [24.9364, 37.388122], [24.936344, 37.388134], [24.936287, 37.388146], [24.936231, 37.388159], [24.936223, 37.388161], [24.936175, 37.388173], [24.936118, 37.388183], [24.936062, 37.388188], [24.936005, 37.388197], [24.935949, 37.388206], [24.935931, 37.388209], [24.935893, 37.388214], [24.935836, 37.388222], [24.93578, 37.388238], [24.935736, 37.388255], [24.935724, 37.38826], [24.935667, 37.388279], [24.935611, 37.388299], [24.9356, 37.388302], [24.935555, 37.388308], [24.935498, 37.388308], [24.935442, 37.388308], [24.935385, 37.388311], [24.935329, 37.388311], [24.935272, 37.38831], [24.935216, 37.388309], [24.935159, 37.388305], [24.935155, 37.388305], [24.935103, 37.388302], [24.935046, 37.388297], [24.934989, 37.388291], [24.934933, 37.388285], [24.934876, 37.388278], [24.93482, 37.388271], [24.934763, 37.388263], [24.934762, 37.388263], [24.934707, 37.388255], [24.93465, 37.388249], [24.934593, 37.388243], [24.934537, 37.388238], [24.93448, 37.388234], [24.934424, 37.388228], [24.934367, 37.388222], [24.934354, 37.388221], [24.934311, 37.388217], [24.934254, 37.388212], [24.934197, 37.388206], [24.934141, 37.388199], [24.934084, 37.388192], [24.934028, 37.388184], [24.93399, 37.388179], [24.933971, 37.388176], [24.933914, 37.388163]]}}, {"type": "Feature", "properties": {"elev": 40}, "geometry": {"type": "LineString", "coordinates": [[24.933889, 37.390674], [24.933945, 37.390668], [24.934002, 37.390659], [24.934005, 37.390659], [24.934058, 37.390647], [24.934115, 37.390641], [24.934171, 37.39064], [24.934228, 37.390637], [24.934284, 37.390638], [24.93434, 37.390624], [24.934397, 37.390616], [24.934413, 37.39061], [24.934453, 37.390599], [24.934509, 37.390587], [24.934566, 37.390578], [24.934618, 37.390564], [24.934622, 37.390562], [24.934678, 37.390538], [24.934735, 37.390521], [24.934748, 37.390517], [24.934791, 37.390507], [24.934847, 37.390496], [24.934904, 37.390485], [24.93496, 37.390475], [24.934987, 37.39047], [24.935016, 37.390464], [24.935073, 37.390449], [24.935129, 37.390431], [24.935151, 37.390424], [24.935185, 37.390411], [24.935241, 37.390383], [24.935249, 37.390378], [24.935298, 37.390354], [24.935342, 37.390332], [24.935354, 37.390327], [24.93541, 37.390305], [24.935466, 37.390286], [24.935466, 37.390286], [24.935523, 37.390265], [24.935579, 37.390242], [24.935582, 37.39024], [24.935635, 37.39022], [24.935691, 37.390197], [24.935697, 37.390194], [24.935747, 37.390166], [24.935776, 37.390149], [24.935803, 37.390129], [24.935837, 37.390103], [24.935859, 37.390085], [24.935899, 37.390057], [24.935915, 37.390044], [24.935953, 37.390012], [24.935971, 37.389996], [24.936005, 37.389966], [24.936027, 37.389947], [24.936058, 37.389921], [24.936083, 37.3899], [24.936112, 37.389875], [24.936139, 37.389852], [24.936165, 37.38983], [24.936195, 37.389804], [24.936219, 37.389784], [24.936251, 37.389758], [24.936275, 37.389739], [24.936307, 37.389714], [24.936332, 37.389693], [24.936363, 37.389669], [24.936389, 37.389648], [24.936419, 37.389622], [24.936441, 37.389602], [24.936474, 37.389572], [24.936488, 37.389557], [24.936525, 37.389511], [24.93653, 37.389503], [24.936564, 37.389466], [24.936586, 37.38945], [24.936642, 37.389425], [24.936653, 37.38942], [24.936698, 37.389403], [24.936755, 37.389389], [24.936811, 37.389376], [24.936831, 37.389374], [24.936867, 37.389369], [24.936924, 37.389366], [24.93698, 37.389345], [24.936999, 37.389327], [24.937036, 37.389283], [24.937037, 37.389282], [24.937069, 37.389237], [24.937091, 37.389207], [24.937103, 37.389191], [24.937131, 37.389146], [24.937147, 37.389114], [24.937153, 37.389101], [24.937183, 37.389055], [24.937202, 37.389026], [24.937212, 37.38901], [24.937229, 37.388965], [24.937246, 37.38892], [24.937252, 37.388875], [24.93725, 37.388829], [24.937244, 37.388784], [24.937238, 37.388739], [24.937227, 37.388694], [24.937212, 37.388649], [24.937203, 37.388604], [24.937196, 37.388562], [24.937196, 37.388559], [24.937186, 37.388514], [24.93718, 37.388469], [24.93718, 37.388424], [24.937181, 37.388379], [24.937183, 37.388334], [24.937188, 37.388289], [24.937193, 37.388283], [24.937249, 37.388248], [24.937255, 37.388243], [24.937305, 37.388208], [24.937318, 37.388198], [24.937361, 37.388166], [24.937376, 37.388152], [24.937417, 37.388119], [24.937443, 37.388107], [24.937473, 37.388096], [24.937529, 37.388073], [24.937551, 37.388061], [24.937585, 37.388044], [24.93764, 37.388015], [24.937642, 37.388014], [24.937698, 37.387988], [24.937754, 37.387969], [24.937754, 37.387969], [24.93781, 37.387947], [24.937867, 37.387931], [24.937897, 37.387923], [24.937923, 37.387916], [24.937979, 37.3879], [24.938035, 37.387885], [24.938066, 37.387876], [24.938092, 37.387869], [24.938148, 37.387849], [24.938185, 37.38783], [24.938204, 37.387819], [24.938255, 37.387785], [24.93826, 37.387781], [24.938316, 37.387746], [24.938324, 37.387739], [24.938352, 37.387694], [24.938372, 37.387667], [24.938387, 37.387648], [24.938412, 37.387603], [24.938427, 37.387574], [24.938435, 37.387558], [24.938448, 37.387513], [24.93845, 37.387467], [24.938452, 37.387422], [24.938453, 37.387377], [24.938446, 37.387332], [24.938439, 37.387287], [24.938433, 37.387242], [24.938423, 37.387211], [24.938417, 37.387197], [24.938387, 37.387152], [24.938365, 37.387132], [24.938337, 37.387108], [24.938308, 37.387063], [24.938307, 37.387063], [24.938251, 37.387026], [24.938242, 37.387018], [24.938194, 37.386988], [24.938181, 37.386974], [24.938146, 37.386929], [24.938136, 37.386918], [24.938112, 37.386884], [24.938079, 37.38685], [24.93807, 37.386839], [24.938029, 37.386795], [24.938022, 37.386784], [24.937997, 37.38675], [24.937973, 37.386705], [24.937964, 37.386691], [24.937937, 37.38666], [24.937907, 37.386626], [24.937888, 37.386615], [24.93785, 37.386597], [24.937808, 37.386571], [24.937793, 37.386559], [24.937758, 37.386526], [24.937736, 37.386506], [24.937707, 37.386482], [24.937679, 37.386459], [24.937653, 37.386437], [24.937622, 37.38641], [24.937598, 37.386392], [24.937565, 37.386363], [24.937547, 37.386348], [24.937507, 37.386309], [24.937501, 37.386303], [24.937471, 37.386258], [24.93745, 37.386216], [24.937448, 37.386213], [24.937413, 37.386168], [24.937392, 37.386148], [24.937368, 37.386124], [24.937338, 37.386079], [24.937335, 37.386069], [24.93732, 37.386034], [24.937278, 37.38601], [24.93724, 37.385989], [24.937221, 37.385983], [24.937181, 37.385945], [24.937164, 37.385925], [24.937129, 37.3859], [24.937107, 37.385881], [24.93708, 37.385855], [24.93705, 37.385845], [24.936993, 37.385834], [24.936937, 37.38584], [24.93688, 37.385853], [24.936875, 37.385857], [24.936881, 37.38589], [24.936894, 37.385902], [24.93692, 37.385947], [24.936925, 37.385992], [24.936922, 37.386037], [24.936885, 37.386082], [24.936883, 37.386086], [24.936871, 37.386127], [24.936871, 37.386173], [24.936876, 37.386218], [24.93687, 37.386263], [24.936854, 37.386308], [24.93683, 37.386353], [24.93683, 37.386353], [24.936813, 37.386398], [24.936802, 37.386444], [24.936788, 37.386489], [24.936776, 37.386526], [24.936773, 37.386534], [24.936764, 37.386579], [24.936752, 37.386624], [24.936733, 37.38667], [24.936726, 37.386715], [24.936722, 37.38674], [24.936718, 37.38676], [24.936706, 37.386805], [24.936693, 37.38685], [24.93667, 37.386896], [24.936667, 37.386901], [24.936652, 37.386941], [24.936638, 37.386986], [24.936622, 37.387031], [24.936613, 37.387054], [24.936602, 37.387076], [24.936574, 37.387122], [24.936557, 37.387144], [24.936542, 37.387167], [24.936524, 37.387212], [24.936502, 37.38725], [24.936496, 37.387258], [24.936466, 37.387303], [24.936448, 37.387348], [24.936447, 37.387358], [24.936441, 37.387393], [24.936447, 37.387438], [24.936448, 37.387483], [24.93644, 37.387528], [24.936435, 37.387574], [24.936435, 37.387619], [24.936428, 37.387664], [24.936425, 37.387709], [24.936429, 37.387754], [24.93644, 37.387799], [24.936442, 37.387844], [24.936417, 37.387889], [24.936397, 37.387907], [24.936358, 37.387935], [24.936341, 37.387942], [24.936285, 37.387953], [24.936228, 37.387968], [24.936206, 37.387981], [24.936172, 37.387998], [24.93613, 37.388027], [24.936116, 37.388035], [24.93606, 37.388062], [24.936004, 37.38807], [24.935947, 37.388073], [24.935941, 37.388073], [24.935891, 37.388079], [24.935834, 37.388076], [24.935778, 37.388077], [24.935721, 37.38809], [24.935665, 37.388106], [24.935644, 37.388121], [24.935609, 37.388146], [24.935553, 37.388162], [24.935509, 37.388167], [24.935496, 37.388168], [24.93544, 37.388172], [24.935384, 37.388175], [24.935327, 37.388178], [24.935271, 37.388179], [24.935214, 37.388181], [24.935158, 37.388179], [24.935101, 37.388175], [24.93506, 37.388171], [24.935044, 37.388169], [24.934988, 37.38816], [24.934931, 37.388153], [24.934875, 37.388146], [24.934818, 37.388139], [24.934761, 37.388132], [24.934727, 37.388128], [24.934705, 37.388126], [24.934648, 37.388118], [24.934592, 37.388112], [24.934535, 37.388106], [24.934479, 37.3881], [24.934422, 37.388096], [24.934365, 37.388092], [24.934309, 37.388087], [24.934307, 37.388086], [24.934252, 37.38808], [24.934196, 37.388074], [24.934139, 37.388067], [24.934083, 37.38806], [24.934026, 37.388053], [24.933969, 37.388046], [24.933958, 37.388044], [24.933913, 37.388036]]}}, {"type": "Feature", "properties": {"elev": 5}, "geometry": {"type": "LineString", "coordinates": [[24.936027, 37.3849], [24.936022, 37.384917], [24.936021, 37.384922], [24.936012, 37.384962], [24.93597, 37.385008], [24.935966, 37.385013], [24.93594, 37.385053], [24.93592, 37.385098], [24.935911, 37.385126], [24.935906, 37.385143], [24.935898, 37.385188], [24.935877, 37.385234], [24.935856, 37.385273], [24.935852, 37.385279], [24.935817, 37.385324], [24.935811, 37.385369], [24.935804, 37.385415], [24.935801, 37.38542], [24.935777, 37.38546], [24.93576, 37.385505], [24.935746, 37.385526], [24.935732, 37.38555], [24.935718, 37.385596], [24.935691, 37.38564], [24.93569, 37.385641], [24.935666, 37.385686], [24.93565, 37.385731], [24.935676, 37.385776], [24.935693, 37.385785], [24.935722, 37.385821], [24.935721, 37.385866], [24.935707, 37.385911], [24.935701, 37.385956], [24.935706, 37.386001], [24.9357, 37.386047], [24.935696, 37.38606], [24.935685, 37.386092], [24.935658, 37.386137], [24.935641, 37.386152], [24.935612, 37.386183], [24.935597, 37.386228], [24.935586, 37.386251], [24.935568, 37.386273], [24.935549, 37.386318], [24.93553, 37.386349], [24.935522, 37.386364], [24.935504, 37.386409], [24.935483, 37.386454], [24.935475, 37.386469], [24.93546, 37.386499], [24.935428, 37.386545], [24.93542, 37.386558], [24.935401, 37.38659], [24.935367, 37.386635], [24.935364, 37.386639], [24.935311, 37.386681], [24.935308, 37.386683], [24.935252, 37.386722], [24.935242, 37.386726], [24.935196, 37.386753], [24.935156, 37.386772], [24.93514, 37.386778], [24.935084, 37.386777], [24.935078, 37.386773], [24.935059, 37.386728], [24.935026, 37.386695], [24.935008, 37.386683], [24.934969, 37.386666], [24.934928, 37.386639], [24.934912, 37.386622], [24.934892, 37.386594], [24.934876, 37.386549], [24.934854, 37.386506], [24.934852, 37.386504], [24.934827, 37.386459], [24.934797, 37.386437], [24.93474, 37.386419], [24.934723, 37.386415], [24.934684, 37.386408], [24.934634, 37.386371], [24.934636, 37.386326], [24.934641, 37.38628], [24.934639, 37.386235], [24.934627, 37.38619], [24.934624, 37.386183], [24.934596, 37.386145], [24.934567, 37.386123], [24.934549, 37.386101], [24.934542, 37.386056], [24.934558, 37.386011], [24.934509, 37.385985], [24.934452, 37.385986], [24.934396, 37.385985], [24.934339, 37.385974], [24.934283, 37.386001], [24.934276, 37.386013], [24.934265, 37.386058], [24.934259, 37.386103], [24.934237, 37.386148], [24.934229, 37.38617], [24.934222, 37.386194], [24.934219, 37.386239], [24.934224, 37.386284], [24.934223, 37.386329], [24.934219, 37.386374], [24.934188, 37.386419], [24.934223, 37.386464], [24.934233, 37.386491], [24.934238, 37.386509], [24.934233, 37.386513], [24.934176, 37.386518], [24.93412, 37.386526], [24.934064, 37.386528], [24.934007, 37.386514], [24.93395, 37.386519]]}}, {"type": "Feature", "properties": {"elev": 10}, "geometry": {"type": "LineString", "coordinates": [[24.936195, 37.384898], [24.93619, 37.384906], [24.936181, 37.384916], [24.936134, 37.384938], [24.936097, 37.384961], [24.936079, 37.385007], [24.936079, 37.385007], [24.936051, 37.385052], [24.936029, 37.385097], [24.936023, 37.385109], [24.93601, 37.385142], [24.935992, 37.385188], [24.935969, 37.385233], [24.935968, 37.385233], [24.93595, 37.385278], [24.935931, 37.385323], [24.935914, 37.385362], [24.93591, 37.385369], [24.935894, 37.385414], [24.935875, 37.385459], [24.935859, 37.385496], [24.935855, 37.385504], [24.935835, 37.38555], [24.935812, 37.385595], [24.935804, 37.38561], [24.935787, 37.38564], [24.935759, 37.385685], [24.935757, 37.385731], [24.935775, 37.385776], [24.935781, 37.385821], [24.935781, 37.385866], [24.935764, 37.385911], [24.935754, 37.385956], [24.935752, 37.385988], [24.935751, 37.386001], [24.935746, 37.386046], [24.93574, 37.386091], [24.935722, 37.386137], [24.935698, 37.386168], [24.935682, 37.386182], [24.935665, 37.386227], [24.935643, 37.386272], [24.935642, 37.386274], [24.935626, 37.386318], [24.935612, 37.386363], [24.935596, 37.386408], [24.935588, 37.386423], [24.935566, 37.386453], [24.935532, 37.386489], [24.935527, 37.386499], [24.935505, 37.386544], [24.935477, 37.386588], [24.935476, 37.386589], [24.935444, 37.386635], [24.935421, 37.386669], [24.935414, 37.38668], [24.935396, 37.386725], [24.935374, 37.386771], [24.935366, 37.386782], [24.93531, 37.386812], [24.935301, 37.386816], [24.935254, 37.386842], [24.935201, 37.386862], [24.935198, 37.386863], [24.935141, 37.38687], [24.935085, 37.386868], [24.935074, 37.386863], [24.935028, 37.386847], [24.934994, 37.386819], [24.934971, 37.386783], [24.934957, 37.386774], [24.934914, 37.38674], [24.934891, 37.386729], [24.934857, 37.386711], [24.9348, 37.386704], [24.934744, 37.386691], [24.934702, 37.386686], [24.934687, 37.386684], [24.934647, 37.386686], [24.934631, 37.386687], [24.934574, 37.386695], [24.934518, 37.386706], [24.934462, 37.386728], [24.934445, 37.386733], [24.934405, 37.38674], [24.934349, 37.38674], [24.934292, 37.386741], [24.934236, 37.386749], [24.934179, 37.386748], [24.934144, 37.386735], [24.934123, 37.38673], [24.934109, 37.386735], [24.934066, 37.386748], [24.93401, 37.386751], [24.933953, 37.386763]]}}, {"type": "Feature", "properties": {"elev": 15}, "geometry": {"type": "LineString", "coordinates": [[24.936293, 37.384898], [24.936284, 37.384915], [24.936251, 37.38496], [24.936248, 37.384965], [24.936217, 37.385006], [24.936192, 37.38504], [24.936185, 37.385051], [24.936163, 37.385096], [24.936141, 37.385141], [24.936137, 37.385149], [24.936121, 37.385187], [24.936103, 37.385232], [24.936091, 37.385277], [24.936082, 37.385301], [24.936073, 37.385322], [24.936055, 37.385368], [24.936027, 37.385403], [24.936021, 37.385413], [24.936013, 37.385458], [24.935997, 37.385503], [24.935977, 37.385548], [24.935973, 37.38556], [24.935956, 37.385594], [24.935934, 37.385639], [24.935917, 37.385672], [24.935911, 37.385684], [24.935893, 37.385729], [24.935885, 37.385775], [24.93587, 37.38582], [24.935867, 37.385865], [24.935864, 37.385883], [24.935858, 37.38591], [24.935843, 37.385955], [24.935838, 37.386], [24.93584, 37.386045], [24.935846, 37.386091], [24.935842, 37.386136], [24.935829, 37.386181], [24.935811, 37.386199], [24.935792, 37.386226], [24.935795, 37.386271], [24.935792, 37.386316], [24.935783, 37.386362], [24.935777, 37.386407], [24.935776, 37.386452], [24.935772, 37.386497], [24.935759, 37.386528], [24.93575, 37.386542], [24.935727, 37.386587], [24.935709, 37.386633], [24.935704, 37.386648], [24.935691, 37.386678], [24.935678, 37.386723], [24.935656, 37.386768], [24.935649, 37.386776], [24.93561, 37.386814], [24.935593, 37.386835], [24.935577, 37.386859], [24.935562, 37.386904], [24.935544, 37.386949], [24.935538, 37.386962], [24.935517, 37.386995], [24.935499, 37.38704], [24.935491, 37.387085], [24.935483, 37.387098], [24.935453, 37.387131], [24.935427, 37.387147], [24.935373, 37.387176], [24.935371, 37.387178], [24.935315, 37.387196], [24.935258, 37.387191], [24.935202, 37.387186], [24.935187, 37.387178], [24.935145, 37.387153], [24.93511, 37.387133], [24.935088, 37.387122], [24.935031, 37.387103], [24.934975, 37.387092], [24.934964, 37.387089], [24.934918, 37.387076], [24.934861, 37.387063], [24.934807, 37.387046], [24.934804, 37.387044], [24.934748, 37.387016], [24.934691, 37.387002], [24.934683, 37.387001], [24.934645, 37.386957], [24.934634, 37.386955], [24.934627, 37.386957], [24.934578, 37.386997], [24.934573, 37.387002], [24.934522, 37.387025], [24.934465, 37.387023], [24.934409, 37.38702], [24.934352, 37.387025], [24.934296, 37.387028], [24.934239, 37.387029], [24.934183, 37.387035], [24.934126, 37.387045], [24.934096, 37.387051], [24.93407, 37.387057], [24.934014, 37.387072], [24.933957, 37.387083]]}}, {"type": "Feature", "properties": {"elev": 20}, "geometry": {"type": "LineString", "coordinates": [[24.936443, 37.384896], [24.936433, 37.384914], [24.936417, 37.384944], [24.936409, 37.384959], [24.936384, 37.385004], [24.936362, 37.385044], [24.936358, 37.38505], [24.93633, 37.385095], [24.936306, 37.385139], [24.936306, 37.38514], [24.936281, 37.385185], [24.936253, 37.385231], [24.936251, 37.385237], [24.936239, 37.385276], [24.936224, 37.385321], [24.936206, 37.385366], [24.936196, 37.38539], [24.936187, 37.385412], [24.936165, 37.385457], [24.936142, 37.385502], [24.936141, 37.385503], [24.936115, 37.385547], [24.936096, 37.385593], [24.936086, 37.385617], [24.936077, 37.385638], [24.936056, 37.385683], [24.936049, 37.385728], [24.93605, 37.385773], [24.936039, 37.385819], [24.936033, 37.385851], [24.936029, 37.385864], [24.93603, 37.385909], [24.936023, 37.385954], [24.936033, 37.385999], [24.936032, 37.386044], [24.936027, 37.386089], [24.936025, 37.386134], [24.93601, 37.386179], [24.935995, 37.386225], [24.935987, 37.38627], [24.935982, 37.386296], [24.935978, 37.386315], [24.935977, 37.38636], [24.935973, 37.386405], [24.935971, 37.38645], [24.935964, 37.386495], [24.935953, 37.386541], [24.935949, 37.386586], [24.935948, 37.386631], [24.935943, 37.386676], [24.935941, 37.386721], [24.935932, 37.386766], [24.935931, 37.386769], [24.935915, 37.386811], [24.935898, 37.386857], [24.935876, 37.386902], [24.935876, 37.386902], [24.935854, 37.386947], [24.935833, 37.386992], [24.935821, 37.387037], [24.935821, 37.387037], [24.935788, 37.387083], [24.935766, 37.387116], [24.935758, 37.387128], [24.935741, 37.387173], [24.935721, 37.387219], [24.935711, 37.387237], [24.935695, 37.387264], [24.935658, 37.387309], [24.935655, 37.387312], [24.935614, 37.387355], [24.9356, 37.387368], [24.935555, 37.3874], [24.935543, 37.387405], [24.935487, 37.387421], [24.935431, 37.387437], [24.935374, 37.387438], [24.935318, 37.387435], [24.935261, 37.387429], [24.935205, 37.387414], [24.935174, 37.387403], [24.935148, 37.387391], [24.935091, 37.387372], [24.935056, 37.387359], [24.935034, 37.387346], [24.934991, 37.387315], [24.934977, 37.387307], [24.934921, 37.387304], [24.934864, 37.387295], [24.934807, 37.387272], [24.934802, 37.387271], [24.934751, 37.387263], [24.934694, 37.387252], [24.934638, 37.38725], [24.934581, 37.387262], [24.934525, 37.387266], [24.934468, 37.387272], [24.934447, 37.387274], [24.934412, 37.387276], [24.934372, 37.387274], [24.934355, 37.387274], [24.934299, 37.387271], [24.934242, 37.387269], [24.934186, 37.387268], [24.934129, 37.387271], [24.934099, 37.387277], [24.934073, 37.387281], [24.934016, 37.387285], [24.93396, 37.387287]]}}, {"type": "Feature", "properties": {"elev": 25}, "geometry": {"type": "LineString", "coordinates": [[24.936603, 37.384895], [24.936591, 37.384912], [24.936586, 37.384919], [24.936552, 37.384958], [24.93653, 37.384982], [24.936513, 37.385003], [24.936488, 37.385049], [24.936475, 37.385079], [24.936468, 37.385094], [24.936454, 37.385139], [24.93642, 37.385178], [24.936415, 37.385184], [24.936385, 37.38523], [24.936364, 37.385269], [24.936361, 37.385275], [24.936335, 37.38532], [24.936312, 37.385366], [24.936309, 37.385374], [24.936299, 37.385411], [24.936288, 37.385456], [24.93627, 37.385501], [24.936255, 37.385536], [24.93625, 37.385546], [24.936229, 37.385592], [24.936212, 37.385637], [24.9362, 37.385669], [24.936196, 37.385682], [24.936187, 37.385727], [24.936186, 37.385772], [24.936195, 37.385817], [24.936202, 37.385851], [24.936204, 37.385862], [24.936202, 37.385875], [24.936199, 37.385907], [24.936192, 37.385953], [24.936184, 37.385998], [24.936173, 37.386043], [24.936165, 37.386088], [24.936168, 37.386133], [24.936175, 37.386178], [24.936193, 37.386223], [24.936201, 37.386268], [24.936206, 37.386313], [24.936202, 37.386358], [24.936199, 37.386403], [24.936191, 37.386448], [24.936184, 37.386494], [24.936177, 37.386539], [24.936166, 37.386584], [24.936155, 37.386619], [24.936152, 37.386629], [24.936146, 37.386674], [24.936142, 37.386719], [24.93613, 37.386765], [24.936118, 37.38681], [24.936108, 37.386855], [24.936102, 37.386876], [24.936094, 37.3869], [24.936073, 37.386945], [24.936057, 37.386991], [24.936047, 37.387022], [24.936043, 37.387036], [24.936021, 37.387081], [24.936004, 37.387126], [24.935992, 37.387161], [24.935989, 37.387171], [24.935971, 37.387217], [24.935952, 37.387262], [24.935938, 37.387292], [24.93593, 37.387307], [24.935904, 37.387352], [24.935882, 37.387376], [24.935853, 37.387398], [24.935826, 37.387418], [24.9358, 37.387443], [24.93577, 37.387467], [24.93573, 37.387489], [24.935714, 37.387496], [24.935658, 37.38752], [24.935602, 37.387531], [24.93555, 37.387536], [24.935545, 37.387536], [24.935489, 37.387545], [24.935432, 37.387552], [24.935376, 37.387566], [24.93532, 37.387569], [24.935263, 37.387565], [24.935206, 37.38756], [24.93515, 37.387546], [24.935131, 37.387539], [24.935093, 37.387534], [24.935037, 37.387534], [24.93498, 37.387532], [24.934923, 37.387529], [24.934867, 37.387515], [24.934836, 37.387496], [24.93481, 37.387493], [24.934754, 37.387491], [24.934697, 37.387491], [24.934691, 37.387497], [24.934641, 37.387536], [24.934585, 37.387531], [24.934528, 37.387525], [24.934471, 37.387519], [24.934415, 37.387514], [24.934358, 37.387508], [24.934302, 37.387503], [24.934274, 37.387501], [24.934245, 37.387498], [24.934189, 37.387494], [24.934132, 37.387491], [24.934076, 37.387489], [24.934019, 37.387488], [24.933962, 37.387487]]}}, {"type": "Feature", "properties": {"elev": 30}, "geometry": {"type": "LineString", "coordinates": [[24.936778, 37.384894], [24.936764, 37.384911], [24.936756, 37.384919], [24.936699, 37.384951], [24.936692, 37.384957], [24.936644, 37.384997], [24.93664, 37.385002], [24.936606, 37.385048], [24.936588, 37.38507], [24.936571, 37.385093], [24.936559, 37.385138], [24.936551, 37.385183], [24.936533, 37.385213], [24.936523, 37.385229], [24.936488, 37.385274], [24.936478, 37.385281], [24.936443, 37.385319], [24.936446, 37.385364], [24.936448, 37.38541], [24.936434, 37.385455], [24.936424, 37.385486], [24.936419, 37.3855], [24.93641, 37.385545], [24.936398, 37.38559], [24.936382, 37.385635], [24.936373, 37.385681], [24.93637, 37.385698], [24.936365, 37.385726], [24.936346, 37.385771], [24.936328, 37.385816], [24.936328, 37.385861], [24.936331, 37.385906], [24.936335, 37.385951], [24.936344, 37.385996], [24.936347, 37.386041], [24.936355, 37.386086], [24.936357, 37.386132], [24.936358, 37.386177], [24.93636, 37.386222], [24.936361, 37.386267], [24.936361, 37.386312], [24.936351, 37.386357], [24.936347, 37.386402], [24.936341, 37.386447], [24.936339, 37.386492], [24.936338, 37.386537], [24.936333, 37.386583], [24.936326, 37.386628], [24.936325, 37.386634], [24.936318, 37.386673], [24.936308, 37.386718], [24.936294, 37.386763], [24.936281, 37.386808], [24.936275, 37.386854], [24.936271, 37.386869], [24.936265, 37.386899], [24.936254, 37.386944], [24.936246, 37.386989], [24.936229, 37.387034], [24.936245, 37.387079], [24.936239, 37.387124], [24.93623, 37.387169], [24.936221, 37.387215], [24.936219, 37.387222], [24.936196, 37.38726], [24.936183, 37.387305], [24.936176, 37.38735], [24.936164, 37.387367], [24.936135, 37.387396], [24.936109, 37.387417], [24.936068, 37.387441], [24.936053, 37.387464], [24.936038, 37.387487], [24.936001, 37.387532], [24.935997, 37.387537], [24.93596, 37.387577], [24.935941, 37.387596], [24.93591, 37.387623], [24.935885, 37.387646], [24.935859, 37.387668], [24.93583, 37.387693], [24.935805, 37.387714], [24.935774, 37.387739], [24.935748, 37.387759], [24.935718, 37.387782], [24.935674, 37.387805], [24.935662, 37.387811], [24.935605, 37.38782], [24.935549, 37.387826], [24.935492, 37.387835], [24.935436, 37.387835], [24.935379, 37.387823], [24.935323, 37.387816], [24.935266, 37.387811], [24.93521, 37.387811], [24.935153, 37.387814], [24.935141, 37.387809], [24.935096, 37.387786], [24.935062, 37.387765], [24.935039, 37.387751], [24.934982, 37.387728], [24.93496, 37.387721], [24.934926, 37.387715], [24.934869, 37.387711], [24.934813, 37.387711], [24.934756, 37.387715], [24.9347, 37.387714], [24.934643, 37.387712], [24.934587, 37.38771], [24.93453, 37.387709], [24.934474, 37.387706], [24.934417, 37.387703], [24.934361, 37.387701], [24.934304, 37.387698], [24.934248, 37.387695], [24.934191, 37.387692], [24.934134, 37.387688], [24.934078, 37.387683], [24.934074, 37.387682], [24.934021, 37.387675], [24.933965, 37.387668]]}}, {"type": "Feature", "properties": {"elev": 35}, "geometry": {"type": "LineString", "coordinates": [[24.93695, 37.384892], [24.936939, 37.38491], [24.936925, 37.384931], [24.936907, 37.384955], [24.936869, 37.384994], [24.936863, 37.385], [24.93683, 37.385046], [24.936814, 37.385076], [24.936804, 37.385091], [24.936783, 37.385136], [24.936767, 37.385182], [24.936759, 37.385206], [24.936751, 37.385227], [24.936733, 37.385272], [24.936704, 37.385317], [24.936703, 37.385317], [24.936657, 37.385363], [24.936648, 37.385379], [24.936634, 37.385408], [24.93663, 37.385453], [24.936629, 37.385498], [24.936627, 37.385543], [24.936621, 37.385588], [24.93661, 37.385634], [24.936595, 37.385659], [24.936583, 37.385679], [24.936543, 37.385724], [24.93654, 37.385729], [24.936517, 37.38577], [24.93649, 37.385815], [24.936484, 37.385832], [24.936476, 37.38586], [24.936478, 37.385905], [24.936482, 37.38595], [24.936485, 37.385995], [24.936487, 37.386006], [24.936494, 37.38604], [24.936505, 37.386085], [24.936521, 37.38613], [24.936545, 37.386172], [24.936548, 37.386175], [24.936557, 37.38622], [24.936572, 37.386265], [24.936577, 37.38631], [24.936568, 37.386355], [24.936561, 37.3864], [24.936552, 37.386446], [24.936551, 37.386491], [24.936549, 37.386504], [24.936547, 37.386536], [24.936546, 37.386581], [24.936539, 37.386626], [24.936532, 37.386671], [24.936523, 37.386716], [24.936515, 37.386761], [24.936512, 37.386807], [24.936509, 37.386852], [24.936499, 37.386897], [24.936498, 37.386901], [24.936486, 37.386942], [24.936467, 37.386987], [24.936451, 37.387032], [24.936443, 37.387056], [24.936438, 37.387078], [24.93642, 37.387123], [24.936398, 37.387168], [24.936388, 37.387181], [24.936364, 37.387214], [24.936332, 37.38724], [24.936318, 37.387259], [24.93631, 37.387304], [24.936301, 37.387349], [24.936295, 37.387394], [24.936284, 37.38744], [24.936279, 37.387457], [24.936266, 37.387485], [24.93625, 37.38753], [24.936229, 37.387575], [24.936224, 37.387588], [24.936209, 37.38762], [24.936184, 37.387666], [24.936168, 37.387688], [24.93615, 37.387711], [24.936114, 37.387756], [24.936113, 37.387757], [24.936065, 37.387802], [24.936057, 37.38781], [24.936012, 37.387847], [24.936001, 37.38786], [24.935956, 37.387893], [24.935945, 37.387899], [24.935889, 37.387936], [24.935885, 37.387939], [24.935833, 37.387968], [24.935797, 37.387984], [24.935777, 37.38799], [24.93572, 37.388006], [24.935664, 37.388014], [24.935608, 37.388017], [24.935567, 37.388031], [24.935551, 37.388036], [24.935495, 37.388036], [24.935444, 37.388032], [24.935438, 37.388032], [24.935382, 37.388024], [24.935325, 37.388025], [24.93527, 37.388034], [24.935269, 37.388034], [24.935212, 37.388047], [24.935156, 37.388053], [24.935099, 37.388048], [24.935043, 37.388041], [24.934986, 37.38804], [24.934952, 37.388036], [24.93493, 37.388025], [24.934873, 37.388008], [24.934816, 37.388008], [24.93476, 37.387995], [24.934749, 37.387993], [24.934703, 37.387973], [24.934646, 37.387952], [24.934622, 37.387949], [24.93459, 37.387943], [24.934533, 37.387935], [24.934476, 37.387929], [24.93442, 37.387924], [24.934363, 37.387919], [24.934307, 37.387914], [24.934273, 37.387906], [24.93425, 37.387902], [24.934194, 37.387898], [24.934137, 37.387896], [24.93408, 37.387886], [24.934024, 37.387879], [24.933967, 37.387873]]}}, {"type": "Feature", "properties": {"elev": 5}, "geometry": {"type": "LineString", "coordinates": [[24.945145, 37.39066], [24.945133, 37.390654], [24.945122, 37.39066], [24.945133, 37.390672], [24.945145, 37.39066]]}}, {"type": "Feature", "properties": {"elev": 5}, "geometry": {"type": "LineString", "coordinates": [[24.945065, 37.390706], [24.94502, 37.390694], [24.944981, 37.390707], [24.945021, 37.390725], [24.945065, 37.390706]]}}, {"type": "Feature", "properties": {"elev": 10}, "geometry": {"type": "LineString", "coordinates": [[24.944483, 37.392694], [24.94448, 37.392688], [24.944479, 37.392694], [24.944481, 37.392701], [24.944483, 37.392694]]}}, {"type": "Feature", "properties": {"elev": 10}, "geometry": {"type": "LineString", "coordinates": [[24.944438, 37.392785], [24.944424, 37.392741], [24.944402, 37.392785], [24.944425, 37.392811], [24.944438, 37.392785]]}}, {"type": "Feature", "properties": {"elev": 15}, "geometry": {"type": "LineString", "coordinates": [[24.941107, 37.394073], [24.941109, 37.394074], [24.941107, 37.394074], [24.941103, 37.394074], [24.941107, 37.394073]]}}, {"type": "Feature", "properties": {"elev": 15}, "geometry": {"type": "LineString", "coordinates": [[24.941334, 37.394116], [24.941345, 37.394117], [24.941391, 37.394121], [24.941447, 37.394123], [24.941499, 37.394161], [24.941448, 37.394182], [24.941391, 37.394175], [24.941335, 37.394162], [24.941334, 37.394162], [24.941277, 37.39412], [24.941221, 37.394128], [24.941189, 37.394118], [24.941221, 37.394102], [24.941277, 37.394114], [24.941334, 37.394116]]}}, {"type": "Feature", "properties": {"elev": 10}, "geometry": {"type": "LineString", "coordinates": [[24.944845, 37.394585], [24.944843, 37.394579], [24.944841, 37.394585], [24.944829, 37.39463], [24.944837, 37.394675], [24.944843, 37.39472], [24.944845, 37.394751], [24.94485, 37.39472], [24.944855, 37.394675], [24.944863, 37.39463], [24.944845, 37.394585]]}}, {"type": "Feature", "properties": {"elev": 10}, "geometry": {"type": "LineString", "coordinates": [[24.944903, 37.394765], [24.944902, 37.394763], [24.944876, 37.394765], [24.944856, 37.39481], [24.944846, 37.394846], [24.944843, 37.394855], [24.944847, 37.394859], [24.944876, 37.394855], [24.944903, 37.394853], [24.94493, 37.39481], [24.944903, 37.394765]]}}, {"type": "Feature", "properties": {"elev": 10}, "geometry": {"type": "LineString", "coordinates": [[24.945191, 37.3953], [24.945195, 37.395303], [24.945191, 37.395305], [24.94519, 37.395303], [24.945191, 37.3953]]}}, {"type": "Feature", "properties": {"elev": 10}, "geometry": {"type": "LineString", "coordinates": [[24.945305, 37.395391], [24.94531, 37.395393], [24.945305, 37.395394], [24.945304, 37.395393], [24.945305, 37.395391]]}}, {"type": "Feature", "properties": {"elev": 10}, "geometry": {"type": "LineString", "coordinates": [[24.948161, 37.39546], [24.948131, 37.395451], [24.948101, 37.39546], [24.948132, 37.395498], [24.948161, 37.39546]]}}, {"type": "Feature", "properties": {"elev": 15}, "geometry": {"type": "LineString", "coordinates": [[24.9439, 37.395719], [24.943897, 37.395717], [24.943892, 37.39572], [24.943841, 37.395753], [24.943828, 37.395765], [24.943841, 37.395791], [24.943898, 37.395798], [24.943927, 37.395764], [24.9439, 37.395719]]}}, {"type": "Feature", "properties": {"elev": 5}, "geometry": {"type": "LineString", "coordinates": [[24.94902, 37.394182], [24.949026, 37.394191], [24.94903, 37.394236], [24.94902, 37.394248], [24.949013, 37.394236], [24.949013, 37.394191], [24.94902, 37.394182]]}}, {"type": "Feature", "properties": {"elev": 15}, "geometry": {"type": "LineString", "coordinates": [[24.948588, 37.39751], [24.948589, 37.397485], [24.94859, 37.39744], [24.94859, 37.397395], [24.948592, 37.39735], [24.948592, 37.397305], [24.948593, 37.39726], [24.948594, 37.397215], [24.948602, 37.39717], [24.948601, 37.397124], [24.9486, 37.397079], [24.948598, 37.397034], [24.948595, 37.396989], [24.94859, 37.396944], [24.948587, 37.396899], [24.948583, 37.396854], [24.94858, 37.396809], [24.948575, 37.396764], [24.948572, 37.396719], [24.948567, 37.396674], [24.948563, 37.396629], [24.948558, 37.396584], [24.948545, 37.396539], [24.94854, 37.396494], [24.94854, 37.396493], [24.948534, 37.396449], [24.948528, 37.396404], [24.94852, 37.396359], [24.948508, 37.396314], [24.948498, 37.396269], [24.948484, 37.396224], [24.94848, 37.396211], [24.948468, 37.396179], [24.948441, 37.396134], [24.948422, 37.396103], [24.948413, 37.396089], [24.94839, 37.396044], [24.948364, 37.396002], [24.948363, 37.395999], [24.948333, 37.395954], [24.948307, 37.395926], [24.948287, 37.39591], [24.94825, 37.395886], [24.948207, 37.395865], [24.948193, 37.395859], [24.948136, 37.395843], [24.94808, 37.395831], [24.948023, 37.395825], [24.947967, 37.395825], [24.94791, 37.395835], [24.947854, 37.395846], [24.947797, 37.395857], [24.947757, 37.395869], [24.947741, 37.395873], [24.947685, 37.395888], [24.947629, 37.395908], [24.9476, 37.395915], [24.947572, 37.395923], [24.947516, 37.395936], [24.94746, 37.395948], [24.947403, 37.395959], [24.94739, 37.395962], [24.947347, 37.39597], [24.94729, 37.39598], [24.947234, 37.395993], [24.947178, 37.396006], [24.947166, 37.396009], [24.947121, 37.396019], [24.947065, 37.396032], [24.947009, 37.396046], [24.946975, 37.396056], [24.946952, 37.396062], [24.946896, 37.396078], [24.94684, 37.396093], [24.946798, 37.396102], [24.946784, 37.396106], [24.946727, 37.396117], [24.946671, 37.396124], [24.946614, 37.39613], [24.946558, 37.396137], [24.946501, 37.396147], [24.946489, 37.39615], [24.946445, 37.396158], [24.946389, 37.396169], [24.946332, 37.396179], [24.946276, 37.396186], [24.946219, 37.396183], [24.946163, 37.396182], [24.946106, 37.396181], [24.94605, 37.39618], [24.945993, 37.396183], [24.945937, 37.396186], [24.94588, 37.396189], [24.945824, 37.396193], [24.945768, 37.396199], [24.945739, 37.396201], [24.945711, 37.396203], [24.945655, 37.396209], [24.945598, 37.396216], [24.945542, 37.396223], [24.945485, 37.396238], [24.945429, 37.39624], [24.945373, 37.396241], [24.945316, 37.396241], [24.94526, 37.396243], [24.945203, 37.396244], [24.945159, 37.39625], [24.945147, 37.396257], [24.945091, 37.396286], [24.945034, 37.396289], [24.944991, 37.396297], [24.944978, 37.396298], [24.944921, 37.396312], [24.944871, 37.396343], [24.944865, 37.396347], [24.944859, 37.396343], [24.944865, 37.396332], [24.944889, 37.396298], [24.944921, 37.396255], [24.944929, 37.396252], [24.944977, 37.39623], [24.945033, 37.396212], [24.945043, 37.396206], [24.945033, 37.396192], [24.944976, 37.396176], [24.944919, 37.396163], [24.944916, 37.396162], [24.944863, 37.396148], [24.944806, 37.396132], [24.944749, 37.396119], [24.944748, 37.396118], [24.944693, 37.396104], [24.944636, 37.396083], [24.944616, 37.396074], [24.944579, 37.396071], [24.944523, 37.396067], [24.944493, 37.396075], [24.944467, 37.396105], [24.94441, 37.396109], [24.944354, 37.3961], [24.944311, 37.396077], [24.944353, 37.396063], [24.944371, 37.396031], [24.944374, 37.395986], [24.944368, 37.395941], [24.944351, 37.395927], [24.944325, 37.395896], [24.944296, 37.395852], [24.944294, 37.395848], [24.944272, 37.395807], [24.944237, 37.395797], [24.94418, 37.39579], [24.944124, 37.395785], [24.944067, 37.395787], [24.944011, 37.395794], [24.943971, 37.395809], [24.943955, 37.395821], [24.943898, 37.395827], [24.943862, 37.395855], [24.943846, 37.3959], [24.943843, 37.395904], [24.943798, 37.395946], [24.943787, 37.395954], [24.943749, 37.395991], [24.943731, 37.396028], [24.943721, 37.396036], [24.943689, 37.396082], [24.943676, 37.396114], [24.943665, 37.396127], [24.943644, 37.396172], [24.94362, 37.396212], [24.943616, 37.396218], [24.943594, 37.396263], [24.943586, 37.396308], [24.943568, 37.396353], [24.943566, 37.39636], [24.943536, 37.396399], [24.943528, 37.396444], [24.943527, 37.396489], [24.943523, 37.396534], [24.943512, 37.396577], [24.943488, 37.396534], [24.94348, 37.396489], [24.943475, 37.396444], [24.943453, 37.396404], [24.943407, 37.396445], [24.943397, 37.396453], [24.943341, 37.396469], [24.943328, 37.396445], [24.943313, 37.3964], [24.943283, 37.396372], [24.943276, 37.396401], [24.943265, 37.396446], [24.943263, 37.396491], [24.943253, 37.396536], [24.943229, 37.396568], [24.943215, 37.396581], [24.9432, 37.396627], [24.943174, 37.396665], [24.943167, 37.396672], [24.943132, 37.396717], [24.943118, 37.39674], [24.943111, 37.396763], [24.943105, 37.396808], [24.94311, 37.396853], [24.943108, 37.396898], [24.943115, 37.396943], [24.943117, 37.396988], [24.943122, 37.397012], [24.943128, 37.397033], [24.94313, 37.397078], [24.943123, 37.397095], [24.943112, 37.397123], [24.943085, 37.397169], [24.943068, 37.39719], [24.943049, 37.397214], [24.943012, 37.397243], [24.942982, 37.39726], [24.942956, 37.397271], [24.942952, 37.39726], [24.942936, 37.397215], [24.94292, 37.39717], [24.942897, 37.397132], [24.942895, 37.397125], [24.94284, 37.397092], [24.94279, 37.397126], [24.942803, 37.397171], [24.9428, 37.397216], [24.942797, 37.397261], [24.942788, 37.397306], [24.942787, 37.397313], [24.94273, 37.397314], [24.942674, 37.397317], [24.942617, 37.397319], [24.942561, 37.39732], [24.942504, 37.397322], [24.942448, 37.397315], [24.942425, 37.397309], [24.942391, 37.397301], [24.942361, 37.397265], [24.942334, 37.397244], [24.942303, 37.39722], [24.942289, 37.397175], [24.942276, 37.397153], [24.942269, 37.397175], [24.942265, 37.39722], [24.942269, 37.397265], [24.942236, 37.397311], [24.942222, 37.397334], [24.942166, 37.397351], [24.942149, 37.397311], [24.942127, 37.397266], [24.942108, 37.397257], [24.942051, 37.397247], [24.94202, 37.397222], [24.942002, 37.397177], [24.941994, 37.397165], [24.941978, 37.397132], [24.941936, 37.397103], [24.941884, 37.397133], [24.941901, 37.397178], [24.9419, 37.397223], [24.941911, 37.397268], [24.94191, 37.397313], [24.941908, 37.397358], [24.941901, 37.397403], [24.941892, 37.397449], [24.941888, 37.397494], [24.941885, 37.39752], [24.941871, 37.397539], [24.941856, 37.397564]]}}, {"type": "Feature", "properties": {"elev": 5}, "geometry": {"type": "LineString", "coordinates": [[24.946516, 37.392051], [24.946501, 37.392092], [24.946493, 37.392137], [24.946478, 37.392182], [24.946468, 37.392227], [24.946453, 37.392273], [24.946453, 37.392273], [24.946449, 37.392318], [24.94644, 37.392363], [24.946421, 37.392408], [24.946398, 37.392417], [24.946371, 37.392454], [24.94637, 37.392499], [24.94637, 37.392544], [24.946363, 37.392589], [24.946354, 37.392634], [24.946345, 37.39267], [24.946322, 37.392634], [24.946308, 37.392589], [24.9463, 37.392544], [24.946295, 37.392499], [24.946291, 37.392454], [24.94629, 37.392409], [24.946285, 37.392374], [24.946282, 37.392364], [24.946273, 37.392319], [24.946271, 37.392274], [24.946283, 37.392264], [24.946332, 37.392274], [24.94634, 37.392274], [24.94634, 37.392274], [24.946353, 37.392228], [24.946349, 37.392183], [24.946345, 37.392138], [24.946341, 37.392093], [24.946337, 37.392048], [24.946337, 37.392042], [24.946329, 37.392048], [24.946281, 37.392086], [24.946272, 37.392094], [24.946225, 37.392134], [24.946218, 37.392139], [24.946169, 37.39218], [24.946164, 37.392185], [24.946113, 37.392226], [24.946108, 37.39223], [24.946057, 37.392274], [24.946055, 37.392276], [24.946003, 37.392321], [24.946001, 37.392323], [24.945945, 37.392367], [24.945945, 37.392367], [24.945889, 37.392406], [24.94588, 37.392413], [24.945833, 37.392444], [24.94583, 37.392458], [24.945819, 37.392503], [24.945809, 37.392548], [24.945799, 37.392594], [24.945789, 37.392639], [24.94578, 37.392679], [24.945779, 37.392684], [24.945771, 37.392729], [24.945759, 37.392774], [24.945751, 37.392819], [24.945739, 37.392864], [24.945729, 37.39291], [24.945726, 37.392921], [24.945725, 37.39291], [24.945721, 37.392865], [24.945716, 37.39282], [24.945711, 37.392775], [24.945707, 37.39273], [24.945702, 37.392684], [24.945697, 37.392639], [24.945691, 37.392594], [24.945685, 37.392549], [24.94568, 37.392504], [24.945674, 37.392459], [24.945668, 37.392414], [24.945663, 37.392385], [24.945653, 37.392369], [24.945631, 37.392324], [24.945613, 37.392279], [24.945605, 37.392258], [24.945597, 37.392234], [24.945581, 37.39219], [24.945567, 37.392145], [24.945552, 37.3921], [24.945546, 37.392086], [24.945533, 37.392055], [24.945513, 37.39201], [24.945492, 37.391965], [24.945488, 37.391958], [24.945469, 37.39192], [24.945445, 37.391875], [24.94543, 37.39185], [24.94542, 37.39183], [24.945393, 37.391785], [24.945373, 37.391753], [24.945365, 37.39174], [24.945335, 37.391696], [24.945315, 37.391667], [24.945303, 37.391651], [24.945269, 37.391606], [24.945258, 37.391592], [24.945254, 37.391561], [24.94525, 37.391516], [24.945244, 37.391471], [24.945238, 37.391426], [24.945232, 37.391381], [24.945225, 37.391336], [24.945218, 37.391291], [24.94521, 37.391246], [24.945202, 37.391201], [24.945196, 37.391171], [24.945139, 37.391183], [24.945136, 37.391201], [24.945131, 37.391246], [24.945126, 37.391291], [24.945119, 37.391337], [24.945113, 37.391382], [24.945106, 37.391427], [24.945098, 37.391472], [24.94509, 37.391517], [24.945087, 37.391531], [24.945031, 37.391537], [24.944975, 37.391545], [24.944918, 37.39155], [24.944905, 37.391519], [24.944885, 37.391474], [24.944863, 37.391429], [24.94486, 37.391423], [24.944852, 37.391384], [24.944843, 37.391339], [24.944833, 37.391294], [24.94481, 37.391249], [24.944801, 37.391233], [24.944796, 37.391249], [24.944779, 37.391294], [24.944773, 37.391339], [24.944767, 37.391385], [24.944761, 37.39143], [24.944755, 37.391475], [24.94475, 37.39152], [24.944748, 37.391522], [24.944733, 37.39152], [24.944691, 37.391486], [24.944678, 37.391475], [24.944634, 37.391442], [24.94462, 37.391431], [24.944577, 37.391406], [24.944531, 37.391386], [24.94452, 37.391382], [24.944464, 37.391358], [24.94446, 37.391342], [24.944449, 37.391297], [24.94444, 37.391252], [24.944432, 37.391207], [24.944425, 37.391162], [24.944418, 37.391117], [24.94442, 37.391072], [24.94446, 37.391049], [24.944495, 37.391026], [24.944516, 37.391013], [24.944572, 37.390991], [24.944611, 37.39098], [24.944628, 37.390949], [24.944654, 37.390935], [24.944684, 37.390926], [24.944711, 37.390889], [24.94474, 37.390859], [24.944764, 37.390844], [24.944796, 37.390836], [24.944852, 37.390815], [24.944891, 37.390797], [24.944909, 37.390791], [24.944945, 37.390752], [24.944908, 37.390736], [24.944864, 37.390753], [24.944852, 37.390772], [24.944795, 37.390778], [24.944739, 37.390798], [24.944737, 37.390799], [24.944683, 37.390821], [24.944627, 37.390841], [24.944614, 37.390845], [24.94457, 37.390863], [24.944514, 37.390879], [24.944481, 37.390891], [24.944458, 37.390902], [24.944402, 37.39092], [24.944345, 37.390934], [24.944329, 37.390937], [24.944289, 37.390947], [24.944243, 37.390938], [24.944232, 37.390936], [24.944176, 37.390918], [24.944121, 37.390894], [24.944119, 37.390893], [24.944062, 37.390868], [24.944022, 37.390849], [24.944005, 37.390842], [24.943948, 37.390813], [24.943929, 37.390805], [24.943891, 37.39079], [24.943835, 37.390768], [24.943819, 37.390761], [24.943778, 37.390741], [24.943721, 37.390719], [24.943712, 37.390717], [24.943664, 37.390708], [24.943608, 37.390702], [24.943551, 37.390687], [24.943495, 37.390676], [24.943481, 37.390673], [24.943438, 37.390667], [24.943381, 37.390651], [24.943324, 37.390632], [24.943318, 37.39063], [24.943268, 37.390605], [24.943211, 37.390587], [24.943206, 37.390585], [24.943154, 37.390568], [24.943097, 37.390543], [24.943095, 37.390541], [24.943041, 37.390515], [24.943015, 37.390497], [24.942983, 37.390472], [24.942956, 37.390452], [24.942926, 37.390432], [24.942887, 37.390408], [24.942869, 37.39039], [24.94284, 37.390363], [24.942812, 37.390346], [24.942777, 37.390318], [24.942755, 37.390291], [24.942739, 37.390274], [24.942698, 37.390235], [24.942691, 37.390229], [24.942641, 37.390192], [24.942629, 37.390184], [24.942584, 37.390165], [24.94255, 37.39014], [24.942527, 37.390122], [24.942495, 37.390095], [24.94247, 37.390074], [24.942449, 37.390051], [24.942418, 37.390006], [24.942413, 37.389998], [24.942383, 37.389961], [24.942358, 37.389916], [24.942355, 37.389908], [24.942338, 37.389871], [24.942323, 37.389826], [24.942308, 37.389781], [24.942297, 37.389736], [24.942296, 37.389734], [24.942285, 37.389691], [24.942274, 37.389646], [24.94227, 37.389601], [24.942272, 37.389556], [24.942264, 37.389511], [24.942247, 37.389466], [24.942236, 37.389451], [24.94222, 37.389421], [24.942186, 37.389376], [24.942178, 37.389355], [24.942171, 37.389331], [24.942165, 37.389286], [24.942149, 37.389241], [24.942142, 37.389196], [24.942136, 37.389151], [24.942124, 37.389106], [24.942119, 37.38909], [24.942109, 37.389061], [24.94208, 37.389017], [24.942061, 37.388992], [24.942048, 37.388972], [24.942021, 37.388927], [24.942003, 37.388908], [24.941983, 37.388882], [24.941956, 37.388837], [24.941946, 37.388813], [24.941935, 37.388792], [24.941907, 37.388747], [24.941888, 37.388723], [24.941857, 37.388703], [24.941831, 37.388687], [24.941774, 37.388671], [24.941718, 37.388659], [24.941718, 37.388659], [24.941661, 37.388651], [24.941604, 37.388639], [24.941548, 37.388625], [24.941507, 37.388615], [24.941491, 37.388611], [24.941434, 37.388592], [24.941378, 37.388576], [24.941366, 37.388571], [24.941321, 37.388536], [24.941296, 37.388527], [24.941264, 37.388518], [24.941207, 37.388491], [24.941151, 37.3885], [24.941131, 37.388528], [24.941095, 37.388557], [24.941038, 37.388559], [24.940982, 37.388566], [24.940926, 37.388572], [24.940907, 37.388575], [24.940869, 37.388581], [24.940813, 37.388604], [24.940789, 37.388621], [24.940757, 37.388645], [24.940734, 37.388667], [24.940701, 37.388683], [24.940654, 37.388712], [24.940645, 37.38872], [24.940589, 37.388754], [24.940584, 37.388758], [24.940533, 37.388789], [24.940495, 37.388804], [24.940477, 37.388815], [24.94042, 37.388807], [24.940407, 37.388804], [24.94042, 37.388791], [24.94043, 37.388759], [24.940419, 37.388738], [24.940363, 37.388739], [24.940306, 37.388746], [24.94025, 37.388759], [24.940243, 37.388761], [24.940194, 37.388773], [24.940137, 37.388799], [24.940122, 37.388807], [24.940081, 37.388825], [24.940025, 37.388851], [24.940017, 37.388853], [24.939969, 37.388865], [24.939912, 37.388875], [24.939856, 37.388881], [24.939799, 37.388863], [24.939744, 37.388855], [24.939743, 37.388855], [24.939686, 37.388847], [24.939629, 37.388835], [24.939573, 37.388816], [24.939559, 37.388811], [24.939516, 37.388809], [24.93946, 37.388809], [24.939447, 37.388812], [24.939431, 37.388857], [24.939404, 37.388873], [24.939347, 37.388867], [24.939291, 37.388893], [24.939274, 37.388904], [24.939235, 37.388936], [24.939212, 37.388949], [24.939179, 37.388966], [24.939134, 37.388995], [24.939123, 37.389002], [24.939115, 37.388995], [24.939123, 37.388972], [24.93914, 37.38895], [24.939174, 37.388904], [24.939178, 37.388902], [24.939234, 37.388871], [24.939246, 37.388859], [24.93929, 37.388819], [24.939296, 37.388813], [24.939346, 37.388774], [24.939355, 37.388768], [24.939402, 37.388725], [24.939413, 37.388722], [24.939458, 37.388703], [24.939514, 37.388679], [24.939517, 37.388676], [24.939532, 37.388631], [24.93957, 37.388594], [24.939592, 37.388585], [24.939626, 37.388542], [24.939627, 37.38854], [24.939661, 37.388495], [24.939681, 37.388464], [24.939691, 37.388449], [24.939716, 37.388404], [24.939737, 37.388372], [24.939745, 37.388359], [24.939777, 37.388314], [24.939792, 37.388291], [24.939808, 37.388268], [24.939848, 37.388247], [24.939872, 37.388223], [24.939887, 37.388177], [24.939903, 37.388162], [24.93996, 37.388137], [24.939965, 37.388132], [24.939981, 37.388086], [24.940015, 37.38805], [24.940029, 37.388041], [24.940062, 37.387996], [24.940071, 37.387982], [24.940098, 37.38795], [24.940126, 37.38792], [24.940138, 37.387905], [24.940161, 37.38786], [24.940182, 37.387824], [24.940187, 37.387814], [24.940216, 37.387769], [24.940237, 37.387736], [24.940245, 37.387724], [24.940262, 37.387679], [24.940277, 37.387633], [24.940289, 37.387588], [24.940292, 37.387569], [24.940294, 37.387543], [24.940305, 37.387498], [24.940329, 37.387453], [24.940346, 37.387429], [24.940365, 37.387407], [24.940402, 37.387378], [24.940432, 37.387362], [24.940458, 37.387346], [24.940514, 37.387317], [24.940517, 37.387316], [24.940571, 37.387289], [24.940601, 37.38727], [24.940627, 37.387254], [24.940659, 37.387225], [24.940683, 37.387206], [24.94071, 37.387179], [24.940738, 37.387152], [24.940767, 37.387133], [24.940794, 37.387114], [24.940851, 37.387089], [24.940853, 37.387088], [24.940907, 37.387045], [24.94091, 37.387042], [24.940962, 37.386999], [24.940965, 37.386997], [24.941008, 37.386951], [24.941018, 37.38694], [24.94104, 37.386906], [24.941068, 37.386861], [24.941074, 37.386852], [24.941088, 37.386815], [24.941114, 37.38677], [24.941129, 37.386742], [24.941138, 37.386725], [24.941167, 37.386679], [24.941184, 37.386649], [24.94119, 37.386634], [24.941212, 37.386589], [24.941239, 37.386551], [24.941245, 37.386544], [24.941264, 37.386498], [24.941295, 37.386461], [24.941308, 37.386453], [24.941351, 37.386409], [24.941352, 37.386407], [24.941383, 37.386362], [24.941396, 37.386317], [24.941398, 37.386272], [24.941397, 37.386227], [24.941384, 37.386182], [24.941382, 37.386137], [24.941373, 37.386092], [24.941347, 37.386047], [24.941346, 37.386045], [24.941306, 37.386002], [24.941289, 37.385987], [24.941246, 37.385958], [24.941232, 37.38595], [24.941175, 37.385915], [24.94116, 37.385913], [24.941118, 37.385911], [24.941062, 37.385906], [24.941005, 37.385871], [24.940949, 37.385884], [24.940892, 37.385876], [24.940876, 37.38587], [24.940835, 37.385856], [24.940778, 37.38584], [24.940737, 37.385826], [24.940722, 37.385819], [24.940665, 37.3858], [24.940615, 37.385782], [24.940608, 37.385779], [24.940552, 37.385763], [24.940499, 37.385738], [24.940495, 37.385736], [24.940438, 37.385719], [24.940381, 37.385714], [24.940325, 37.385712], [24.940268, 37.385716], [24.940212, 37.385727], [24.940156, 37.385732], [24.940099, 37.385726], [24.940043, 37.385728], [24.939986, 37.385719], [24.939929, 37.385714], [24.939873, 37.38573], [24.93983, 37.385743], [24.939817, 37.385749], [24.939761, 37.385776], [24.939724, 37.385789], [24.939704, 37.385796], [24.939648, 37.385811], [24.939594, 37.385835], [24.939592, 37.385837], [24.939536, 37.385866], [24.939516, 37.385881], [24.93949, 37.385926], [24.93948, 37.385952], [24.939475, 37.385972], [24.939443, 37.386017], [24.939425, 37.38603], [24.939369, 37.386055], [24.939346, 37.386063], [24.939312, 37.386075], [24.939256, 37.386094], [24.9392, 37.386103], [24.939161, 37.386109], [24.939143, 37.386113], [24.939087, 37.386119], [24.939031, 37.386125], [24.938974, 37.38613], [24.938918, 37.386126], [24.93889, 37.386111], [24.938861, 37.386094], [24.938834, 37.386067], [24.938807, 37.386022], [24.938803, 37.386011], [24.93879, 37.385977], [24.938788, 37.385932], [24.938793, 37.385887], [24.938799, 37.385842], [24.938801, 37.385823], [24.938803, 37.385797], [24.938806, 37.385751], [24.93881, 37.385706], [24.938832, 37.385661], [24.938835, 37.385616], [24.938837, 37.385571], [24.938842, 37.385526], [24.938845, 37.385481], [24.938853, 37.385462], [24.938868, 37.385435], [24.938865, 37.38539], [24.93886, 37.385345], [24.938858, 37.3853], [24.938857, 37.385255], [24.938874, 37.38521], [24.938862, 37.385165], [24.938849, 37.385142], [24.938841, 37.38512], [24.938827, 37.385075], [24.938815, 37.38503], [24.938815, 37.384985], [24.938811, 37.38494], [24.938802, 37.384895], [24.938789, 37.384886], [24.938784, 37.384878]]}}, {"type": "Feature", "properties": {"elev": 10}, "geometry": {"type": "LineString", "coordinates": [[24.949018, 37.396039], [24.949006, 37.396084], [24.948993, 37.39613], [24.948988, 37.396143], [24.948976, 37.39613], [24.948939, 37.396085], [24.94893, 37.396074], [24.948904, 37.39604], [24.948873, 37.395998], [24.948871, 37.395995], [24.948838, 37.39595], [24.948816, 37.395946], [24.948811, 37.395951], [24.948807, 37.395996], [24.948802, 37.396041], [24.948798, 37.396086], [24.948795, 37.396131], [24.948792, 37.396176], [24.948784, 37.396221], [24.948774, 37.396267], [24.948764, 37.396306], [24.948756, 37.396267], [24.948747, 37.396222], [24.94874, 37.396177], [24.948737, 37.396132], [24.948733, 37.396087], [24.94873, 37.396041], [24.948726, 37.395996], [24.948721, 37.395951], [24.948715, 37.395906], [24.948702, 37.395861], [24.948702, 37.39586], [24.948676, 37.395816], [24.948655, 37.395772], [24.948644, 37.395757], [24.948587, 37.39573], [24.948584, 37.395727], [24.948551, 37.395682], [24.948529, 37.395645], [24.948518, 37.395637], [24.948472, 37.395606], [24.948451, 37.395593], [24.948415, 37.395571], [24.948375, 37.395548], [24.948359, 37.395539], [24.948302, 37.395531], [24.948263, 37.395549], [24.948246, 37.395554], [24.948189, 37.395553], [24.948167, 37.39555], [24.948132, 37.395513], [24.948076, 37.395521], [24.948019, 37.395521], [24.948001, 37.395506], [24.947962, 37.395485], [24.947906, 37.39549], [24.94785, 37.395501], [24.947839, 37.395508], [24.947793, 37.395537], [24.947737, 37.395548], [24.947703, 37.395554], [24.947681, 37.395558], [24.947624, 37.39557], [24.947568, 37.39558], [24.947512, 37.395589], [24.947455, 37.395597], [24.947442, 37.395601], [24.947399, 37.395634], [24.947365, 37.395647], [24.947343, 37.395651], [24.947287, 37.395664], [24.94723, 37.395675], [24.947174, 37.395682], [24.947117, 37.395689], [24.947097, 37.395694], [24.947061, 37.39572], [24.947012, 37.39574], [24.947005, 37.395741], [24.946949, 37.395756], [24.946892, 37.395766], [24.946836, 37.39578], [24.946826, 37.395786], [24.94678, 37.395808], [24.946723, 37.395809], [24.946667, 37.395806], [24.946642, 37.395833], [24.946611, 37.395846], [24.946554, 37.395861], [24.946498, 37.395862], [24.946486, 37.395879], [24.946442, 37.395889], [24.946414, 37.39588], [24.946441, 37.395856], [24.946479, 37.395834], [24.946497, 37.395817], [24.946554, 37.395797], [24.94661, 37.395791], [24.946616, 37.395788], [24.946666, 37.395759], [24.946723, 37.395749], [24.946728, 37.395742], [24.946722, 37.395729], [24.946666, 37.395721], [24.946609, 37.395717], [24.946553, 37.395712], [24.946496, 37.395704], [24.946445, 37.395699], [24.946439, 37.395699], [24.946383, 37.395695], [24.946326, 37.395695], [24.94627, 37.395692], [24.946213, 37.395687], [24.946157, 37.395682], [24.9461, 37.395678], [24.946043, 37.395674], [24.945987, 37.395671], [24.94593, 37.395668], [24.945874, 37.395665], [24.945817, 37.395662], [24.945761, 37.39566], [24.945758, 37.39566], [24.945704, 37.395657], [24.945648, 37.395651], [24.945591, 37.395638], [24.94555, 37.395661], [24.945535, 37.395664], [24.945514, 37.395661], [24.945535, 37.395648], [24.945561, 37.395616], [24.945534, 37.395593], [24.945509, 37.395571], [24.945477, 37.39553], [24.945473, 37.395527], [24.94542, 37.395485], [24.945416, 37.395482], [24.945414, 37.395437], [24.945419, 37.395434], [24.945446, 37.395392], [24.945421, 37.395347], [24.945418, 37.395342], [24.94539, 37.395302], [24.94536, 37.395265], [24.945354, 37.395257], [24.945315, 37.395212], [24.945303, 37.395202], [24.945251, 37.395168], [24.945246, 37.395165], [24.945189, 37.395128], [24.94518, 37.395123], [24.945132, 37.395101], [24.945084, 37.395079], [24.945075, 37.395074], [24.945058, 37.395034], [24.945025, 37.394989], [24.945018, 37.394978], [24.945002, 37.394944], [24.944991, 37.394899], [24.944973, 37.394854], [24.944959, 37.394845], [24.944911, 37.394855], [24.944933, 37.3949], [24.944925, 37.394945], [24.944916, 37.39499], [24.944905, 37.395016], [24.944848, 37.394999], [24.944819, 37.394991], [24.944792, 37.394982], [24.944735, 37.394962], [24.944699, 37.394947], [24.944678, 37.394936], [24.944621, 37.394908], [24.944601, 37.394902], [24.944564, 37.394889], [24.944508, 37.394875], [24.944451, 37.39486], [24.944446, 37.394859], [24.944394, 37.394836], [24.94434, 37.394814], [24.944337, 37.394813], [24.944286, 37.39477], [24.94428, 37.394746], [24.944279, 37.394725], [24.944263, 37.39468], [24.944265, 37.394635], [24.944263, 37.394589], [24.944263, 37.394544], [24.944265, 37.394499], [24.944263, 37.394454], [24.944259, 37.394409], [24.944254, 37.394364], [24.944248, 37.394319], [24.944247, 37.394274], [24.944249, 37.394229], [24.94425, 37.394184], [24.944252, 37.394139], [24.944253, 37.394094], [24.944255, 37.394049], [24.944257, 37.394003], [24.944214, 37.393968], [24.944192, 37.393959], [24.94416, 37.393914], [24.944163, 37.393869], [24.944198, 37.393824], [24.944212, 37.393811], [24.944221, 37.393778], [24.944217, 37.393733], [24.944229, 37.393688], [24.944227, 37.393643], [24.944224, 37.393598], [24.944221, 37.393553], [24.944223, 37.393508], [24.944225, 37.393463], [24.94423, 37.393418], [24.944235, 37.393372], [24.944251, 37.393327], [24.94425, 37.393282], [24.944252, 37.393237], [24.94425, 37.393192], [24.94426, 37.393172], [24.944294, 37.393147], [24.9443, 37.393101], [24.944299, 37.393056], [24.944297, 37.393011], [24.944315, 37.393005], [24.944336, 37.392966], [24.94437, 37.392932], [24.944381, 37.39292], [24.94439, 37.392875], [24.944369, 37.392842], [24.944353, 37.392876], [24.944355, 37.392921], [24.944314, 37.392948], [24.944266, 37.392966], [24.944258, 37.392981], [24.944239, 37.393012], [24.944225, 37.393057], [24.944203, 37.393071], [24.944167, 37.393057], [24.944151, 37.393012], [24.944145, 37.392993], [24.944138, 37.392967], [24.944126, 37.392922], [24.944123, 37.392877], [24.944105, 37.392832], [24.944086, 37.392817], [24.944065, 37.392788], [24.944029, 37.392754], [24.944021, 37.392743], [24.943973, 37.392698], [24.943972, 37.392697], [24.943915, 37.392667], [24.943896, 37.392654], [24.943858, 37.39262], [24.943853, 37.392609], [24.943857, 37.392581], [24.943861, 37.392564], [24.943882, 37.392519], [24.943903, 37.392473], [24.943912, 37.392455], [24.943926, 37.392428], [24.94394, 37.392383], [24.943954, 37.392338], [24.943967, 37.392308], [24.943978, 37.392292], [24.944007, 37.392247], [24.944022, 37.392222], [24.944036, 37.392202], [24.944034, 37.392157], [24.944054, 37.392112], [24.944077, 37.392068], [24.944078, 37.392066], [24.944115, 37.392021], [24.944133, 37.391989], [24.944141, 37.391976], [24.944165, 37.39193], [24.944174, 37.391885], [24.944186, 37.39184], [24.944187, 37.391836], [24.944203, 37.391795], [24.944211, 37.39175], [24.944214, 37.391705], [24.94422, 37.391659], [24.944229, 37.391614], [24.944233, 37.391569], [24.94424, 37.391549], [24.944258, 37.391524], [24.944272, 37.391479], [24.944271, 37.391434], [24.944265, 37.391389], [24.944259, 37.391343], [24.944249, 37.391298], [24.944239, 37.391253], [24.944236, 37.391243], [24.944219, 37.391209], [24.944196, 37.391164], [24.944178, 37.391126], [24.944175, 37.391119], [24.944142, 37.391074], [24.944121, 37.391047], [24.944104, 37.391029], [24.944064, 37.391002], [24.944037, 37.390985], [24.944007, 37.390969], [24.943956, 37.39094], [24.94395, 37.390937], [24.943893, 37.390911], [24.94386, 37.390896], [24.943836, 37.390886], [24.943779, 37.390862], [24.943756, 37.390852], [24.943723, 37.390838], [24.943666, 37.390819], [24.943636, 37.390807], [24.943609, 37.390798], [24.943552, 37.390777], [24.943514, 37.390763], [24.943496, 37.390757], [24.943439, 37.390736], [24.94339, 37.390719], [24.943382, 37.390717], [24.943325, 37.390695], [24.943274, 37.390675], [24.943268, 37.390673], [24.943212, 37.390655], [24.943155, 37.390636], [24.943142, 37.390631], [24.943098, 37.390615], [24.943041, 37.390594], [24.943029, 37.390587], [24.942985, 37.390559], [24.942957, 37.390542], [24.942928, 37.390524], [24.942886, 37.390498], [24.942871, 37.390486], [24.942814, 37.390455], [24.942811, 37.390453], [24.942757, 37.390422], [24.942743, 37.390409], [24.9427, 37.39038], [24.942672, 37.390364], [24.942643, 37.390339], [24.942626, 37.39032], [24.942586, 37.390283], [24.942569, 37.390275], [24.942529, 37.390242], [24.942519, 37.39023], [24.942471, 37.390189], [24.942464, 37.390186], [24.942416, 37.390141], [24.942414, 37.390139], [24.942385, 37.390096], [24.94236, 37.390051], [24.942357, 37.390045], [24.942333, 37.390006], [24.942305, 37.389961], [24.942299, 37.389951], [24.942278, 37.389917], [24.942265, 37.389872], [24.942252, 37.389827], [24.94224, 37.38979], [24.942237, 37.389782], [24.942223, 37.389737], [24.94221, 37.389692], [24.942199, 37.389647], [24.942187, 37.389602], [24.942181, 37.389583], [24.942173, 37.389557], [24.942165, 37.389512], [24.942153, 37.389467], [24.942134, 37.389422], [24.942122, 37.38938], [24.942121, 37.389377], [24.942106, 37.389332], [24.942097, 37.389287], [24.942087, 37.389242], [24.942078, 37.389197], [24.942069, 37.389152], [24.942063, 37.389122], [24.942058, 37.389107], [24.942039, 37.389062], [24.94201, 37.389017], [24.942005, 37.389008], [24.941982, 37.388972], [24.941953, 37.388927], [24.941947, 37.38892], [24.941921, 37.388883], [24.941902, 37.388838], [24.941889, 37.388814], [24.941862, 37.388793], [24.941832, 37.388774], [24.941775, 37.38875], [24.941773, 37.388748], [24.941719, 37.38873], [24.941662, 37.388713], [24.941645, 37.388704], [24.941605, 37.388693], [24.941549, 37.388689], [24.941492, 37.388697], [24.941436, 37.388694], [24.94138, 37.388661], [24.941381, 37.388616], [24.941378, 37.388615], [24.941321, 37.388603], [24.941294, 37.388617], [24.941266, 37.388662], [24.941265, 37.388662], [24.94121, 37.388692], [24.941161, 37.388708], [24.941153, 37.388715], [24.941097, 37.388741], [24.941048, 37.388754], [24.941041, 37.388756], [24.940985, 37.388776], [24.940928, 37.388793], [24.940906, 37.3888], [24.940872, 37.388815], [24.940816, 37.388839], [24.940799, 37.388846], [24.94076, 37.388863], [24.940704, 37.388889], [24.940696, 37.388892], [24.940647, 37.388913], [24.940591, 37.388936], [24.940586, 37.388938], [24.940535, 37.388959], [24.940479, 37.388981], [24.940469, 37.388984], [24.940422, 37.389002], [24.940366, 37.389023], [24.940349, 37.38903], [24.94031, 37.389046], [24.940254, 37.389069], [24.940236, 37.389076], [24.940198, 37.389091], [24.940141, 37.389114], [24.940122, 37.389122], [24.940085, 37.389137], [24.940029, 37.38916], [24.940009, 37.389168], [24.939973, 37.389183], [24.939917, 37.389206], [24.939896, 37.389214], [24.93986, 37.389229], [24.939804, 37.38925], [24.939782, 37.38926], [24.939748, 37.389276], [24.939692, 37.3893], [24.939672, 37.389306], [24.939635, 37.38932], [24.939579, 37.389339], [24.939542, 37.389352], [24.939523, 37.38936], [24.939467, 37.389383], [24.939421, 37.389398], [24.93941, 37.389402], [24.939354, 37.389422], [24.939298, 37.389442], [24.939289, 37.389444], [24.939242, 37.389461], [24.939185, 37.38948], [24.939143, 37.389491], [24.939129, 37.389494], [24.939073, 37.38951], [24.939016, 37.389527], [24.93896, 37.389529], [24.938903, 37.389522], [24.938847, 37.389505], [24.938792, 37.389494], [24.93879, 37.389493], [24.938789, 37.389494], [24.938734, 37.389506], [24.938677, 37.389526], [24.938621, 37.389524], [24.938578, 37.389495], [24.938583, 37.38945], [24.938619, 37.389405], [24.938619, 37.389404], [24.938631, 37.38936], [24.938661, 37.389314], [24.938674, 37.389287], [24.938684, 37.389269], [24.938703, 37.389224], [24.93872, 37.389179], [24.938729, 37.389151], [24.938735, 37.389133], [24.938747, 37.389088], [24.938763, 37.389043], [24.938784, 37.389004], [24.938787, 37.388998], [24.938813, 37.388952], [24.938839, 37.388911], [24.938841, 37.388907], [24.938864, 37.388862], [24.938889, 37.388816], [24.938895, 37.388808], [24.938918, 37.388771], [24.938945, 37.388726], [24.93895, 37.388718], [24.938975, 37.388681], [24.939005, 37.38864], [24.939009, 37.388635], [24.939043, 37.38859], [24.939061, 37.388569], [24.939085, 37.388544], [24.939117, 37.388512], [24.93913, 37.388499], [24.939173, 37.388457], [24.939177, 37.388454], [24.939225, 37.388408], [24.939228, 37.388405], [24.939281, 37.388363], [24.939284, 37.38836], [24.939339, 37.388317], [24.93934, 37.388316], [24.939395, 37.388271], [24.939396, 37.388271], [24.939449, 37.388226], [24.939452, 37.388223], [24.939503, 37.38818], [24.939508, 37.388176], [24.939563, 37.388135], [24.939564, 37.388134], [24.93962, 37.388094], [24.939626, 37.388089], [24.939676, 37.388056], [24.939697, 37.388044], [24.939732, 37.388022], [24.939767, 37.387998], [24.939788, 37.387985], [24.939836, 37.387952], [24.939844, 37.387946], [24.939889, 37.387907], [24.9399, 37.387898], [24.939939, 37.387861], [24.939956, 37.387839], [24.939976, 37.387816], [24.940009, 37.387771], [24.940012, 37.387767], [24.940041, 37.387725], [24.940067, 37.387686], [24.940071, 37.38768], [24.940095, 37.387635], [24.940122, 37.387589], [24.940122, 37.387589], [24.940146, 37.387544], [24.940176, 37.387499], [24.940178, 37.387497], [24.940209, 37.387454], [24.940233, 37.387428], [24.940252, 37.387408], [24.940289, 37.387372], [24.940297, 37.387363], [24.940345, 37.38732], [24.940349, 37.387317], [24.940401, 37.387278], [24.94041, 37.387272], [24.940457, 37.387239], [24.940477, 37.387226], [24.940513, 37.387201], [24.940542, 37.38718], [24.940569, 37.38716], [24.940604, 37.387135], [24.940625, 37.387118], [24.940654, 37.387089], [24.940681, 37.387068], [24.94072, 37.387044], [24.940737, 37.38703], [24.940768, 37.386998], [24.940793, 37.386978], [24.940831, 37.386953], [24.940849, 37.386937], [24.940878, 37.386907], [24.940904, 37.386881], [24.940926, 37.386862], [24.94096, 37.38682], [24.940962, 37.386816], [24.94099, 37.386771], [24.941016, 37.386731], [24.941018, 37.386726], [24.941063, 37.38668], [24.941071, 37.386667], [24.941083, 37.386635], [24.941103, 37.38659], [24.941125, 37.386545], [24.941126, 37.386542], [24.941148, 37.386499], [24.941182, 37.386458], [24.941184, 37.386454], [24.941203, 37.386409], [24.941224, 37.386363], [24.941237, 37.386327], [24.941241, 37.386318], [24.941261, 37.386273], [24.941282, 37.386228], [24.941274, 37.386183], [24.941234, 37.386144], [24.941228, 37.386138], [24.941234, 37.386112], [24.94124, 37.386093], [24.941233, 37.38608], [24.94121, 37.386048], [24.941176, 37.386026], [24.941138, 37.386003], [24.941119, 37.385973], [24.941096, 37.385959], [24.941062, 37.385956], [24.941006, 37.385947], [24.940949, 37.385915], [24.940948, 37.385915], [24.940892, 37.385904], [24.940836, 37.385888], [24.940789, 37.385871], [24.940779, 37.385868], [24.940722, 37.385849], [24.940665, 37.38583], [24.940658, 37.385827], [24.940609, 37.38581], [24.940552, 37.385795], [24.940519, 37.385783], [24.940495, 37.385771], [24.940438, 37.38576], [24.940382, 37.385771], [24.940326, 37.385768], [24.940269, 37.38577], [24.940213, 37.385777], [24.940156, 37.385781], [24.9401, 37.385782], [24.94007, 37.385787], [24.940043, 37.385791], [24.939987, 37.385807], [24.939931, 37.385818], [24.939891, 37.385833], [24.939874, 37.38584], [24.939818, 37.385867], [24.939786, 37.385879], [24.939762, 37.385889], [24.939706, 37.385919], [24.939696, 37.385925], [24.93965, 37.385964], [24.939645, 37.38597], [24.939594, 37.386003], [24.939578, 37.386016], [24.939538, 37.386036], [24.939499, 37.386062], [24.939482, 37.386073], [24.939426, 37.386106], [24.939421, 37.386107], [24.93937, 37.386123], [24.939313, 37.38614], [24.939265, 37.386154], [24.939257, 37.386157], [24.939201, 37.386177], [24.939144, 37.386191], [24.939092, 37.3862], [24.939088, 37.386201], [24.939032, 37.386217], [24.938975, 37.386222], [24.938919, 37.386213], [24.938896, 37.386202], [24.938862, 37.386187], [24.938826, 37.386157], [24.938805, 37.386138], [24.938781, 37.386112], [24.938754, 37.386067], [24.938747, 37.38605], [24.938734, 37.386023], [24.93871, 37.385978], [24.938691, 37.385933], [24.93869, 37.385888], [24.938698, 37.385843], [24.9387, 37.385797], [24.938705, 37.385752], [24.938704, 37.385707], [24.938701, 37.385662], [24.938712, 37.385617], [24.93872, 37.385572], [24.938726, 37.385527], [24.938732, 37.385482], [24.938739, 37.385439], [24.93874, 37.385436], [24.938745, 37.385391], [24.938749, 37.385346], [24.938753, 37.385301], [24.938757, 37.385256], [24.938777, 37.385211], [24.938793, 37.385173], [24.938794, 37.385165], [24.938792, 37.385151], [24.938787, 37.38512], [24.938783, 37.385075], [24.938769, 37.38503], [24.93876, 37.384985], [24.938753, 37.38494], [24.938764, 37.384895], [24.938753, 37.384878]]}}, {"type": "Feature", "properties": {"elev": 15}, "geometry": {"type": "LineString", "coordinates": [[24.941238, 37.397569], [24.941249, 37.397544], [24.941261, 37.397499], [24.941263, 37.397494], [24.941277, 37.397454], [24.941288, 37.397408], [24.941288, 37.397363], [24.941288, 37.397318], [24.941296, 37.397273], [24.941302, 37.397228], [24.9413, 37.397183], [24.941298, 37.397138], [24.941303, 37.397093], [24.9413, 37.397048], [24.941293, 37.397003], [24.941291, 37.396957], [24.94128, 37.396912], [24.941295, 37.396867], [24.941312, 37.396849], [24.941319, 37.396867], [24.941332, 37.396912], [24.941336, 37.396957], [24.94137, 37.396971], [24.941406, 37.396957], [24.941426, 37.396952], [24.941462, 37.396911], [24.941457, 37.396866], [24.941443, 37.396821], [24.941433, 37.396776], [24.941425, 37.396731], [24.941423, 37.396725], [24.941411, 37.396686], [24.941396, 37.396641], [24.941365, 37.396602], [24.941363, 37.396596], [24.941358, 37.396551], [24.941347, 37.396506], [24.941336, 37.396461], [24.941316, 37.396416], [24.941306, 37.396394], [24.941295, 37.396371], [24.94128, 37.396326], [24.941269, 37.396281], [24.941259, 37.396236], [24.941251, 37.396191], [24.941247, 37.396168], [24.941243, 37.396146], [24.941238, 37.396101], [24.94123, 37.396056], [24.941218, 37.396011], [24.941204, 37.395966], [24.941187, 37.395922], [24.941187, 37.395921], [24.941173, 37.395876], [24.941165, 37.395831], [24.941159, 37.395786], [24.941156, 37.395741], [24.941184, 37.395705], [24.941188, 37.395696], [24.941186, 37.395651], [24.941206, 37.395606], [24.941221, 37.39556], [24.941239, 37.395537], [24.941266, 37.395515], [24.941287, 37.39547], [24.941294, 37.395456], [24.941314, 37.395424], [24.941345, 37.395379], [24.94135, 37.395376], [24.941406, 37.395371], [24.941462, 37.395337], [24.941467, 37.395333], [24.941518, 37.3953], [24.941532, 37.395287], [24.941574, 37.395253], [24.941583, 37.395242], [24.941616, 37.395197], [24.94163, 37.395179], [24.941652, 37.395151], [24.941685, 37.395111], [24.94169, 37.395106], [24.941718, 37.395061], [24.94174, 37.395015], [24.941741, 37.395013], [24.941759, 37.39497], [24.941779, 37.394925], [24.941796, 37.394886], [24.941798, 37.39488], [24.941815, 37.394834], [24.941828, 37.394789], [24.94185, 37.394747], [24.941852, 37.394744], [24.941861, 37.394699], [24.941855, 37.394654], [24.941849, 37.394632], [24.941841, 37.394609], [24.941823, 37.394564], [24.941813, 37.394519], [24.941794, 37.394474], [24.94179, 37.394467], [24.941769, 37.394429], [24.941733, 37.394386], [24.941732, 37.394384], [24.941683, 37.39434], [24.941676, 37.394334], [24.941641, 37.394295], [24.941618, 37.394273], [24.941577, 37.39425], [24.941561, 37.394235], [24.941505, 37.394224], [24.941473, 37.394206], [24.941504, 37.394164], [24.941561, 37.394172], [24.941617, 37.394165], [24.941655, 37.394159], [24.941673, 37.39412], [24.941676, 37.394114], [24.941697, 37.394069], [24.941718, 37.394024], [24.941728, 37.394], [24.941743, 37.393978], [24.941769, 37.393933], [24.941783, 37.393904], [24.941793, 37.393888], [24.941819, 37.393843], [24.941839, 37.393816], [24.941853, 37.393797], [24.941895, 37.393761], [24.941904, 37.393752], [24.941938, 37.393706], [24.94195, 37.393683], [24.941962, 37.393661], [24.941995, 37.393616], [24.942006, 37.393605], [24.942058, 37.39357], [24.942062, 37.393568], [24.942102, 37.393525], [24.942117, 37.3935], [24.942128, 37.393479], [24.942159, 37.393434], [24.942173, 37.393416], [24.9422, 37.393389], [24.942229, 37.393361], [24.942256, 37.393343], [24.942285, 37.39332], [24.942314, 37.393298], [24.942341, 37.393296], [24.942397, 37.393294], [24.942454, 37.39329], [24.94251, 37.393287], [24.942567, 37.393283], [24.942623, 37.393278], [24.94268, 37.393276], [24.942736, 37.393272], [24.942793, 37.393278], [24.942826, 37.393294], [24.942849, 37.3933], [24.942902, 37.393293], [24.942906, 37.393292], [24.942909, 37.393293], [24.942962, 37.393298], [24.942993, 37.393292], [24.943019, 37.393288], [24.943075, 37.393269], [24.943128, 37.393246], [24.943131, 37.393245], [24.943187, 37.393223], [24.943232, 37.3932], [24.943244, 37.393194], [24.9433, 37.393156], [24.943303, 37.393154], [24.943356, 37.39312], [24.943366, 37.393109], [24.943404, 37.393063], [24.943411, 37.393054], [24.943439, 37.393018], [24.943455, 37.392973], [24.943467, 37.392952], [24.943479, 37.392928], [24.943499, 37.392882], [24.943517, 37.392837], [24.943521, 37.392825], [24.943536, 37.392792], [24.943553, 37.392747], [24.943567, 37.392702], [24.943576, 37.392676], [24.943584, 37.392656], [24.9436, 37.392611], [24.943617, 37.392566], [24.943631, 37.392527], [24.943632, 37.392521], [24.943646, 37.392475], [24.943661, 37.39243], [24.94368, 37.392385], [24.943685, 37.392376], [24.943715, 37.39234], [24.943737, 37.392294], [24.943741, 37.392287], [24.943754, 37.392249], [24.943772, 37.392204], [24.943793, 37.392159], [24.943796, 37.392153], [24.943822, 37.392113], [24.943851, 37.392082], [24.943861, 37.392068], [24.943887, 37.392023], [24.943907, 37.391994], [24.94392, 37.391977], [24.94394, 37.391932], [24.943956, 37.391887], [24.943962, 37.391874], [24.943988, 37.391842], [24.943992, 37.391796], [24.944007, 37.391751], [24.944016, 37.391722], [24.94402, 37.391706], [24.944033, 37.391661], [24.944046, 37.391616], [24.944059, 37.391571], [24.94407, 37.391544], [24.94408, 37.391525], [24.944096, 37.39148], [24.9441, 37.391435], [24.944108, 37.39139], [24.944106, 37.391345], [24.944087, 37.3913], [24.944067, 37.391259], [24.944065, 37.391255], [24.944046, 37.39121], [24.944011, 37.391165], [24.944009, 37.391163], [24.943972, 37.39112], [24.943952, 37.391101], [24.943919, 37.391076], [24.943895, 37.391059], [24.943854, 37.391031], [24.943838, 37.391022], [24.943781, 37.390993], [24.943772, 37.390987], [24.943724, 37.390954], [24.943708, 37.390942], [24.943667, 37.390921], [24.94361, 37.390898], [24.943609, 37.390898], [24.943553, 37.390868], [24.943519, 37.390853], [24.943497, 37.390845], [24.94344, 37.390822], [24.943406, 37.390809], [24.943383, 37.390799], [24.943326, 37.390773], [24.943309, 37.390765], [24.943269, 37.390748], [24.943213, 37.390723], [24.943208, 37.390721], [24.943156, 37.390698], [24.943113, 37.390676], [24.943099, 37.390671], [24.943042, 37.390648], [24.943015, 37.390632], [24.942985, 37.390616], [24.942934, 37.390588], [24.942928, 37.390584], [24.942872, 37.390558], [24.942847, 37.390543], [24.942815, 37.39052], [24.942782, 37.390499], [24.942758, 37.390486], [24.942712, 37.390454], [24.942701, 37.390443], [24.942651, 37.39041], [24.942644, 37.390406], [24.942589, 37.390365], [24.942587, 37.390361], [24.94253, 37.390322], [24.942528, 37.39032], [24.942472, 37.390278], [24.94247, 37.390276], [24.942415, 37.390234], [24.942412, 37.390231], [24.942358, 37.390194], [24.942348, 37.390187], [24.942301, 37.390142], [24.942301, 37.390142], [24.942244, 37.3901], [24.942242, 37.390097], [24.942228, 37.390052], [24.942201, 37.390007], [24.942186, 37.389986], [24.942177, 37.389963], [24.942159, 37.389918], [24.942128, 37.389878], [24.942125, 37.389873], [24.942118, 37.389828], [24.942109, 37.389783], [24.942096, 37.389738], [24.942076, 37.389693], [24.942069, 37.389668], [24.942066, 37.389648], [24.942057, 37.389603], [24.942046, 37.389558], [24.942035, 37.389513], [24.942025, 37.389468], [24.942015, 37.389423], [24.942009, 37.389398], [24.942005, 37.389378], [24.941995, 37.389333], [24.941984, 37.389288], [24.941969, 37.389243], [24.941958, 37.389198], [24.94195, 37.389169], [24.941946, 37.389153], [24.94194, 37.389108], [24.941927, 37.389063], [24.941906, 37.389018], [24.941891, 37.388986], [24.941884, 37.388973], [24.941855, 37.388928], [24.941834, 37.38891], [24.941796, 37.388884], [24.941777, 37.38887], [24.941734, 37.388839], [24.94172, 37.38883], [24.941663, 37.38881], [24.941606, 37.388802], [24.941552, 37.388795], [24.94155, 37.388795], [24.941493, 37.388792], [24.941437, 37.388791], [24.941419, 37.388796], [24.941381, 37.388817], [24.941324, 37.388836], [24.941311, 37.388842], [24.941268, 37.388865], [24.941212, 37.388885], [24.941205, 37.388888], [24.941156, 37.388913], [24.9411, 37.388933], [24.941096, 37.388934], [24.941043, 37.388956], [24.941009, 37.38898], [24.940987, 37.388992], [24.940931, 37.389003], [24.940875, 37.389014], [24.940841, 37.389026], [24.940818, 37.389035], [24.940762, 37.389059], [24.940732, 37.389072], [24.940706, 37.389084], [24.94065, 37.389109], [24.940629, 37.389118], [24.940594, 37.389135], [24.940537, 37.38916], [24.940526, 37.389164], [24.940481, 37.389181], [24.940425, 37.389203], [24.940407, 37.38921], [24.940369, 37.389227], [24.940313, 37.389247], [24.940286, 37.389256], [24.940256, 37.389266], [24.9402, 37.389287], [24.940162, 37.389302], [24.940144, 37.389309], [24.940088, 37.389332], [24.940047, 37.389348], [24.940031, 37.389354], [24.939975, 37.389378], [24.939939, 37.389394], [24.939919, 37.389403], [24.939863, 37.389428], [24.939835, 37.38944], [24.939807, 37.389454], [24.93975, 37.389483], [24.939744, 37.389486], [24.939694, 37.389509], [24.939646, 37.389532], [24.939638, 37.389536], [24.939582, 37.389562], [24.939551, 37.389578], [24.939526, 37.38959], [24.93947, 37.389616], [24.939456, 37.389623], [24.939413, 37.389648], [24.939374, 37.389669], [24.939357, 37.389677], [24.939301, 37.389703], [24.939272, 37.389715], [24.939245, 37.389729], [24.9392, 37.389761], [24.939189, 37.389767], [24.939133, 37.38979], [24.939105, 37.389807], [24.939077, 37.389829], [24.939029, 37.389852], [24.939021, 37.389856], [24.938964, 37.389888], [24.938948, 37.389898], [24.938908, 37.389926], [24.938876, 37.389944], [24.938852, 37.389956], [24.938807, 37.389989], [24.938796, 37.389997], [24.93874, 37.390015], [24.938722, 37.390035], [24.938684, 37.390052], [24.938628, 37.390065], [24.938598, 37.390081], [24.938572, 37.390095], [24.938515, 37.390083], [24.938459, 37.390118], [24.938402, 37.39011], [24.938356, 37.390128], [24.938346, 37.390134], [24.93829, 37.390153], [24.938233, 37.390166], [24.938198, 37.390174], [24.938177, 37.39018], [24.938121, 37.390189], [24.938064, 37.390186], [24.938008, 37.390184], [24.937951, 37.390183], [24.937895, 37.390181], [24.937861, 37.390177], [24.937838, 37.390175], [24.937781, 37.390167], [24.937725, 37.390161], [24.937668, 37.390158], [24.937612, 37.390166], [24.937555, 37.390165], [24.937499, 37.390161], [24.937442, 37.390159], [24.937386, 37.39014], [24.937379, 37.390136], [24.937385, 37.390127], [24.937406, 37.390091], [24.937441, 37.390054], [24.93746, 37.390045], [24.937497, 37.390011], [24.937503, 37.39], [24.937553, 37.38996], [24.937571, 37.389954], [24.937609, 37.389935], [24.937665, 37.389914], [24.93768, 37.389908], [24.937721, 37.389887], [24.937778, 37.389869], [24.937793, 37.389862], [24.937834, 37.389844], [24.93789, 37.389817], [24.937892, 37.389816], [24.937946, 37.389788], [24.937975, 37.389771], [24.938002, 37.389754], [24.938047, 37.389725], [24.938058, 37.389717], [24.938107, 37.389679], [24.938114, 37.389673], [24.938155, 37.389634], [24.93817, 37.389615], [24.938194, 37.389588], [24.938226, 37.389553], [24.938235, 37.389543], [24.938254, 37.389498], [24.93826, 37.389453], [24.938273, 37.389407], [24.93828, 37.389387], [24.938289, 37.389362], [24.938307, 37.389317], [24.938326, 37.389272], [24.938335, 37.389251], [24.938346, 37.389227], [24.938364, 37.389181], [24.938381, 37.389136], [24.93839, 37.389111], [24.938396, 37.389091], [24.938416, 37.389046], [24.938435, 37.389], [24.938445, 37.388979], [24.938456, 37.388955], [24.938481, 37.38891], [24.9385, 37.388887], [24.938519, 37.388865], [24.938556, 37.388828], [24.938563, 37.388819], [24.938595, 37.388774], [24.938611, 37.388759], [24.938645, 37.388728], [24.938667, 37.388709], [24.938694, 37.388683], [24.938723, 37.388654], [24.938739, 37.388637], [24.938779, 37.388593], [24.93878, 37.388592], [24.938817, 37.388547], [24.938834, 37.388527], [24.938857, 37.388501], [24.93889, 37.388464], [24.938898, 37.388456], [24.938941, 37.38841], [24.938946, 37.388405], [24.938985, 37.388365], [24.939002, 37.388348], [24.939032, 37.388319], [24.939058, 37.388296], [24.939083, 37.388274], [24.939114, 37.388247], [24.939135, 37.388228], [24.939169, 37.388198], [24.939188, 37.388183], [24.939225, 37.388152], [24.939244, 37.388137], [24.939281, 37.38811], [24.939306, 37.388092], [24.939337, 37.388071], [24.939371, 37.388046], [24.939393, 37.388032], [24.93944, 37.388001], [24.939449, 37.387995], [24.939505, 37.387963], [24.93952, 37.387955], [24.939562, 37.387933], [24.939599, 37.387909], [24.939618, 37.387896], [24.939667, 37.387864], [24.939674, 37.387859], [24.939729, 37.387818], [24.93973, 37.387817], [24.939775, 37.387773], [24.939785, 37.38776], [24.939814, 37.387727], [24.939841, 37.387695], [24.939851, 37.387682], [24.939883, 37.387636], [24.939897, 37.387619], [24.939917, 37.387591], [24.93995, 37.387546], [24.939952, 37.387542], [24.939983, 37.3875], [24.940008, 37.387474], [24.940026, 37.387455], [24.940064, 37.387413], [24.940068, 37.38741], [24.94012, 37.387368], [24.940124, 37.387364], [24.940169, 37.387319], [24.940175, 37.387314], [24.940232, 37.387284], [24.940253, 37.387273], [24.940288, 37.387252], [24.940314, 37.387227], [24.940343, 37.387203], [24.940363, 37.387182], [24.940399, 37.387156], [24.940424, 37.387136], [24.940455, 37.387107], [24.940472, 37.387091], [24.940511, 37.387054], [24.94052, 37.387045], [24.940567, 37.387], [24.940567, 37.387], [24.940616, 37.386954], [24.940623, 37.386947], [24.940668, 37.386909], [24.940679, 37.3869], [24.940716, 37.386863], [24.940735, 37.386849], [24.940774, 37.386818], [24.940791, 37.386804], [24.940822, 37.386772], [24.940846, 37.386751], [24.940868, 37.386727], [24.9409, 37.386682], [24.940902, 37.38668], [24.940936, 37.386636], [24.940958, 37.386603], [24.940965, 37.386591], [24.940993, 37.386546], [24.941013, 37.386508], [24.941017, 37.3865], [24.94104, 37.386455], [24.941062, 37.38641], [24.941068, 37.386397], [24.941084, 37.386365], [24.941106, 37.386319], [24.941123, 37.386284], [24.941128, 37.386274], [24.94115, 37.386229], [24.941161, 37.386184], [24.94114, 37.386139], [24.941121, 37.386114], [24.941106, 37.386094], [24.941064, 37.386056], [24.941048, 37.386049], [24.941007, 37.386007], [24.941005, 37.386005], [24.94095, 37.385981], [24.940897, 37.38596], [24.940893, 37.385958], [24.940836, 37.385929], [24.940811, 37.385916], [24.940779, 37.385907], [24.940722, 37.385882], [24.940698, 37.385872], [24.940666, 37.385864], [24.940609, 37.385852], [24.940568, 37.385828], [24.940552, 37.385823], [24.940496, 37.38581], [24.940439, 37.385808], [24.94039, 37.385829], [24.940383, 37.385834], [24.940341, 37.385829], [24.940326, 37.385829], [24.94027, 37.385828], [24.940259, 37.38583], [24.940213, 37.38584], [24.940157, 37.38585], [24.940101, 37.385866], [24.940077, 37.385877], [24.940045, 37.385895], [24.939992, 37.385922], [24.939989, 37.385924], [24.939932, 37.38596], [24.93992, 37.385968], [24.939876, 37.385994], [24.939841, 37.386014], [24.93982, 37.386025], [24.939764, 37.386052], [24.939749, 37.38606], [24.939708, 37.386079], [24.939652, 37.386102], [24.939644, 37.386105], [24.939596, 37.386126], [24.939541, 37.386151], [24.939539, 37.386152], [24.939483, 37.386184], [24.939453, 37.386197], [24.939427, 37.386212], [24.939373, 37.386243], [24.939371, 37.386244], [24.939315, 37.38628], [24.939298, 37.386289], [24.939259, 37.386309], [24.939202, 37.386319], [24.939146, 37.386332], [24.939139, 37.386335], [24.93909, 37.386353], [24.939034, 37.386365], [24.938977, 37.386364], [24.93892, 37.386361], [24.938864, 37.386347], [24.938848, 37.386337], [24.938807, 37.386302], [24.938799, 37.386293], [24.938759, 37.386248], [24.938749, 37.386236], [24.938718, 37.386203], [24.938692, 37.386179], [24.938654, 37.386158], [24.938635, 37.386139], [24.938618, 37.386114], [24.93859, 37.386069], [24.938578, 37.386052], [24.938555, 37.386024], [24.93853, 37.385979], [24.93852, 37.38595], [24.938514, 37.385934], [24.938509, 37.385889], [24.938511, 37.385844], [24.938514, 37.385799], [24.938518, 37.385782], [24.938522, 37.385754], [24.938527, 37.385709], [24.938533, 37.385663], [24.93854, 37.385618], [24.938546, 37.385573], [24.938554, 37.385528], [24.938567, 37.385483], [24.93857, 37.385469], [24.938579, 37.385438], [24.938587, 37.385393], [24.938596, 37.385347], [24.938608, 37.385302], [24.938619, 37.385257], [24.938624, 37.385242], [24.938634, 37.385212], [24.938651, 37.385167], [24.938668, 37.385121], [24.938678, 37.385077], [24.938679, 37.385076], [24.938683, 37.385031], [24.938684, 37.384986], [24.938682, 37.384941], [24.938733, 37.384898], [24.938734, 37.384895], [24.938733, 37.384893], [24.938718, 37.384878]]}}, {"type": "Feature", "properties": {"elev": 20}, "geometry": {"type": "LineString", "coordinates": [[24.939718, 37.397581], [24.939738, 37.397561], [24.939745, 37.397556], [24.939785, 37.39751], [24.939794, 37.397503], [24.939839, 37.397465], [24.93985, 37.397457], [24.939906, 37.39742], [24.939906, 37.397419], [24.939962, 37.397382], [24.93998, 37.397374], [24.940018, 37.397344], [24.940034, 37.397328], [24.940074, 37.397297], [24.940101, 37.397283], [24.94013, 37.39725], [24.94014, 37.397237], [24.940148, 37.397192], [24.940148, 37.397147], [24.940148, 37.397102], [24.940137, 37.397057], [24.940127, 37.397047], [24.940083, 37.397012], [24.94007, 37.397003], [24.940037, 37.396967], [24.940013, 37.396944], [24.939991, 37.396923], [24.939956, 37.396892], [24.939938, 37.396878], [24.939899, 37.396842], [24.93989, 37.396833], [24.939854, 37.396789], [24.939841, 37.396774], [24.939823, 37.396744], [24.939806, 37.396699], [24.939802, 37.396654], [24.939798, 37.396609], [24.939808, 37.396564], [24.939831, 37.396518], [24.939838, 37.396505], [24.939848, 37.396473], [24.939864, 37.396428], [24.939877, 37.396383], [24.939889, 37.396337], [24.939892, 37.396328], [24.939904, 37.396292], [24.939918, 37.396247], [24.939947, 37.396208], [24.939953, 37.396202], [24.93998, 37.396156], [24.940003, 37.396119], [24.940008, 37.396111], [24.940038, 37.396066], [24.940058, 37.396038], [24.940071, 37.39602], [24.940103, 37.395975], [24.940114, 37.395958], [24.940132, 37.39593], [24.940164, 37.395884], [24.940169, 37.395876], [24.940193, 37.395839], [24.940225, 37.395807], [24.940243, 37.395794], [24.940281, 37.395756], [24.94029, 37.395748], [24.940337, 37.395709], [24.940346, 37.395703], [24.940393, 37.395674], [24.940421, 37.395657], [24.940449, 37.395637], [24.940481, 37.395611], [24.940505, 37.395595], [24.940555, 37.395566], [24.940561, 37.395562], [24.940617, 37.395522], [24.940619, 37.39552], [24.940673, 37.395492], [24.940702, 37.395474], [24.940729, 37.395459], [24.940785, 37.395432], [24.940795, 37.395429], [24.940842, 37.395411], [24.940894, 37.395383], [24.940898, 37.395381], [24.940954, 37.395359], [24.941, 37.395337], [24.94101, 37.39533], [24.941066, 37.395304], [24.941093, 37.395291], [24.941122, 37.395277], [24.941179, 37.395257], [24.941197, 37.395245], [24.941235, 37.395214], [24.941279, 37.395199], [24.941291, 37.395194], [24.941347, 37.395159], [24.941355, 37.395154], [24.941403, 37.395122], [24.941424, 37.395108], [24.941459, 37.395083], [24.941498, 37.395062], [24.941515, 37.395051], [24.941538, 37.395017], [24.941559, 37.394972], [24.94157, 37.394938], [24.941579, 37.394926], [24.941626, 37.394883], [24.941627, 37.394881], [24.941657, 37.394836], [24.941681, 37.394794], [24.941683, 37.39479], [24.941687, 37.394745], [24.941685, 37.3947], [24.941682, 37.394655], [24.94168, 37.39464], [24.941674, 37.39461], [24.941667, 37.394565], [24.941648, 37.39452], [24.941621, 37.394488], [24.941609, 37.394475], [24.941568, 37.394431], [24.941564, 37.394426], [24.941524, 37.394386], [24.941507, 37.39437], [24.941474, 37.394341], [24.94145, 37.394324], [24.941398, 37.394297], [24.941393, 37.394294], [24.941336, 37.394272], [24.941284, 37.394253], [24.941279, 37.39425], [24.941222, 37.394229], [24.941166, 37.394209], [24.941165, 37.394208], [24.941109, 37.394194], [24.941052, 37.394172], [24.941028, 37.394164], [24.940995, 37.394154], [24.940939, 37.394136], [24.940895, 37.39412], [24.940882, 37.394117], [24.940825, 37.39409], [24.94079, 37.394076], [24.940768, 37.394066], [24.940711, 37.394036], [24.940703, 37.394032], [24.940654, 37.394006], [24.940616, 37.393987], [24.940598, 37.393977], [24.940541, 37.393945], [24.940537, 37.393943], [24.940484, 37.393905], [24.940473, 37.393898], [24.940427, 37.393866], [24.94041, 37.393854], [24.94037, 37.393822], [24.940354, 37.393809], [24.940318, 37.393764], [24.940312, 37.39376], [24.940274, 37.39372], [24.940255, 37.393693], [24.940236, 37.393675], [24.940198, 37.393659], [24.940141, 37.393633], [24.940137, 37.393631], [24.940086, 37.393586], [24.940084, 37.393584], [24.940027, 37.393545], [24.940014, 37.393541], [24.93997, 37.393527], [24.939945, 37.393497], [24.939913, 37.393478], [24.939857, 37.393476], [24.9398, 37.39347], [24.939744, 37.393456], [24.939734, 37.393453], [24.939743, 37.393416], [24.939751, 37.393408], [24.939799, 37.393396], [24.939856, 37.393378], [24.939912, 37.393366], [24.93993, 37.393362], [24.939912, 37.393357], [24.939864, 37.393317], [24.939854, 37.393288], [24.93985, 37.393272], [24.939845, 37.393227], [24.939853, 37.393191], [24.939855, 37.393182], [24.939858, 37.393137], [24.939868, 37.393092], [24.939852, 37.39306], [24.939834, 37.393047], [24.939794, 37.393006], [24.939792, 37.393002], [24.939794, 37.392995], [24.939828, 37.392957], [24.939814, 37.392912], [24.93981, 37.392867], [24.939793, 37.392856], [24.939736, 37.392847], [24.939679, 37.392844], [24.939623, 37.392842], [24.939566, 37.392838], [24.939531, 37.392824], [24.93951, 37.392819], [24.939453, 37.392812], [24.939432, 37.39278], [24.939452, 37.392772], [24.939509, 37.392766], [24.939565, 37.392756], [24.939613, 37.392733], [24.939621, 37.392731], [24.939655, 37.392733], [24.939678, 37.392738], [24.939735, 37.392732], [24.939735, 37.392732], [24.939791, 37.392723], [24.939847, 37.392714], [24.939904, 37.392709], [24.93996, 37.392692], [24.939991, 37.392685], [24.940016, 37.392681], [24.940073, 37.392664], [24.940129, 37.392644], [24.940176, 37.392638], [24.940185, 37.392637], [24.940225, 37.392638], [24.940242, 37.392638], [24.940298, 37.392646], [24.940355, 37.39266], [24.940412, 37.392667], [24.940468, 37.392676], [24.940505, 37.392681], [24.940525, 37.392684], [24.940578, 37.392725], [24.940582, 37.39273], [24.940639, 37.392753], [24.94069, 37.39277], [24.940696, 37.392771], [24.940752, 37.392777], [24.940809, 37.392781], [24.940865, 37.392789], [24.940922, 37.392791], [24.940978, 37.392797], [24.941031, 37.392812], [24.941035, 37.392813], [24.941092, 37.392825], [24.941148, 37.392838], [24.941204, 37.392856], [24.941205, 37.392856], [24.941262, 37.392877], [24.941316, 37.3929], [24.941319, 37.392901], [24.941375, 37.392921], [24.941432, 37.392937], [24.941472, 37.392944], [24.941489, 37.392948], [24.941546, 37.392977], [24.941573, 37.392988], [24.941603, 37.393004], [24.941644, 37.393032], [24.94166, 37.39305], [24.941704, 37.393077], [24.941717, 37.393082], [24.941773, 37.393092], [24.94183, 37.393102], [24.941886, 37.39311], [24.941943, 37.393113], [24.941999, 37.393114], [24.942056, 37.393115], [24.942113, 37.393116], [24.942169, 37.393117], [24.942226, 37.393117], [24.942238, 37.393118], [24.942282, 37.39312], [24.942339, 37.393121], [24.942395, 37.393121], [24.942452, 37.393119], [24.942508, 37.393118], [24.942565, 37.393117], [24.942621, 37.393116], [24.942632, 37.393115], [24.942677, 37.39311], [24.942734, 37.393098], [24.94279, 37.39308], [24.942839, 37.393068], [24.942846, 37.393066], [24.942903, 37.393053], [24.942959, 37.393037], [24.942981, 37.393022], [24.943015, 37.393004], [24.943071, 37.392988], [24.94309, 37.392976], [24.943127, 37.392944], [24.94316, 37.39293], [24.943184, 37.39292], [24.943222, 37.392885], [24.943239, 37.392848], [24.943242, 37.392839], [24.943262, 37.392794], [24.943295, 37.392754], [24.943298, 37.392749], [24.943316, 37.392704], [24.943334, 37.392658], [24.943349, 37.392621], [24.943354, 37.392613], [24.94337, 37.392568], [24.94338, 37.392523], [24.943388, 37.392478], [24.943399, 37.392432], [24.943403, 37.392417], [24.943415, 37.392387], [24.943429, 37.392342], [24.94344, 37.392297], [24.943448, 37.392252], [24.943457, 37.392211], [24.94346, 37.392206], [24.943495, 37.392161], [24.943513, 37.392145], [24.943546, 37.392116], [24.943569, 37.392092], [24.943594, 37.39207], [24.943625, 37.392039], [24.94364, 37.392025], [24.94368, 37.391985], [24.943685, 37.391979], [24.943714, 37.391934], [24.943736, 37.391896], [24.943741, 37.391889], [24.943765, 37.391843], [24.943791, 37.391798], [24.943791, 37.391798], [24.943816, 37.391753], [24.943837, 37.391708], [24.943846, 37.391681], [24.943854, 37.391662], [24.943882, 37.391617], [24.943901, 37.39158], [24.943904, 37.391572], [24.943927, 37.391526], [24.943943, 37.391481], [24.943928, 37.391436], [24.943932, 37.391391], [24.943926, 37.391346], [24.943909, 37.391301], [24.943898, 37.391278], [24.943887, 37.391256], [24.943858, 37.391211], [24.94384, 37.391194], [24.943812, 37.391167], [24.943783, 37.391146], [24.943754, 37.391122], [24.943726, 37.391101], [24.943696, 37.391077], [24.943669, 37.391057], [24.943616, 37.391033], [24.943612, 37.391031], [24.943559, 37.390988], [24.943555, 37.390986], [24.943498, 37.390969], [24.943446, 37.390944], [24.943441, 37.390942], [24.943384, 37.390912], [24.94336, 37.3909], [24.943328, 37.390885], [24.943271, 37.390863], [24.943256, 37.390856], [24.943214, 37.390835], [24.943164, 37.390811], [24.943157, 37.390808], [24.9431, 37.390779], [24.943076, 37.390767], [24.943043, 37.39075], [24.942992, 37.390722], [24.942987, 37.39072], [24.94293, 37.390691], [24.942905, 37.390678], [24.942873, 37.390661], [24.942821, 37.390634], [24.942816, 37.390631], [24.942759, 37.390599], [24.942741, 37.390589], [24.942702, 37.390565], [24.942671, 37.390545], [24.942645, 37.390528], [24.9426, 37.3905], [24.942588, 37.390492], [24.942543, 37.390456], [24.942531, 37.390448], [24.942474, 37.390413], [24.942472, 37.390411], [24.942424, 37.390366], [24.942417, 37.390361], [24.94236, 37.390326], [24.942355, 37.390322], [24.942315, 37.390277], [24.942303, 37.390265], [24.942266, 37.390232], [24.942246, 37.390213], [24.942225, 37.390188], [24.94219, 37.390143], [24.942188, 37.390141], [24.942159, 37.390098], [24.942136, 37.390053], [24.942131, 37.390043], [24.942106, 37.390008], [24.942083, 37.389963], [24.942073, 37.389946], [24.94206, 37.389918], [24.942042, 37.389873], [24.942024, 37.389828], [24.942014, 37.389797], [24.942009, 37.389784], [24.94198, 37.389739], [24.941962, 37.389694], [24.941956, 37.389678], [24.941947, 37.389649], [24.941933, 37.389604], [24.941918, 37.389559], [24.941905, 37.389514], [24.941898, 37.389492], [24.941889, 37.389469], [24.941878, 37.389424], [24.941868, 37.389379], [24.94186, 37.389334], [24.941852, 37.389289], [24.941842, 37.389244], [24.941838, 37.389232], [24.941826, 37.389199], [24.94181, 37.389154], [24.941789, 37.389109], [24.94178, 37.389094], [24.94176, 37.389064], [24.941722, 37.389025], [24.941715, 37.389019], [24.941665, 37.388987], [24.941625, 37.388975], [24.941609, 37.38897], [24.941552, 37.388958], [24.941495, 37.388953], [24.941439, 37.388956], [24.941383, 37.388975], [24.941377, 37.388977], [24.941326, 37.388993], [24.94127, 37.38901], [24.941233, 37.389023], [24.941214, 37.38903], [24.941158, 37.38905], [24.941111, 37.389069], [24.941101, 37.389073], [24.941045, 37.389094], [24.941007, 37.389115], [24.940989, 37.389125], [24.940933, 37.389142], [24.940895, 37.389161], [24.940877, 37.389175], [24.940821, 37.389206], [24.94082, 37.389207], [24.940764, 37.389234], [24.940726, 37.389253], [24.940708, 37.389263], [24.940666, 37.389298], [24.940652, 37.389306], [24.940596, 37.389334], [24.940575, 37.389344], [24.94054, 37.389369], [24.940484, 37.389383], [24.940463, 37.38939], [24.940427, 37.389401], [24.940371, 37.389414], [24.940315, 37.389428], [24.940283, 37.389437], [24.940258, 37.389443], [24.940202, 37.389463], [24.940146, 37.38948], [24.940136, 37.389483], [24.94009, 37.389497], [24.940033, 37.389526], [24.940023, 37.389529], [24.939977, 37.389539], [24.939921, 37.389563], [24.939894, 37.389575], [24.939865, 37.389591], [24.939819, 37.389621], [24.939809, 37.389627], [24.939753, 37.389648], [24.939718, 37.389666], [24.939696, 37.389683], [24.939644, 37.389712], [24.93964, 37.389714], [24.939584, 37.389748], [24.939568, 37.389758], [24.939528, 37.389781], [24.939484, 37.389804], [24.939472, 37.38981], [24.939416, 37.389839], [24.939395, 37.389849], [24.93936, 37.389867], [24.939304, 37.389894], [24.9393, 37.389895], [24.939247, 37.38992], [24.939204, 37.389941], [24.939191, 37.389947], [24.939135, 37.389976], [24.939114, 37.389987], [24.939079, 37.390005], [24.939024, 37.390033], [24.939023, 37.390033], [24.938967, 37.390063], [24.938938, 37.390078], [24.938911, 37.390094], [24.938854, 37.390124], [24.938854, 37.390124], [24.938798, 37.390155], [24.93877, 37.39017], [24.938742, 37.390185], [24.938686, 37.390214], [24.938683, 37.390216], [24.93863, 37.390243], [24.938588, 37.390262], [24.938574, 37.390268], [24.938517, 37.390291], [24.938472, 37.390308], [24.938461, 37.390311], [24.938405, 37.390334], [24.938349, 37.390354], [24.938349, 37.390354], [24.938292, 37.390369], [24.938236, 37.390381], [24.93818, 37.390393], [24.938136, 37.3904], [24.938123, 37.390403], [24.938067, 37.39041], [24.93801, 37.390414], [24.937954, 37.390415], [24.937898, 37.390417], [24.937841, 37.390416], [24.937784, 37.390411], [24.937728, 37.390405], [24.937709, 37.390404], [24.937671, 37.390401], [24.937615, 37.390393], [24.937558, 37.390383], [24.937501, 37.390373], [24.937445, 37.390364], [24.93742, 37.390361], [24.937388, 37.390357], [24.937332, 37.390357], [24.937283, 37.390362], [24.937275, 37.390363], [24.937219, 37.390379], [24.937163, 37.39039], [24.937106, 37.390399], [24.93705, 37.390403], [24.936993, 37.390407], [24.936971, 37.39041], [24.936937, 37.390414], [24.93688, 37.390416], [24.936837, 37.390411], [24.936824, 37.390409], [24.936767, 37.3904], [24.936711, 37.390392], [24.936654, 37.390383], [24.936597, 37.390377], [24.936541, 37.390376], [24.936485, 37.390394], [24.936428, 37.3904], [24.936402, 37.390369], [24.936428, 37.390348], [24.936458, 37.390324], [24.936484, 37.390307], [24.936536, 37.390278], [24.93654, 37.390276], [24.936596, 37.390258], [24.936652, 37.390246], [24.936709, 37.390235], [24.936733, 37.390231], [24.936765, 37.390222], [24.936821, 37.390205], [24.936869, 37.390185], [24.936878, 37.390182], [24.936934, 37.390158], [24.936975, 37.390139], [24.93699, 37.390132], [24.93704, 37.390093], [24.937046, 37.390088], [24.937098, 37.390048], [24.937102, 37.390045], [24.937158, 37.390009], [24.937166, 37.390002], [24.937214, 37.38996], [24.937217, 37.389957], [24.93727, 37.389926], [24.937295, 37.389911], [24.937326, 37.389885], [24.937349, 37.389866], [24.937382, 37.389849], [24.937438, 37.389825], [24.93745, 37.38982], [24.937494, 37.389796], [24.937551, 37.389776], [24.937556, 37.389774], [24.937607, 37.389752], [24.937655, 37.389728], [24.937663, 37.389724], [24.937719, 37.389701], [24.937752, 37.389682], [24.937775, 37.389666], [24.937821, 37.389636], [24.937831, 37.389628], [24.937879, 37.389591], [24.937887, 37.389582], [24.93792, 37.389546], [24.937943, 37.389509], [24.937949, 37.3895], [24.937984, 37.389455], [24.937998, 37.389429], [24.938007, 37.38941], [24.938026, 37.389364], [24.938026, 37.389319], [24.93802, 37.389274], [24.938023, 37.389229], [24.938027, 37.389184], [24.938031, 37.389139], [24.938034, 37.389094], [24.938042, 37.389049], [24.938046, 37.389004], [24.938049, 37.388982], [24.938054, 37.388958], [24.938066, 37.388913], [24.938078, 37.388868], [24.938095, 37.388823], [24.938103, 37.388801], [24.938113, 37.388778], [24.938136, 37.388732], [24.938159, 37.388695], [24.938165, 37.388687], [24.938196, 37.388642], [24.938214, 37.388618], [24.938238, 37.388596], [24.93827, 37.388568], [24.938293, 37.388551], [24.938326, 37.388529], [24.93837, 37.388505], [24.938382, 37.388499], [24.938438, 37.388476], [24.938478, 37.388459], [24.938495, 37.388453], [24.938551, 37.38842], [24.93856, 37.388413], [24.938607, 37.388385], [24.938632, 37.388368], [24.938663, 37.388349], [24.938702, 37.388322], [24.938719, 37.388311], [24.938766, 37.388276], [24.938775, 37.38827], [24.938822, 37.388231], [24.938831, 37.388224], [24.938877, 37.388185], [24.938887, 37.388177], [24.938924, 37.38814], [24.938942, 37.388122], [24.93897, 37.388095], [24.938998, 37.388067], [24.939018, 37.388049], [24.939054, 37.388014], [24.939064, 37.388004], [24.93911, 37.387965], [24.93912, 37.387958], [24.939166, 37.387923], [24.939179, 37.387913], [24.939222, 37.387883], [24.939269, 37.387867], [24.939278, 37.387862], [24.939329, 37.387821], [24.939334, 37.387818], [24.939391, 37.387806], [24.93941, 37.387775], [24.939438, 37.38773], [24.939446, 37.38772], [24.939475, 37.387685], [24.939502, 37.387662], [24.939526, 37.387639], [24.939558, 37.387609], [24.93958, 37.387594], [24.939606, 37.387548], [24.939613, 37.387545], [24.939663, 37.387503], [24.939669, 37.387493], [24.939725, 37.387482], [24.939773, 37.387457], [24.939771, 37.387412], [24.939781, 37.387403], [24.939837, 37.387377], [24.939855, 37.387366], [24.939893, 37.387332], [24.939901, 37.387321], [24.939949, 37.387285], [24.939965, 37.387275], [24.940005, 37.38725], [24.940029, 37.38723], [24.940061, 37.387204], [24.940085, 37.387184], [24.940117, 37.387158], [24.940142, 37.387138], [24.940173, 37.387114], [24.9402, 37.387093], [24.940229, 37.38707], [24.940259, 37.387047], [24.940285, 37.387027], [24.940317, 37.387002], [24.940341, 37.386984], [24.940375, 37.386956], [24.940397, 37.386938], [24.940429, 37.386911], [24.940453, 37.386891], [24.940483, 37.386865], [24.940509, 37.386844], [24.940537, 37.38682], [24.940564, 37.386797], [24.94059, 37.386774], [24.94062, 37.386748], [24.940642, 37.386729], [24.940676, 37.386696], [24.940691, 37.386683], [24.940732, 37.386644], [24.940739, 37.386638], [24.940782, 37.386592], [24.940788, 37.386587], [24.940821, 37.386547], [24.940843, 37.386519], [24.940856, 37.386502], [24.940886, 37.386456], [24.940899, 37.386432], [24.94091, 37.386411], [24.940934, 37.386366], [24.940954, 37.386337], [24.940964, 37.38632], [24.940978, 37.386275], [24.940988, 37.38623], [24.94099, 37.386185], [24.941008, 37.386157], [24.94102, 37.38614], [24.941013, 37.386095], [24.941008, 37.386092], [24.940951, 37.386069], [24.940894, 37.386054], [24.940887, 37.386051], [24.940837, 37.38601], [24.940831, 37.386006], [24.94078, 37.38599], [24.940724, 37.385966], [24.940667, 37.385967], [24.940611, 37.385969], [24.940554, 37.38597], [24.940498, 37.385964], [24.940497, 37.385963], [24.940441, 37.385949], [24.940384, 37.385936], [24.940327, 37.38592], [24.940271, 37.385923], [24.940215, 37.385948], [24.940182, 37.385966], [24.940159, 37.385978], [24.940103, 37.38601], [24.9401, 37.386012], [24.940047, 37.386047], [24.94003, 37.386057], [24.939991, 37.386083], [24.939958, 37.386103], [24.939934, 37.386117], [24.939878, 37.386145], [24.939868, 37.386149], [24.939822, 37.386169], [24.939766, 37.386194], [24.939764, 37.386195], [24.93971, 37.386225], [24.93968, 37.38624], [24.939654, 37.386251], [24.939598, 37.386286], [24.939598, 37.386286], [24.939542, 37.386329], [24.939538, 37.386332], [24.93949, 37.386377], [24.939486, 37.386383], [24.939449, 37.386423], [24.93943, 37.386439], [24.939374, 37.386468], [24.939374, 37.386468], [24.939317, 37.38648], [24.939261, 37.386488], [24.939205, 37.386486], [24.939148, 37.386487], [24.939092, 37.386498], [24.939035, 37.386504], [24.938979, 37.386503], [24.938922, 37.386506], [24.938866, 37.386513], [24.938809, 37.386508], [24.938753, 37.386493], [24.938718, 37.386474], [24.938696, 37.386459], [24.938671, 37.386429], [24.93864, 37.386384], [24.938638, 37.386381], [24.938603, 37.386339], [24.938581, 37.386321], [24.93855, 37.386295], [24.938524, 37.386271], [24.938499, 37.38625], [24.938467, 37.386222], [24.938451, 37.386205], [24.938417, 37.38616], [24.938409, 37.386151], [24.938381, 37.386116], [24.938352, 37.386073], [24.93835, 37.386071], [24.938322, 37.386026], [24.938308, 37.385981], [24.938303, 37.385936], [24.938301, 37.385891], [24.938306, 37.385846], [24.938317, 37.3858], [24.938331, 37.385755], [24.938345, 37.38571], [24.938347, 37.385702], [24.938359, 37.385665], [24.93837, 37.38562], [24.938377, 37.385575], [24.938389, 37.385529], [24.938401, 37.385488], [24.938402, 37.385484], [24.938418, 37.385439], [24.938436, 37.385394], [24.938453, 37.385349], [24.938456, 37.38534], [24.938466, 37.385303], [24.938481, 37.385258], [24.938494, 37.385213], [24.93851, 37.385168], [24.93851, 37.385167], [24.938524, 37.385123], [24.938538, 37.385077], [24.938552, 37.385032], [24.938564, 37.384991], [24.938565, 37.384987], [24.93857, 37.384942], [24.938576, 37.384897], [24.938577, 37.38488]]}}, {"type": "Feature", "properties": {"elev": 25}, "geometry": {"type": "LineString", "coordinates": [[24.939413, 37.397584], [24.939424, 37.397558], [24.939455, 37.397517], [24.939459, 37.397513], [24.939491, 37.397468], [24.939508, 37.397423], [24.93951, 37.397415], [24.939516, 37.397377], [24.939519, 37.397332], [24.939509, 37.397322], [24.939485, 37.397333], [24.939453, 37.39735], [24.939399, 37.397378], [24.939397, 37.39738], [24.939389, 37.397378], [24.93934, 37.397367], [24.939284, 37.39735], [24.939227, 37.397335], [24.939222, 37.397335], [24.93917, 37.397331], [24.939114, 37.39732], [24.939057, 37.397314], [24.939001, 37.397314], [24.938944, 37.397305], [24.938897, 37.397292], [24.938887, 37.397289], [24.938831, 37.397274], [24.938774, 37.39728], [24.938718, 37.397272], [24.93867, 37.397249], [24.938661, 37.397234], [24.93864, 37.397204], [24.938619, 37.397159], [24.938603, 37.39714], [24.938584, 37.397114], [24.938555, 37.397069], [24.938545, 37.397043], [24.938537, 37.397024], [24.938545, 37.397018], [24.938593, 37.396979], [24.938601, 37.396976], [24.938657, 37.396968], [24.938714, 37.396956], [24.938741, 37.396933], [24.93877, 37.396913], [24.938806, 37.396887], [24.938826, 37.396875], [24.93887, 37.396841], [24.938881, 37.396813], [24.938885, 37.396796], [24.938937, 37.396755], [24.938944, 37.396751], [24.938993, 37.396727], [24.939028, 37.396705], [24.939049, 37.396693], [24.939105, 37.396663], [24.939113, 37.396659], [24.939162, 37.396635], [24.939196, 37.396613], [24.939218, 37.3966], [24.939268, 37.396568], [24.939274, 37.396564], [24.93933, 37.396527], [24.939335, 37.396522], [24.939386, 37.396488], [24.939405, 37.396477], [24.939442, 37.396453], [24.939477, 37.396431], [24.939498, 37.396417], [24.939554, 37.396393], [24.93957, 37.396385], [24.93961, 37.396364], [24.939641, 37.396339], [24.939666, 37.396318], [24.939694, 37.396294], [24.939722, 37.396266], [24.939738, 37.396249], [24.939774, 37.396203], [24.939778, 37.396198], [24.939808, 37.396158], [24.939833, 37.396118], [24.939837, 37.396112], [24.939863, 37.396067], [24.939889, 37.396027], [24.939892, 37.396022], [24.93992, 37.395977], [24.939944, 37.395938], [24.939949, 37.395931], [24.939978, 37.395886], [24.94, 37.395854], [24.940009, 37.395841], [24.940041, 37.395795], [24.940055, 37.395778], [24.940079, 37.39575], [24.940111, 37.395714], [24.940118, 37.395704], [24.940158, 37.395659], [24.940166, 37.395646], [24.940189, 37.395614], [24.940214, 37.395568], [24.940222, 37.395557], [24.940252, 37.395523], [24.940278, 37.395495], [24.940298, 37.395478], [24.940334, 37.395451], [24.940363, 37.395432], [24.94039, 37.395416], [24.940439, 37.395386], [24.940446, 37.395383], [24.940502, 37.395361], [24.940556, 37.39534], [24.940558, 37.39534], [24.940614, 37.395318], [24.940668, 37.395294], [24.940671, 37.395293], [24.940727, 37.395272], [24.940783, 37.395248], [24.940783, 37.395248], [24.940839, 37.395225], [24.940894, 37.395202], [24.940895, 37.395202], [24.940952, 37.395175], [24.940988, 37.395157], [24.941008, 37.395146], [24.941064, 37.395116], [24.941074, 37.395111], [24.94112, 37.395087], [24.941158, 37.395065], [24.941176, 37.395054], [24.94122, 37.395019], [24.941232, 37.395009], [24.94127, 37.394974], [24.941288, 37.394955], [24.941317, 37.394929], [24.941344, 37.394883], [24.941344, 37.394883], [24.941359, 37.394838], [24.941366, 37.394793], [24.94137, 37.394748], [24.941369, 37.394703], [24.941362, 37.394658], [24.94135, 37.394613], [24.94134, 37.394585], [24.941334, 37.394568], [24.941306, 37.394523], [24.941282, 37.394499], [24.941258, 37.394478], [24.941225, 37.394456], [24.941185, 37.394434], [24.941168, 37.394425], [24.941111, 37.394393], [24.941104, 37.394389], [24.941055, 37.394364], [24.941004, 37.394345], [24.940998, 37.394343], [24.940941, 37.394327], [24.940884, 37.394312], [24.940843, 37.394301], [24.940828, 37.394297], [24.940771, 37.394282], [24.940714, 37.394266], [24.940686, 37.394257], [24.940658, 37.394249], [24.940601, 37.394232], [24.940544, 37.394215], [24.940539, 37.394213], [24.940487, 37.394197], [24.940431, 37.394176], [24.940413, 37.394169], [24.940374, 37.394155], [24.940317, 37.394128], [24.940312, 37.394125], [24.94026, 37.394095], [24.940236, 37.394081], [24.940203, 37.39406], [24.940171, 37.394036], [24.940146, 37.394019], [24.940106, 37.393991], [24.940089, 37.393977], [24.940062, 37.393947], [24.940032, 37.393911], [24.940024, 37.393902], [24.939991, 37.393857], [24.939974, 37.393835], [24.939956, 37.393812], [24.93992, 37.393767], [24.939917, 37.393764], [24.939886, 37.393723], [24.93986, 37.3937], [24.939816, 37.393678], [24.939803, 37.393672], [24.939746, 37.393644], [24.939721, 37.393634], [24.939689, 37.393621], [24.939632, 37.393605], [24.939576, 37.39359], [24.939576, 37.39359], [24.939519, 37.393574], [24.939462, 37.39356], [24.939427, 37.393546], [24.939406, 37.393539], [24.939349, 37.393518], [24.939302, 37.393502], [24.939292, 37.393498], [24.939235, 37.393481], [24.939179, 37.393465], [24.939157, 37.393458], [24.939122, 37.393446], [24.939065, 37.39343], [24.939008, 37.393416], [24.938994, 37.393414], [24.938952, 37.393407], [24.938895, 37.393398], [24.938839, 37.393389], [24.938782, 37.39338], [24.938725, 37.393373], [24.938713, 37.393371], [24.938669, 37.393366], [24.938612, 37.393359], [24.938556, 37.393353], [24.938499, 37.393348], [24.938443, 37.393351], [24.938386, 37.393359], [24.93833, 37.393368], [24.938311, 37.393375], [24.938274, 37.393388], [24.938217, 37.393407], [24.938206, 37.39342], [24.938161, 37.393443], [24.938105, 37.393462], [24.93809, 37.393466], [24.938049, 37.393478], [24.937992, 37.393479], [24.937936, 37.393492], [24.93788, 37.393512], [24.937874, 37.393513], [24.937823, 37.39352], [24.937785, 37.393514], [24.937767, 37.393508], [24.937729, 37.393469], [24.937711, 37.393424], [24.937709, 37.393421], [24.937662, 37.39338], [24.937652, 37.393375], [24.937595, 37.393378], [24.937545, 37.393336], [24.937595, 37.393308], [24.937651, 37.393292], [24.937672, 37.393289], [24.937707, 37.393287], [24.937764, 37.393276], [24.937808, 37.393243], [24.937819, 37.393222], [24.937833, 37.393198], [24.937819, 37.393187], [24.937762, 37.393156], [24.93776, 37.393153], [24.937762, 37.39315], [24.937801, 37.393108], [24.937818, 37.3931], [24.937874, 37.393098], [24.937931, 37.393093], [24.937987, 37.393074], [24.938005, 37.393061], [24.938043, 37.393032], [24.938061, 37.393016], [24.938099, 37.39298], [24.938117, 37.39297], [24.938148, 37.392925], [24.938155, 37.392913], [24.938191, 37.39288], [24.938211, 37.392872], [24.938267, 37.39285], [24.938311, 37.392834], [24.938323, 37.39283], [24.938379, 37.392807], [24.938436, 37.39279], [24.938447, 37.392787], [24.938492, 37.39278], [24.938548, 37.392772], [24.938605, 37.392763], [24.938661, 37.392758], [24.938718, 37.392749], [24.938774, 37.392746], [24.93881, 37.392739], [24.93883, 37.392735], [24.938887, 37.392717], [24.938943, 37.392698], [24.938961, 37.392693], [24.938999, 37.392683], [24.939056, 37.392685], [24.939104, 37.392692], [24.939112, 37.392693], [24.93912, 37.392692], [24.939169, 37.392683], [24.939225, 37.39266], [24.939263, 37.392646], [24.939281, 37.392639], [24.939338, 37.392623], [24.939394, 37.392611], [24.93945, 37.392601], [24.939464, 37.392599], [24.939507, 37.392593], [24.939563, 37.392587], [24.93962, 37.392574], [24.939676, 37.392556], [24.939686, 37.392552], [24.939732, 37.392536], [24.939788, 37.392515], [24.939815, 37.392506], [24.939845, 37.392497], [24.939901, 37.392483], [24.939957, 37.392478], [24.940014, 37.392477], [24.94007, 37.392474], [24.940127, 37.392465], [24.940183, 37.392465], [24.94024, 37.392468], [24.940296, 37.392467], [24.940353, 37.39247], [24.940409, 37.392475], [24.940466, 37.392481], [24.940523, 37.392487], [24.940579, 37.392491], [24.94063, 37.392499], [24.940636, 37.392501], [24.940692, 37.392515], [24.940749, 37.392534], [24.940772, 37.392543], [24.940806, 37.392556], [24.940863, 37.392571], [24.940919, 37.39258], [24.940935, 37.392587], [24.940976, 37.39261], [24.941033, 37.392629], [24.941046, 37.392631], [24.941089, 37.392643], [24.941146, 37.392661], [24.941176, 37.392675], [24.941203, 37.392694], [24.94126, 37.392714], [24.94128, 37.39272], [24.941317, 37.392732], [24.941373, 37.392757], [24.941388, 37.392764], [24.94143, 37.392788], [24.941481, 37.392808], [24.941487, 37.392811], [24.941544, 37.392833], [24.941596, 37.392852], [24.941601, 37.392855], [24.941658, 37.39289], [24.941674, 37.392897], [24.941714, 37.392911], [24.941771, 37.392931], [24.941801, 37.392941], [24.941828, 37.392951], [24.941885, 37.392966], [24.941941, 37.392972], [24.941998, 37.392974], [24.942054, 37.392976], [24.942111, 37.392979], [24.942167, 37.392981], [24.942193, 37.392983], [24.942224, 37.392986], [24.94228, 37.392992], [24.942337, 37.392997], [24.942394, 37.392999], [24.94245, 37.392995], [24.942506, 37.39299], [24.942563, 37.392992], [24.94262, 37.392996], [24.942676, 37.392986], [24.942692, 37.392979], [24.942732, 37.392961], [24.942783, 37.392933], [24.942788, 37.392932], [24.942845, 37.392923], [24.942901, 37.392891], [24.94291, 37.392887], [24.942957, 37.392862], [24.942984, 37.392841], [24.943013, 37.392814], [24.943037, 37.392796], [24.943069, 37.392775], [24.943104, 37.39275], [24.943125, 37.392727], [24.943137, 37.392705], [24.943163, 37.39266], [24.943175, 37.392614], [24.94318, 37.392601], [24.943191, 37.392569], [24.94321, 37.392524], [24.943224, 37.392479], [24.943234, 37.39245], [24.94324, 37.392434], [24.943258, 37.392388], [24.943281, 37.392343], [24.943289, 37.392324], [24.943299, 37.392298], [24.943319, 37.392253], [24.943339, 37.392207], [24.943344, 37.392197], [24.943359, 37.392162], [24.94339, 37.392117], [24.943399, 37.392104], [24.943426, 37.392071], [24.943455, 37.392034], [24.943461, 37.392026], [24.9435, 37.391981], [24.943511, 37.391965], [24.943532, 37.391935], [24.943566, 37.391892], [24.943568, 37.39189], [24.943599, 37.391845], [24.943622, 37.39181], [24.943629, 37.391799], [24.94365, 37.391754], [24.943669, 37.391709], [24.943677, 37.391688], [24.943687, 37.391664], [24.943709, 37.391618], [24.943726, 37.391573], [24.943732, 37.391557], [24.943743, 37.391528], [24.943759, 37.391483], [24.943767, 37.391438], [24.943766, 37.391393], [24.943747, 37.391348], [24.943729, 37.391317], [24.94372, 37.391303], [24.94369, 37.391258], [24.943671, 37.39123], [24.943659, 37.391213], [24.943619, 37.391168], [24.943614, 37.391164], [24.94356, 37.391124], [24.943557, 37.391121], [24.9435, 37.391093], [24.943469, 37.391079], [24.943443, 37.391068], [24.943386, 37.391048], [24.943356, 37.391035], [24.943329, 37.391023], [24.943273, 37.390996], [24.943263, 37.390991], [24.943216, 37.39097], [24.943159, 37.390947], [24.943159, 37.390947], [24.943102, 37.390913], [24.943083, 37.390902], [24.943045, 37.390882], [24.943, 37.390858], [24.942988, 37.390851], [24.942931, 37.390818], [24.942923, 37.390813], [24.942874, 37.390785], [24.942846, 37.390769], [24.942817, 37.390753], [24.942762, 37.390724], [24.942761, 37.390724], [24.942704, 37.390687], [24.942694, 37.39068], [24.942647, 37.390653], [24.942615, 37.390635], [24.94259, 37.390618], [24.942544, 37.390591], [24.942533, 37.390585], [24.942476, 37.390547], [24.942475, 37.390546], [24.942419, 37.390502], [24.942418, 37.390502], [24.942364, 37.390457], [24.942362, 37.390455], [24.942317, 37.390412], [24.942305, 37.390402], [24.942266, 37.390368], [24.942247, 37.39035], [24.942218, 37.390323], [24.94219, 37.390285], [24.942186, 37.390278], [24.942157, 37.390233], [24.942132, 37.390195], [24.942127, 37.390188], [24.942102, 37.390143], [24.942084, 37.390099], [24.942075, 37.390085], [24.94205, 37.390054], [24.942033, 37.390009], [24.942017, 37.389978], [24.942002, 37.389964], [24.941974, 37.389919], [24.941964, 37.389874], [24.941959, 37.389863], [24.941918, 37.389829], [24.941907, 37.389784], [24.941901, 37.389774], [24.941868, 37.38974], [24.941846, 37.389695], [24.941844, 37.389687], [24.941819, 37.38965], [24.941786, 37.389608], [24.941784, 37.389605], [24.941775, 37.38956], [24.94175, 37.389515], [24.941728, 37.389476], [24.941724, 37.38947], [24.941705, 37.389425], [24.941689, 37.38938], [24.941678, 37.389335], [24.941669, 37.389315], [24.94165, 37.38929], [24.941612, 37.38926], [24.941588, 37.389246], [24.941555, 37.389226], [24.941521, 37.389201], [24.941498, 37.389186], [24.941442, 37.389163], [24.941385, 37.38917], [24.941329, 37.389183], [24.941293, 37.389203], [24.941273, 37.389219], [24.941217, 37.389245], [24.941207, 37.389249], [24.94116, 37.389263], [24.941104, 37.389283], [24.94108, 37.389295], [24.941048, 37.389312], [24.940999, 37.389341], [24.940992, 37.389345], [24.940936, 37.389382], [24.94093, 37.389386], [24.94088, 37.389413], [24.940844, 37.389432], [24.940823, 37.389441], [24.940767, 37.389462], [24.940722, 37.389478], [24.940711, 37.389482], [24.940655, 37.389503], [24.940604, 37.389524], [24.940599, 37.389526], [24.940542, 37.389536], [24.940486, 37.389539], [24.940429, 37.389545], [24.940373, 37.389551], [24.940316, 37.389564], [24.940279, 37.389572], [24.94026, 37.389575], [24.940204, 37.389589], [24.940148, 37.389607], [24.940116, 37.389618], [24.940091, 37.38963], [24.940035, 37.389656], [24.940015, 37.389664], [24.939979, 37.389678], [24.939923, 37.389701], [24.939907, 37.38971], [24.939867, 37.389745], [24.939849, 37.389756], [24.939811, 37.38978], [24.939776, 37.389801], [24.939755, 37.389819], [24.939717, 37.389847], [24.939699, 37.389859], [24.939651, 37.389892], [24.939643, 37.389899], [24.939587, 37.389934], [24.93958, 37.389938], [24.93953, 37.389966], [24.939497, 37.389984], [24.939474, 37.389996], [24.939418, 37.390023], [24.939406, 37.39003], [24.939362, 37.390051], [24.939308, 37.390076], [24.939306, 37.390077], [24.93925, 37.390111], [24.939229, 37.390121], [24.939194, 37.390141], [24.939154, 37.390167], [24.939138, 37.390177], [24.939081, 37.390205], [24.939066, 37.390213], [24.939025, 37.390233], [24.938972, 37.390259], [24.938969, 37.39026], [24.938913, 37.390293], [24.938892, 37.390304], [24.938857, 37.390323], [24.938803, 37.39035], [24.938801, 37.390351], [24.938745, 37.390383], [24.938722, 37.390396], [24.938688, 37.390412], [24.938632, 37.390435], [24.938614, 37.390442], [24.938576, 37.390454], [24.93852, 37.390474], [24.938467, 37.390488], [24.938463, 37.390489], [24.938407, 37.390506], [24.938351, 37.390521], [24.938298, 37.390534], [24.938295, 37.390535], [24.938238, 37.390549], [24.938182, 37.390559], [24.938125, 37.390567], [24.938069, 37.390576], [24.938024, 37.390582], [24.938013, 37.390583], [24.937956, 37.390588], [24.9379, 37.390591], [24.937843, 37.390589], [24.937803, 37.390583], [24.937787, 37.390582], [24.93773, 37.39058], [24.937674, 37.39058], [24.937617, 37.390581], [24.937561, 37.390583], [24.937504, 37.390575], [24.937447, 37.39057], [24.937391, 37.390565], [24.937334, 37.39056], [24.937278, 37.390554], [24.937221, 37.390547], [24.937165, 37.390543], [24.937164, 37.390543], [24.937108, 37.39054], [24.937089, 37.390544], [24.937052, 37.390554], [24.936995, 37.390575], [24.936939, 37.390579], [24.936883, 37.390583], [24.936826, 37.390584], [24.936769, 37.390578], [24.936713, 37.39058], [24.936657, 37.390591], [24.9366, 37.390593], [24.936599, 37.390593], [24.936544, 37.390604], [24.936487, 37.390602], [24.93646, 37.390594], [24.936431, 37.390585], [24.936374, 37.390582], [24.936318, 37.390593], [24.936313, 37.390595], [24.936261, 37.390623], [24.93623, 37.390641], [24.936206, 37.390686], [24.936205, 37.390686], [24.936149, 37.390691], [24.936139, 37.390687], [24.936092, 37.390646], [24.936084, 37.390642], [24.936036, 37.390628], [24.935979, 37.390629], [24.935923, 37.390631], [24.935866, 37.390634], [24.93581, 37.390636], [24.935753, 37.390639], [24.935723, 37.390645], [24.935697, 37.390665], [24.935641, 37.390687], [24.935584, 37.39069], [24.935563, 37.390691], [24.935528, 37.390694], [24.935471, 37.390699], [24.935415, 37.390706], [24.935359, 37.390711], [24.935302, 37.390703], [24.935255, 37.390694], [24.935302, 37.390685], [24.935358, 37.390674], [24.935415, 37.390672], [24.935471, 37.390667], [24.935489, 37.390647], [24.935527, 37.390636], [24.935583, 37.390622], [24.93564, 37.390605], [24.935647, 37.3906], [24.935696, 37.39057], [24.935752, 37.390556], [24.935759, 37.390554], [24.935808, 37.390538], [24.935865, 37.390519], [24.935906, 37.390508], [24.935921, 37.3905], [24.935968, 37.390463], [24.935977, 37.390457], [24.936033, 37.390431], [24.936065, 37.390417], [24.936089, 37.390401], [24.936137, 37.390371], [24.936145, 37.390366], [24.936202, 37.390342], [24.936253, 37.390325], [24.936258, 37.390324], [24.936314, 37.3903], [24.936349, 37.390279], [24.93637, 37.390257], [24.936414, 37.390234], [24.936426, 37.390229], [24.936482, 37.390195], [24.936495, 37.390188], [24.936538, 37.390148], [24.936544, 37.390143], [24.936592, 37.390097], [24.936594, 37.390096], [24.93665, 37.39007], [24.936696, 37.390051], [24.936706, 37.390048], [24.936763, 37.390031], [24.936819, 37.390011], [24.936829, 37.390005], [24.936875, 37.389975], [24.936895, 37.389959], [24.936931, 37.389928], [24.936949, 37.389914], [24.936987, 37.389887], [24.937023, 37.389868], [24.937043, 37.389858], [24.937099, 37.389833], [24.937121, 37.389822], [24.937155, 37.389806], [24.937212, 37.389777], [24.937212, 37.389777], [24.937268, 37.38975], [24.937294, 37.389731], [24.937324, 37.389717], [24.93738, 37.389703], [24.937426, 37.389685], [24.937436, 37.38968], [24.937492, 37.38965], [24.937523, 37.389639], [24.937549, 37.389624], [24.937602, 37.389593], [24.937605, 37.389591], [24.937661, 37.38955], [24.937663, 37.389548], [24.9377, 37.389502], [24.937716, 37.389484], [24.937738, 37.389457], [24.937769, 37.389411], [24.937772, 37.389406], [24.937795, 37.389366], [24.937814, 37.389321], [24.937827, 37.389277], [24.937827, 37.389276], [24.937835, 37.389231], [24.937838, 37.389185], [24.937845, 37.38914], [24.937847, 37.389095], [24.937852, 37.38905], [24.937856, 37.389005], [24.93786, 37.38896], [24.937866, 37.388915], [24.937873, 37.38887], [24.937878, 37.388837], [24.93788, 37.388825], [24.937887, 37.388779], [24.937895, 37.388734], [24.937905, 37.388689], [24.937917, 37.388644], [24.937931, 37.388602], [24.937933, 37.388599], [24.937955, 37.388553], [24.937987, 37.388508], [24.937987, 37.388508], [24.938021, 37.388463], [24.938042, 37.388441], [24.938065, 37.388417], [24.938098, 37.388392], [24.938129, 37.388372], [24.938154, 37.388358], [24.938211, 37.388328], [24.938214, 37.388326], [24.938267, 37.3883], [24.938323, 37.388284], [24.938332, 37.38828], [24.938379, 37.388258], [24.938435, 37.388237], [24.938442, 37.388234], [24.938492, 37.388217], [24.938548, 37.388195], [24.938561, 37.388188], [24.938604, 37.388165], [24.938651, 37.388142], [24.93866, 37.388138], [24.938715, 37.388097], [24.938716, 37.388096], [24.938772, 37.388052], [24.938773, 37.388051], [24.938815, 37.388006], [24.938828, 37.387986], [24.938858, 37.38796], [24.938884, 37.387937], [24.938911, 37.387915], [24.938922, 37.387869], [24.938939, 37.387848], [24.938974, 37.387824], [24.938995, 37.387788], [24.938998, 37.387779], [24.939039, 37.387733], [24.93905, 37.38772], [24.939107, 37.387699], [24.939163, 37.387688], [24.939165, 37.387687], [24.939163, 37.387681], [24.939152, 37.387642], [24.939162, 37.387606], [24.939219, 37.387622], [24.939275, 37.387598], [24.939279, 37.387596], [24.939331, 37.387555], [24.939336, 37.387551], [24.939356, 37.387505], [24.939386, 37.387477], [24.939443, 37.387473], [24.93946, 37.387459], [24.939496, 37.387414], [24.939499, 37.38741], [24.93952, 37.387369], [24.939554, 37.387349], [24.939598, 37.387323], [24.93961, 37.387293], [24.939622, 37.387278], [24.939666, 37.387259], [24.939722, 37.387233], [24.939724, 37.387232], [24.939756, 37.387187], [24.939778, 37.387174], [24.939834, 37.387156], [24.93985, 37.387141], [24.939873, 37.387096], [24.93989, 37.387073], [24.939943, 37.38705], [24.939946, 37.387048], [24.939993, 37.387004], [24.940002, 37.386998], [24.940058, 37.386973], [24.940077, 37.386959], [24.940114, 37.386925], [24.940132, 37.386913], [24.94017, 37.386895], [24.940207, 37.386867], [24.940226, 37.386852], [24.940274, 37.386822], [24.940282, 37.386817], [24.940337, 37.386776], [24.940338, 37.386776], [24.940388, 37.386731], [24.940394, 37.386727], [24.940449, 37.386685], [24.94045, 37.386685], [24.940505, 37.38664], [24.940506, 37.386639], [24.940551, 37.386594], [24.940562, 37.386581], [24.940594, 37.386549], [24.940618, 37.386531], [24.940655, 37.386503], [24.940673, 37.386477], [24.940696, 37.386458], [24.940724, 37.386412], [24.940729, 37.386404], [24.940773, 37.386367], [24.940785, 37.386345], [24.940805, 37.386322], [24.940784, 37.386303], [24.94077, 37.386277], [24.940727, 37.386237], [24.94072, 37.386232], [24.94067, 37.38621], [24.940614, 37.386207], [24.940575, 37.386233], [24.940559, 37.386279], [24.940558, 37.386279], [24.940505, 37.386324], [24.940502, 37.386326], [24.9405, 37.386324], [24.940502, 37.386322], [24.940557, 37.386279], [24.940555, 37.386234], [24.940557, 37.386223], [24.940596, 37.386188], [24.940613, 37.386171], [24.940647, 37.386143], [24.940613, 37.386134], [24.940556, 37.386136], [24.9405, 37.386132], [24.940443, 37.386118], [24.940386, 37.3861], [24.940386, 37.3861], [24.940329, 37.386081], [24.940273, 37.38608], [24.940233, 37.386101], [24.940217, 37.38611], [24.940166, 37.386146], [24.940161, 37.38615], [24.940105, 37.386189], [24.9401, 37.386192], [24.940049, 37.386221], [24.940018, 37.386238], [24.939993, 37.386251], [24.939936, 37.38628], [24.939928, 37.386284], [24.93988, 37.386304], [24.939824, 37.386325], [24.939812, 37.38633], [24.939768, 37.386351], [24.93973, 37.386375], [24.939712, 37.38639], [24.939687, 37.386421], [24.939656, 37.386461], [24.939652, 37.386466], [24.939607, 37.386512], [24.9396, 37.386521], [24.939574, 37.386557], [24.939559, 37.386602], [24.939545, 37.386628], [24.939534, 37.386647], [24.93949, 37.386692], [24.939489, 37.386693], [24.939446, 37.386738], [24.939434, 37.386753], [24.939404, 37.386784], [24.939378, 37.386807], [24.939322, 37.386826], [24.939306, 37.38683], [24.939265, 37.386838], [24.939209, 37.386845], [24.939152, 37.38684], [24.939126, 37.386831], [24.939096, 37.386823], [24.939039, 37.386806], [24.938988, 37.386787], [24.938982, 37.386785], [24.938926, 37.386766], [24.938871, 37.386743], [24.938869, 37.386742], [24.938812, 37.386714], [24.93879, 37.386698], [24.938755, 37.386677], [24.938719, 37.386654], [24.938698, 37.386642], [24.938648, 37.386609], [24.938641, 37.386604], [24.938591, 37.386565], [24.938584, 37.386559], [24.938529, 37.38652], [24.938527, 37.386519], [24.93847, 37.386479], [24.938467, 37.386476], [24.938445, 37.386431], [24.938412, 37.386397], [24.938397, 37.386386], [24.938355, 37.386355], [24.93834, 37.386341], [24.938298, 37.386305], [24.938287, 37.386297], [24.938254, 37.386252], [24.938241, 37.386231], [24.938221, 37.386207], [24.938184, 37.386173], [24.938173, 37.386162], [24.938145, 37.386117], [24.938126, 37.386072], [24.938126, 37.386072], [24.938114, 37.386027], [24.938108, 37.385982], [24.938106, 37.385937], [24.938106, 37.385892], [24.93811, 37.385847], [24.938114, 37.385802], [24.938122, 37.38576], [24.938123, 37.385757], [24.938137, 37.385712], [24.938153, 37.385666], [24.938168, 37.385621], [24.938176, 37.385598], [24.938185, 37.385576], [24.938202, 37.385531], [24.93822, 37.385486], [24.938231, 37.385468], [24.938248, 37.38544], [24.93828, 37.385395], [24.938287, 37.385383], [24.9383, 37.38535], [24.93832, 37.385305], [24.938337, 37.385259], [24.938342, 37.385246], [24.938354, 37.385214], [24.938372, 37.385169], [24.938389, 37.385124], [24.938396, 37.385102], [24.938405, 37.385078], [24.938422, 37.385033], [24.938439, 37.384988], [24.938451, 37.384956], [24.938456, 37.384943], [24.938466, 37.384898], [24.938469, 37.38488]]}}, {"type": "Feature", "properties": {"elev": 30}, "geometry": {"type": "LineString", "coordinates": [[24.937841, 37.397596], [24.937817, 37.397589], [24.937788, 37.397571], [24.93776, 37.397543], [24.937731, 37.397527], [24.937703, 37.397496], [24.937647, 37.397506], [24.93759, 37.397486], [24.937587, 37.397483], [24.93759, 37.397481], [24.937621, 37.397437], [24.937645, 37.397399], [24.937651, 37.397392], [24.937701, 37.397354], [24.93772, 37.397347], [24.937758, 37.397335], [24.937814, 37.397305], [24.937823, 37.397301], [24.93787, 37.397283], [24.937926, 37.397276], [24.937943, 37.397255], [24.937978, 37.397209], [24.937982, 37.397193], [24.937986, 37.397164], [24.938003, 37.397119], [24.938037, 37.397083], [24.938048, 37.397073], [24.938093, 37.397033], [24.938098, 37.397028], [24.938144, 37.396982], [24.938149, 37.396978], [24.938183, 37.396937], [24.938205, 37.396917], [24.93823, 37.396892], [24.93825, 37.396846], [24.93826, 37.396801], [24.93826, 37.396801], [24.938316, 37.396778], [24.938372, 37.39676], [24.938384, 37.396755], [24.938428, 37.396739], [24.938485, 37.396733], [24.938541, 37.39672], [24.938572, 37.396709], [24.938597, 37.396698], [24.938654, 37.396674], [24.938698, 37.396663], [24.93871, 37.396659], [24.938766, 37.396641], [24.938822, 37.396618], [24.938827, 37.396616], [24.938879, 37.396596], [24.938935, 37.396579], [24.938956, 37.39657], [24.938991, 37.396557], [24.939047, 37.396532], [24.939065, 37.396524], [24.939104, 37.396509], [24.939159, 37.396479], [24.93916, 37.396478], [24.939216, 37.396442], [24.93923, 37.396433], [24.939272, 37.396406], [24.939303, 37.396387], [24.939328, 37.396373], [24.939384, 37.396342], [24.939385, 37.396341], [24.93944, 37.396305], [24.939454, 37.396296], [24.939496, 37.396265], [24.939517, 37.39625], [24.939552, 37.396223], [24.939572, 37.396205], [24.939608, 37.396166], [24.939614, 37.396159], [24.939645, 37.396114], [24.939663, 37.396085], [24.939674, 37.396069], [24.939706, 37.396023], [24.939719, 37.396003], [24.939736, 37.395978], [24.939764, 37.395933], [24.939774, 37.395916], [24.939793, 37.395887], [24.939824, 37.395842], [24.93983, 37.395832], [24.939852, 37.395797], [24.939879, 37.395751], [24.939885, 37.395743], [24.939911, 37.395706], [24.939941, 37.39567], [24.939951, 37.395661], [24.939979, 37.395615], [24.939996, 37.395583], [24.940003, 37.39557], [24.940028, 37.395525], [24.940051, 37.395483], [24.940053, 37.39548], [24.940078, 37.395434], [24.940107, 37.395393], [24.94011, 37.395389], [24.940142, 37.395344], [24.940162, 37.395325], [24.940201, 37.395298], [24.940218, 37.395283], [24.940263, 37.395253], [24.940274, 37.395245], [24.940331, 37.395235], [24.940387, 37.395214], [24.940418, 37.395206], [24.940443, 37.395198], [24.9405, 37.395176], [24.940536, 37.39516], [24.940556, 37.39515], [24.940612, 37.395123], [24.940634, 37.395114], [24.940668, 37.395098], [24.940724, 37.395071], [24.94073, 37.395068], [24.94078, 37.395033], [24.94079, 37.395023], [24.940825, 37.394978], [24.940836, 37.394967], [24.940892, 37.394934], [24.940896, 37.394932], [24.940916, 37.394887], [24.940906, 37.394842], [24.940915, 37.394796], [24.940913, 37.394751], [24.940889, 37.394718], [24.940883, 37.394707], [24.940842, 37.394662], [24.940832, 37.394655], [24.940777, 37.394617], [24.940775, 37.394616], [24.940719, 37.394573], [24.940718, 37.394572], [24.940679, 37.394528], [24.940661, 37.39451], [24.940631, 37.394483], [24.940604, 37.394467], [24.940547, 37.394439], [24.940546, 37.394439], [24.94049, 37.394421], [24.940433, 37.394402], [24.940414, 37.394395], [24.940377, 37.394381], [24.94032, 37.394358], [24.940304, 37.394351], [24.940263, 37.394332], [24.940213, 37.394306], [24.940206, 37.394303], [24.940149, 37.394274], [24.940124, 37.394262], [24.940092, 37.394245], [24.940049, 37.394217], [24.940035, 37.394208], [24.939984, 37.394173], [24.939978, 37.394169], [24.939924, 37.394128], [24.939921, 37.394125], [24.93988, 37.394083], [24.939864, 37.394066], [24.939843, 37.394039], [24.939807, 37.394], [24.9398, 37.393994], [24.939759, 37.393949], [24.93975, 37.393938], [24.939718, 37.393904], [24.939692, 37.39388], [24.939667, 37.39386], [24.939635, 37.393842], [24.939581, 37.393815], [24.939578, 37.393814], [24.939522, 37.393785], [24.939494, 37.393771], [24.939465, 37.39376], [24.939408, 37.393738], [24.939382, 37.393727], [24.939351, 37.393715], [24.939294, 37.39369], [24.939272, 37.393682], [24.939238, 37.393671], [24.939181, 37.393655], [24.939124, 37.39364], [24.939118, 37.393639], [24.939068, 37.393627], [24.939011, 37.393614], [24.938954, 37.393605], [24.938898, 37.393595], [24.938897, 37.393595], [24.938841, 37.393587], [24.938785, 37.39358], [24.938728, 37.393574], [24.938671, 37.393568], [24.938615, 37.393564], [24.938558, 37.39356], [24.938502, 37.393559], [24.938445, 37.393556], [24.938389, 37.393555], [24.938332, 37.39356], [24.938276, 37.393574], [24.93822, 37.393588], [24.938183, 37.393601], [24.938163, 37.393608], [24.938107, 37.393635], [24.938085, 37.393647], [24.938051, 37.393671], [24.938015, 37.393692], [24.937995, 37.393712], [24.937945, 37.393738], [24.937939, 37.393739], [24.937883, 37.393763], [24.937837, 37.393784], [24.937827, 37.393788], [24.93777, 37.393807], [24.937714, 37.393824], [24.937697, 37.39383], [24.937658, 37.393844], [24.937601, 37.393864], [24.937545, 37.393869], [24.937488, 37.393856], [24.937432, 37.393853], [24.937375, 37.393868], [24.93735, 37.393878], [24.937319, 37.393896], [24.937269, 37.393924], [24.937263, 37.393926], [24.937207, 37.393943], [24.937151, 37.393964], [24.937132, 37.39397], [24.937094, 37.393979], [24.937038, 37.393993], [24.936982, 37.394015], [24.93698, 37.394016], [24.936926, 37.394038], [24.936869, 37.394046], [24.936813, 37.394049], [24.936769, 37.394063], [24.936756, 37.394066], [24.9367, 37.394072], [24.936644, 37.394079], [24.936587, 37.394092], [24.936531, 37.394107], [24.93652, 37.39411], [24.936475, 37.394125], [24.936418, 37.394138], [24.936394, 37.394156], [24.936362, 37.394167], [24.936306, 37.394179], [24.936249, 37.394194], [24.936193, 37.394179], [24.936162, 37.394203], [24.936137, 37.394221], [24.936109, 37.394249], [24.936081, 37.39426], [24.936024, 37.394274], [24.935968, 37.394257], [24.935948, 37.39425], [24.935911, 37.394231], [24.935854, 37.394213], [24.935839, 37.394206], [24.93581, 37.394161], [24.935853, 37.394125], [24.93587, 37.394115], [24.935909, 37.3941], [24.935935, 37.39407], [24.935965, 37.394029], [24.935969, 37.394024], [24.936021, 37.393999], [24.936051, 37.393979], [24.936077, 37.393962], [24.936122, 37.393933], [24.936133, 37.393926], [24.936172, 37.393887], [24.936189, 37.39387], [24.936221, 37.393842], [24.936245, 37.393828], [24.936294, 37.393796], [24.936301, 37.393791], [24.936357, 37.393762], [24.93637, 37.393751], [24.936413, 37.393725], [24.936446, 37.393705], [24.936469, 37.39369], [24.936519, 37.393659], [24.936525, 37.393655], [24.936581, 37.393616], [24.936585, 37.393614], [24.936637, 37.393587], [24.936673, 37.393568], [24.936694, 37.393556], [24.93675, 37.393526], [24.936755, 37.393522], [24.936806, 37.393494], [24.93685, 37.393476], [24.936862, 37.393471], [24.936918, 37.393446], [24.93695, 37.39343], [24.936974, 37.393418], [24.937022, 37.393385], [24.93703, 37.393379], [24.937086, 37.393348], [24.937108, 37.393339], [24.937143, 37.393322], [24.937199, 37.393293], [24.937199, 37.393293], [24.937255, 37.393261], [24.937278, 37.393247], [24.937311, 37.393224], [24.937347, 37.393202], [24.937367, 37.393191], [24.937415, 37.393156], [24.937423, 37.39315], [24.937479, 37.393122], [24.937496, 37.39311], [24.937533, 37.393065], [24.937535, 37.393062], [24.93758, 37.39302], [24.937591, 37.393013], [24.937647, 37.393002], [24.93767, 37.392974], [24.937703, 37.392959], [24.93776, 37.392951], [24.937816, 37.392928], [24.937817, 37.392928], [24.937849, 37.392882], [24.937871, 37.392855], [24.937879, 37.392837], [24.937903, 37.392792], [24.937927, 37.392773], [24.937977, 37.392746], [24.937983, 37.39273], [24.937992, 37.392701], [24.938039, 37.392672], [24.93808, 37.392655], [24.938095, 37.392651], [24.938151, 37.392641], [24.938208, 37.392641], [24.938264, 37.392644], [24.938321, 37.392646], [24.938377, 37.392645], [24.938434, 37.392638], [24.93849, 37.392628], [24.938547, 37.39262], [24.938603, 37.392612], [24.938629, 37.392606], [24.938659, 37.392598], [24.938716, 37.392584], [24.938772, 37.392571], [24.938807, 37.392559], [24.938828, 37.392552], [24.938884, 37.392535], [24.938941, 37.392519], [24.93896, 37.392513], [24.938997, 37.392502], [24.939054, 37.392499], [24.93911, 37.392501], [24.939167, 37.392498], [24.939223, 37.392492], [24.939279, 37.392482], [24.939336, 37.392471], [24.939371, 37.392464], [24.939392, 37.392461], [24.939448, 37.39245], [24.939505, 37.392443], [24.939561, 37.392437], [24.939618, 37.392425], [24.939646, 37.392417], [24.939674, 37.39241], [24.93973, 37.392393], [24.939787, 37.392378], [24.939829, 37.392371], [24.939843, 37.392368], [24.939899, 37.392357], [24.939956, 37.39235], [24.940012, 37.392344], [24.940069, 37.39234], [24.940125, 37.392339], [24.940182, 37.392335], [24.940238, 37.392333], [24.940295, 37.392334], [24.940351, 37.392336], [24.940408, 37.392339], [24.940464, 37.39234], [24.940521, 37.392345], [24.940577, 37.392353], [24.940634, 37.392363], [24.940639, 37.392364], [24.940691, 37.392375], [24.940747, 37.392393], [24.940769, 37.392408], [24.940804, 37.392422], [24.940861, 37.392446], [24.940874, 37.392452], [24.940918, 37.392474], [24.940965, 37.392497], [24.940975, 37.392501], [24.941031, 37.392523], [24.941068, 37.392541], [24.941088, 37.39255], [24.941145, 37.392576], [24.941176, 37.392585], [24.941202, 37.392592], [24.941259, 37.392606], [24.941302, 37.392629], [24.941315, 37.392636], [24.941372, 37.392662], [24.941405, 37.392674], [24.941429, 37.392681], [24.941486, 37.392701], [24.941513, 37.392718], [24.941543, 37.392733], [24.941598, 37.392762], [24.9416, 37.392763], [24.941656, 37.392772], [24.941713, 37.39278], [24.94177, 37.3928], [24.941795, 37.392806], [24.941826, 37.392813], [24.941883, 37.39283], [24.94194, 37.392849], [24.941947, 37.39285], [24.941996, 37.392855], [24.942053, 37.39286], [24.942109, 37.392863], [24.942166, 37.392866], [24.942222, 37.392868], [24.942279, 37.392869], [24.942335, 37.392867], [24.942392, 37.392865], [24.942448, 37.392861], [24.942505, 37.392848], [24.942522, 37.392845], [24.942561, 37.392837], [24.942617, 37.392811], [24.942654, 37.392799], [24.942674, 37.392793], [24.94273, 37.392777], [24.94278, 37.392753], [24.942786, 37.39275], [24.942842, 37.39272], [24.942864, 37.392707], [24.942898, 37.392685], [24.942927, 37.392662], [24.942954, 37.392636], [24.942966, 37.392616], [24.942993, 37.392571], [24.943009, 37.392545], [24.943023, 37.392526], [24.943043, 37.39248], [24.943065, 37.392436], [24.943065, 37.392435], [24.943088, 37.39239], [24.943114, 37.392344], [24.94312, 37.392334], [24.943139, 37.392299], [24.943163, 37.392254], [24.943175, 37.39223], [24.943186, 37.392209], [24.943207, 37.392163], [24.943228, 37.392118], [24.94323, 37.392114], [24.943251, 37.392073], [24.943272, 37.392028], [24.943285, 37.391996], [24.943292, 37.391982], [24.943315, 37.391937], [24.943337, 37.391892], [24.94334, 37.391887], [24.943366, 37.391847], [24.943392, 37.391801], [24.943396, 37.391795], [24.94342, 37.391756], [24.943439, 37.391711], [24.943451, 37.391686], [24.943461, 37.391665], [24.943476, 37.39162], [24.943487, 37.391575], [24.943495, 37.39153], [24.943497, 37.391485], [24.943493, 37.39144], [24.943483, 37.391395], [24.94347, 37.39135], [24.943452, 37.391305], [24.943446, 37.391294], [24.943422, 37.39126], [24.943388, 37.39123], [24.943375, 37.391215], [24.943331, 37.391183], [24.943314, 37.391171], [24.943274, 37.391148], [24.943231, 37.391126], [24.943218, 37.391121], [24.943161, 37.391094], [24.943133, 37.391082], [24.943104, 37.391067], [24.943061, 37.391037], [24.943047, 37.391028], [24.94299, 37.390997], [24.942984, 37.390993], [24.942933, 37.39096], [24.942913, 37.390948], [24.942876, 37.390926], [24.942838, 37.390904], [24.942819, 37.390894], [24.942762, 37.39086], [24.942761, 37.39086], [24.942705, 37.390823], [24.942693, 37.390815], [24.942648, 37.390787], [24.942617, 37.390771], [24.942591, 37.390754], [24.942557, 37.390726], [24.942534, 37.390712], [24.942484, 37.390681], [24.942477, 37.390677], [24.942429, 37.390637], [24.94242, 37.390631], [24.942363, 37.390593], [24.942363, 37.390592], [24.942322, 37.390547], [24.942306, 37.390532], [24.942263, 37.390503], [24.942249, 37.390488], [24.94223, 37.390458], [24.942192, 37.390422], [24.942179, 37.390413], [24.942141, 37.390369], [24.942135, 37.390361], [24.942103, 37.390324], [24.942077, 37.390282], [24.942074, 37.390279], [24.942021, 37.390234], [24.94202, 37.390233], [24.941999, 37.390189], [24.941965, 37.390145], [24.941962, 37.390139], [24.941928, 37.3901], [24.941905, 37.390083], [24.941883, 37.390055], [24.941865, 37.39001], [24.941847, 37.389984], [24.941829, 37.389965], [24.94179, 37.389923], [24.941787, 37.389921], [24.941762, 37.389876], [24.941744, 37.389831], [24.941732, 37.389812], [24.941699, 37.389786], [24.941675, 37.389751], [24.941663, 37.389741], [24.941636, 37.389696], [24.941625, 37.389651], [24.941617, 37.389638], [24.941563, 37.389607], [24.94156, 37.389603], [24.941525, 37.389562], [24.941503, 37.389549], [24.941475, 37.389517], [24.941446, 37.389485], [24.941437, 37.389472], [24.941388, 37.389429], [24.941375, 37.389428], [24.941332, 37.389425], [24.941309, 37.389428], [24.941275, 37.389438], [24.94124, 37.389474], [24.94122, 37.389487], [24.941163, 37.389499], [24.941123, 37.38952], [24.941107, 37.389534], [24.941051, 37.389559], [24.941034, 37.389566], [24.940995, 37.389579], [24.940938, 37.389598], [24.940896, 37.389612], [24.940882, 37.389616], [24.940826, 37.389625], [24.940769, 37.389638], [24.940713, 37.389654], [24.940699, 37.389659], [24.940657, 37.389673], [24.9406, 37.389685], [24.940544, 37.389685], [24.940487, 37.389681], [24.940431, 37.389678], [24.940374, 37.389667], [24.940318, 37.389662], [24.940261, 37.38967], [24.940205, 37.389683], [24.940149, 37.389701], [24.940126, 37.389708], [24.940092, 37.389718], [24.940036, 37.389739], [24.940003, 37.389754], [24.93998, 37.389763], [24.939927, 37.3898], [24.939924, 37.389804], [24.939886, 37.389845], [24.939868, 37.389864], [24.939834, 37.389891], [24.939812, 37.389912], [24.939787, 37.389936], [24.939757, 37.389968], [24.939739, 37.389982], [24.939701, 37.390012], [24.939677, 37.390027], [24.939644, 37.390047], [24.939598, 37.390073], [24.939588, 37.390078], [24.939532, 37.390109], [24.939513, 37.390119], [24.939476, 37.390138], [24.939433, 37.390165], [24.93942, 37.390173], [24.939364, 37.390208], [24.939361, 37.39021], [24.939308, 37.390248], [24.939297, 37.390256], [24.939252, 37.390286], [24.939221, 37.390302], [24.939196, 37.390313], [24.93914, 37.39034], [24.939124, 37.390347], [24.939083, 37.390365], [24.939027, 37.390391], [24.939024, 37.390393], [24.938971, 37.39042], [24.938934, 37.390439], [24.938915, 37.390449], [24.938859, 37.390478], [24.938846, 37.390485], [24.938803, 37.390513], [24.93876, 37.390531], [24.938747, 37.390537], [24.93869, 37.390557], [24.938635, 37.390577], [24.938634, 37.390577], [24.938578, 37.390591], [24.938521, 37.390607], [24.938479, 37.390623], [24.938465, 37.390629], [24.938409, 37.39065], [24.938353, 37.390664], [24.938331, 37.390669], [24.938296, 37.390679], [24.93824, 37.390692], [24.938184, 37.390707], [24.938156, 37.390716], [24.938127, 37.390725], [24.938071, 37.390734], [24.938015, 37.390743], [24.937958, 37.390749], [24.937902, 37.390753], [24.937845, 37.390757], [24.937789, 37.390756], [24.937732, 37.390754], [24.937676, 37.390749], [24.937619, 37.390744], [24.937563, 37.390741], [24.937506, 37.390739], [24.93745, 37.390741], [24.937393, 37.39074], [24.937336, 37.390735], [24.93728, 37.390727], [24.937246, 37.390723], [24.937223, 37.390721], [24.937167, 37.390717], [24.93711, 37.390715], [24.937054, 37.390715], [24.936997, 37.390718], [24.936941, 37.390716], [24.936884, 37.39072], [24.936845, 37.390726], [24.936828, 37.390729], [24.936771, 37.39074], [24.936715, 37.39074], [24.936658, 37.390741], [24.936602, 37.39074], [24.936545, 37.390738], [24.936489, 37.390743], [24.936432, 37.390741], [24.936376, 37.390745], [24.93632, 37.39076], [24.936263, 37.390764], [24.936207, 37.390771], [24.936159, 37.390777], [24.93615, 37.390778], [24.936094, 37.390786], [24.936038, 37.390796], [24.935981, 37.390808], [24.935925, 37.390819], [24.935909, 37.390824], [24.935869, 37.390831], [24.935812, 37.390833], [24.93578, 37.390825], [24.935755, 37.390809], [24.935699, 37.390797], [24.935642, 37.390799], [24.935586, 37.390817], [24.935562, 37.390827], [24.93553, 37.390842], [24.935473, 37.390865], [24.935463, 37.390872], [24.935417, 37.390889], [24.935361, 37.390899], [24.935304, 37.390888], [24.935248, 37.390879], [24.935236, 37.390874], [24.935191, 37.39084], [24.935177, 37.39083], [24.935134, 37.390817], [24.935077, 37.390808], [24.935021, 37.390802], [24.934964, 37.390791], [24.934939, 37.390786], [24.934907, 37.390782], [24.934851, 37.390774], [24.934794, 37.390765], [24.934743, 37.390743], [24.934737, 37.390737], [24.934681, 37.390718], [24.934624, 37.390717], [24.934568, 37.390717], [24.934511, 37.390707], [24.934504, 37.3907], [24.934511, 37.390692], [24.934567, 37.390682], [24.934624, 37.390682], [24.93468, 37.390683], [24.934737, 37.390685], [24.934793, 37.390683], [24.93485, 37.39068], [24.934904, 37.390696], [24.934906, 37.390697], [24.934963, 37.390702], [24.935019, 37.390699], [24.93506, 37.390695], [24.935076, 37.390692], [24.935132, 37.390676], [24.935171, 37.390649], [24.935188, 37.390642], [24.935245, 37.39063], [24.935301, 37.390617], [24.935357, 37.390605], [24.935369, 37.390603], [24.935414, 37.390589], [24.93547, 37.39057], [24.935507, 37.390556], [24.935526, 37.390549], [24.935582, 37.390526], [24.935616, 37.390511], [24.935638, 37.3905], [24.935695, 37.390471], [24.935706, 37.390465], [24.935751, 37.390443], [24.935802, 37.390419], [24.935807, 37.390417], [24.935863, 37.390388], [24.935889, 37.390373], [24.935919, 37.390354], [24.935957, 37.390327], [24.935975, 37.390314], [24.936018, 37.390282], [24.936031, 37.390272], [24.936073, 37.390236], [24.936087, 37.390225], [24.936136, 37.390191], [24.936143, 37.390186], [24.936199, 37.390153], [24.936212, 37.390145], [24.936255, 37.39012], [24.936312, 37.390101], [24.936314, 37.390099], [24.936354, 37.390054], [24.936367, 37.390046], [24.936423, 37.390018], [24.936441, 37.390008], [24.93648, 37.389982], [24.936518, 37.389962], [24.936536, 37.389951], [24.936579, 37.389917], [24.936592, 37.389902], [24.936631, 37.389871], [24.936648, 37.389862], [24.936704, 37.389826], [24.936705, 37.389826], [24.93676, 37.389789], [24.93677, 37.38978], [24.936816, 37.389749], [24.936848, 37.389734], [24.936872, 37.389724], [24.936928, 37.389705], [24.936978, 37.389688], [24.936984, 37.389686], [24.937041, 37.389671], [24.937097, 37.389657], [24.937145, 37.389642], [24.937153, 37.389639], [24.93721, 37.389616], [24.93726, 37.389596], [24.937266, 37.389593], [24.937322, 37.389584], [24.937378, 37.389573], [24.937428, 37.389549], [24.937435, 37.389545], [24.937473, 37.389504], [24.93749, 37.389482], [24.937511, 37.389459], [24.937546, 37.389423], [24.937557, 37.389413], [24.937596, 37.389368], [24.937602, 37.389362], [24.93764, 37.389322], [24.937658, 37.389297], [24.937668, 37.389277], [24.937678, 37.389232], [24.937677, 37.389187], [24.937675, 37.389142], [24.937672, 37.389097], [24.937664, 37.389052], [24.937669, 37.389007], [24.937669, 37.388961], [24.937671, 37.388916], [24.937675, 37.388871], [24.937677, 37.388826], [24.937673, 37.388781], [24.937671, 37.388736], [24.937666, 37.388691], [24.937657, 37.388646], [24.937655, 37.388601], [24.937654, 37.388556], [24.93766, 37.388511], [24.937675, 37.388465], [24.937703, 37.38842], [24.937703, 37.38842], [24.937733, 37.388375], [24.937759, 37.388351], [24.937784, 37.388329], [24.937815, 37.38831], [24.937853, 37.388284], [24.937871, 37.388274], [24.937927, 37.388252], [24.937979, 37.388238], [24.937983, 37.388237], [24.93804, 37.388218], [24.938096, 37.3882], [24.938126, 37.388191], [24.938152, 37.388185], [24.938208, 37.388167], [24.938265, 37.388149], [24.938274, 37.388145], [24.938321, 37.388125], [24.938377, 37.388107], [24.938397, 37.388099], [24.938433, 37.388085], [24.93849, 37.388069], [24.938516, 37.388053], [24.938546, 37.388032], [24.938601, 37.388007], [24.938602, 37.388006], [24.938649, 37.387962], [24.938658, 37.387951], [24.938689, 37.387916], [24.938713, 37.387886], [24.938724, 37.387871], [24.938748, 37.387826], [24.938765, 37.387781], [24.938769, 37.387775], [24.938791, 37.387735], [24.938816, 37.38769], [24.938824, 37.38768], [24.938855, 37.387645], [24.93888, 37.387612], [24.938891, 37.387599], [24.938929, 37.387554], [24.938935, 37.387541], [24.93896, 37.387509], [24.938987, 37.387463], [24.93899, 37.387426], [24.938991, 37.387418], [24.938996, 37.387373], [24.93899, 37.387328], [24.938991, 37.387283], [24.938988, 37.387265], [24.938983, 37.387238], [24.938959, 37.387193], [24.938938, 37.387148], [24.93893, 37.387128], [24.93892, 37.387103], [24.93889, 37.387058], [24.938872, 37.387041], [24.938816, 37.387032], [24.93876, 37.387044], [24.93874, 37.387014], [24.938727, 37.386969], [24.938702, 37.38694], [24.938685, 37.386925], [24.938669, 37.38688], [24.938644, 37.386852], [24.938634, 37.386835], [24.938604, 37.38679], [24.938587, 37.386766], [24.938564, 37.386745], [24.938529, 37.386714], [24.938512, 37.386701], [24.938472, 37.386678], [24.938443, 37.386656], [24.938415, 37.386633], [24.938392, 37.386611], [24.938358, 37.386576], [24.938349, 37.386567], [24.938308, 37.386522], [24.938301, 37.386514], [24.938267, 37.386477], [24.938244, 37.386457], [24.938187, 37.386436], [24.938181, 37.386433], [24.938164, 37.386388], [24.938141, 37.386343], [24.938129, 37.38632], [24.938114, 37.386298], [24.938081, 37.386253], [24.938071, 37.38624], [24.938039, 37.386208], [24.938014, 37.386181], [24.937998, 37.386164], [24.937974, 37.386119], [24.93797, 37.386074], [24.937956, 37.386033], [24.937954, 37.386029], [24.937938, 37.385984], [24.937908, 37.385939], [24.937898, 37.385913], [24.937888, 37.385894], [24.937872, 37.385849], [24.937874, 37.385804], [24.937892, 37.385759], [24.937896, 37.385749], [24.937909, 37.385714], [24.937917, 37.385668], [24.937931, 37.385623], [24.93795, 37.385585], [24.937954, 37.385578], [24.937978, 37.385533], [24.938003, 37.385487], [24.938006, 37.385484], [24.938041, 37.385442], [24.938061, 37.38542], [24.938079, 37.385397], [24.938106, 37.385351], [24.938117, 37.385338], [24.938146, 37.385306], [24.938172, 37.385267], [24.938176, 37.385261], [24.938206, 37.385215], [24.938228, 37.385173], [24.938229, 37.38517], [24.938249, 37.385125], [24.938271, 37.385079], [24.938283, 37.385057], [24.938294, 37.385034], [24.938309, 37.384989], [24.938325, 37.384944], [24.938337, 37.384905], [24.938339, 37.384899], [24.938345, 37.384881]]}}, {"type": "Feature", "properties": {"elev": 35}, "geometry": {"type": "LineString", "coordinates": [[24.936953, 37.397578], [24.936969, 37.397554], [24.936985, 37.397533], [24.937025, 37.397497], [24.937038, 37.397487], [24.937081, 37.397458], [24.937108, 37.397442], [24.937137, 37.39743], [24.937193, 37.397399], [24.937198, 37.397396], [24.937249, 37.397356], [24.937261, 37.39735], [24.937306, 37.397327], [24.937346, 37.397304], [24.937362, 37.397296], [24.937414, 37.397259], [24.937418, 37.397257], [24.937474, 37.397222], [24.937488, 37.397213], [24.93753, 37.397197], [24.937586, 37.397168], [24.937588, 37.397167], [24.937642, 37.397142], [24.93769, 37.397121], [24.937698, 37.397117], [24.937755, 37.397081], [24.93776, 37.397076], [24.937808, 37.39703], [24.93781, 37.397028], [24.937858, 37.396985], [24.937866, 37.396976], [24.93791, 37.396939], [24.937922, 37.396922], [24.937938, 37.396894], [24.937949, 37.396849], [24.937977, 37.396807], [24.93798, 37.396803], [24.938013, 37.396758], [24.938033, 37.396733], [24.938048, 37.396713], [24.938078, 37.396667], [24.938088, 37.39666], [24.938144, 37.396628], [24.938168, 37.396622], [24.938201, 37.396615], [24.938257, 37.396608], [24.938314, 37.396601], [24.93837, 37.396589], [24.938426, 37.396578], [24.938452, 37.396574], [24.938483, 37.39657], [24.938539, 37.396553], [24.938595, 37.396533], [24.938607, 37.396528], [24.938652, 37.396511], [24.938708, 37.3965], [24.938764, 37.396488], [24.93879, 37.396481], [24.938821, 37.396472], [24.938877, 37.396455], [24.938929, 37.396435], [24.938933, 37.396434], [24.938989, 37.396416], [24.939046, 37.396394], [24.939053, 37.396389], [24.939102, 37.396364], [24.939134, 37.396343], [24.939158, 37.396326], [24.939202, 37.396298], [24.939214, 37.396291], [24.93927, 37.396263], [24.939288, 37.396252], [24.939326, 37.39623], [24.939372, 37.396206], [24.939382, 37.396201], [24.939431, 37.396161], [24.939438, 37.396149], [24.939461, 37.396115], [24.939494, 37.396075], [24.939497, 37.39607], [24.939528, 37.396025], [24.939549, 37.395995], [24.93956, 37.395979], [24.939588, 37.395934], [24.939605, 37.395914], [24.939621, 37.395889], [24.939644, 37.395844], [24.93966, 37.395814], [24.939669, 37.395798], [24.9397, 37.395753], [24.939715, 37.39573], [24.939731, 37.395708], [24.939763, 37.395662], [24.939771, 37.395651], [24.939796, 37.395617], [24.939826, 37.395573], [24.939827, 37.395572], [24.939859, 37.395526], [24.939882, 37.395498], [24.939898, 37.395481], [24.939937, 37.395435], [24.939938, 37.395434], [24.93998, 37.39539], [24.939993, 37.395373], [24.940018, 37.395345], [24.940049, 37.395318], [24.940066, 37.395299], [24.940101, 37.395254], [24.940105, 37.395249], [24.940161, 37.395216], [24.940171, 37.395208], [24.940217, 37.395172], [24.940232, 37.395163], [24.940273, 37.395127], [24.940288, 37.395117], [24.940329, 37.395081], [24.94034, 37.395072], [24.940385, 37.395029], [24.940388, 37.395026], [24.940431, 37.394981], [24.94044, 37.394968], [24.940465, 37.394935], [24.940496, 37.394893], [24.940498, 37.39489], [24.940508, 37.394845], [24.940513, 37.3948], [24.940515, 37.394755], [24.9405, 37.39471], [24.940494, 37.394701], [24.940468, 37.394665], [24.940436, 37.394631], [24.94042, 37.39462], [24.940379, 37.394598], [24.940339, 37.394576], [24.940322, 37.394568], [24.940266, 37.394539], [24.940252, 37.394531], [24.940209, 37.39451], [24.940175, 37.394487], [24.940152, 37.394476], [24.940095, 37.394447], [24.940081, 37.394442], [24.940038, 37.394433], [24.939981, 37.394407], [24.939925, 37.394404], [24.939915, 37.394399], [24.93988, 37.394354], [24.939868, 37.394349], [24.939811, 37.394328], [24.93979, 37.39431], [24.939754, 37.394273], [24.939745, 37.394265], [24.939697, 37.39422], [24.939697, 37.39422], [24.939654, 37.394175], [24.939639, 37.394161], [24.939609, 37.394131], [24.939582, 37.394105], [24.939559, 37.394086], [24.939525, 37.394056], [24.939508, 37.394041], [24.939468, 37.394007], [24.939455, 37.393997], [24.939411, 37.393962], [24.939396, 37.393952], [24.939354, 37.393923], [24.93933, 37.393907], [24.939297, 37.393886], [24.939261, 37.393863], [24.93924, 37.393851], [24.939183, 37.393826], [24.939159, 37.393819], [24.939126, 37.393809], [24.93907, 37.393789], [24.939032, 37.393775], [24.939013, 37.393768], [24.938956, 37.393753], [24.9389, 37.393742], [24.93885, 37.393731], [24.938843, 37.39373], [24.938786, 37.393722], [24.93873, 37.393715], [24.938673, 37.393711], [24.938617, 37.393708], [24.93856, 37.393704], [24.938504, 37.393704], [24.938447, 37.393706], [24.938391, 37.393709], [24.938334, 37.39371], [24.938278, 37.393714], [24.938221, 37.393724], [24.938195, 37.393736], [24.938165, 37.393752], [24.938113, 37.393782], [24.938109, 37.393784], [24.938053, 37.393813], [24.938012, 37.393828], [24.937997, 37.393835], [24.937941, 37.393873], [24.937941, 37.393873], [24.937884, 37.393896], [24.937828, 37.393918], [24.937825, 37.393919], [24.937772, 37.393942], [24.937748, 37.393965], [24.937716, 37.393987], [24.937663, 37.394011], [24.93766, 37.394012], [24.937603, 37.39403], [24.937547, 37.394045], [24.937519, 37.394057], [24.937491, 37.394064], [24.937434, 37.39407], [24.937378, 37.39407], [24.937321, 37.39407], [24.937265, 37.394072], [24.937209, 37.394078], [24.937152, 37.394081], [24.937096, 37.394089], [24.937044, 37.394106], [24.937039, 37.394107], [24.936983, 37.394125], [24.936927, 37.39415], [24.936921, 37.394152], [24.936871, 37.394171], [24.936814, 37.394189], [24.93679, 37.394198], [24.936758, 37.394209], [24.936702, 37.394227], [24.936646, 37.394241], [24.936632, 37.394244], [24.936589, 37.394255], [24.936534, 37.39429], [24.936533, 37.394291], [24.936477, 37.394314], [24.936421, 37.394332], [24.936401, 37.394336], [24.936364, 37.394344], [24.936308, 37.394359], [24.936255, 37.394383], [24.936252, 37.394384], [24.936195, 37.394402], [24.936139, 37.394414], [24.936083, 37.394425], [24.936044, 37.394429], [24.936026, 37.394431], [24.93597, 37.394458], [24.935932, 37.394475], [24.935914, 37.394481], [24.935858, 37.394499], [24.935817, 37.394521], [24.935802, 37.394529], [24.935745, 37.394553], [24.935704, 37.394567], [24.935689, 37.394574], [24.935633, 37.394595], [24.935577, 37.394613], [24.935573, 37.394613], [24.93552, 37.394627], [24.935464, 37.394645], [24.935436, 37.39466], [24.935408, 37.394678], [24.935364, 37.394705], [24.935352, 37.394716], [24.935296, 37.394745], [24.935286, 37.394751], [24.935241, 37.394796], [24.93524, 37.394798], [24.935197, 37.394842], [24.935184, 37.394856], [24.935128, 37.394867], [24.935071, 37.394858], [24.935046, 37.394843], [24.935014, 37.394812], [24.935001, 37.394798], [24.934957, 37.394778], [24.9349, 37.394773], [24.934847, 37.394754], [24.934844, 37.394753], [24.934787, 37.394737], [24.93473, 37.394716], [24.934674, 37.394716], [24.934617, 37.394719], [24.934561, 37.394723], [24.934504, 37.394723], [24.934483, 37.394712], [24.934447, 37.394692], [24.934412, 37.394668], [24.93439, 37.394648], [24.934344, 37.394623], [24.93439, 37.394611], [24.934426, 37.394577], [24.934446, 37.394567], [24.934502, 37.394536], [24.934513, 37.394532], [24.934558, 37.394524], [24.934615, 37.394527], [24.934671, 37.394516], [24.934727, 37.394496], [24.934749, 37.394485], [24.934784, 37.394471], [24.93484, 37.394457], [24.934896, 37.394441], [24.934903, 37.394438], [24.934953, 37.394416], [24.935004, 37.394393], [24.935009, 37.39439], [24.935065, 37.394364], [24.935087, 37.394347], [24.935121, 37.394325], [24.93515, 37.394301], [24.935177, 37.394281], [24.935233, 37.394257], [24.935236, 37.394255], [24.93527, 37.39421], [24.935289, 37.3942], [24.935345, 37.39418], [24.935374, 37.394164], [24.935401, 37.394144], [24.935434, 37.394119], [24.935457, 37.394094], [24.935473, 37.394073], [24.935507, 37.394028], [24.935513, 37.394021], [24.935555, 37.393982], [24.935569, 37.393971], [24.935622, 37.393937], [24.935625, 37.393935], [24.935681, 37.393915], [24.935729, 37.393891], [24.935737, 37.393888], [24.935793, 37.393865], [24.93585, 37.393852], [24.935874, 37.393845], [24.935906, 37.393836], [24.935962, 37.393816], [24.935995, 37.393799], [24.936018, 37.393786], [24.936073, 37.393753], [24.936074, 37.393752], [24.936131, 37.393722], [24.936155, 37.393707], [24.936187, 37.393688], [24.936228, 37.393662], [24.936243, 37.393652], [24.936299, 37.393619], [24.936304, 37.393616], [24.936355, 37.393586], [24.93638, 37.39357], [24.936411, 37.393551], [24.936452, 37.393524], [24.936467, 37.393516], [24.936523, 37.393483], [24.93653, 37.393479], [24.936579, 37.393452], [24.936611, 37.393433], [24.936635, 37.393417], [24.936689, 37.393387], [24.936691, 37.393386], [24.936748, 37.393357], [24.936785, 37.393342], [24.936804, 37.393333], [24.93686, 37.393309], [24.936885, 37.393296], [24.936916, 37.393278], [24.936965, 37.39325], [24.936972, 37.393246], [24.937028, 37.393219], [24.937056, 37.393204], [24.937084, 37.393189], [24.937134, 37.393158], [24.937141, 37.393154], [24.937197, 37.393116], [24.937204, 37.393113], [24.937253, 37.393085], [24.937279, 37.393067], [24.937309, 37.393043], [24.93733, 37.393022], [24.937349, 37.392976], [24.937364, 37.392943], [24.937373, 37.392931], [24.937415, 37.392886], [24.93742, 37.392882], [24.937476, 37.392856], [24.937518, 37.39284], [24.937531, 37.392795], [24.937532, 37.392792], [24.937552, 37.392749], [24.937587, 37.392704], [24.937587, 37.392704], [24.937628, 37.392659], [24.937643, 37.39264], [24.937687, 37.392613], [24.937699, 37.392602], [24.93773, 37.392568], [24.937755, 37.392554], [24.937802, 37.392522], [24.937811, 37.392516], [24.937861, 37.392476], [24.937867, 37.392472], [24.937923, 37.39245], [24.937951, 37.392431], [24.937979, 37.392409], [24.938035, 37.392403], [24.938092, 37.392391], [24.938148, 37.392401], [24.938205, 37.392423], [24.938215, 37.392429], [24.938262, 37.392468], [24.938272, 37.392473], [24.938319, 37.392493], [24.938375, 37.392493], [24.938432, 37.392489], [24.938488, 37.392481], [24.938545, 37.392473], [24.938556, 37.392471], [24.938601, 37.392463], [24.938657, 37.392452], [24.938714, 37.392437], [24.938759, 37.392424], [24.93877, 37.392421], [24.938826, 37.392402], [24.938883, 37.392379], [24.938887, 37.392378], [24.938939, 37.392369], [24.938995, 37.392364], [24.939052, 37.392362], [24.939108, 37.392362], [24.939165, 37.392357], [24.939221, 37.392349], [24.939278, 37.392341], [24.939334, 37.392332], [24.939352, 37.392329], [24.93939, 37.392323], [24.939447, 37.392313], [24.939503, 37.392303], [24.93956, 37.392293], [24.939615, 37.392282], [24.939616, 37.392282], [24.939672, 37.39227], [24.939729, 37.392258], [24.939785, 37.392251], [24.939842, 37.392251], [24.939898, 37.39225], [24.939954, 37.392244], [24.940011, 37.392235], [24.940036, 37.392234], [24.940067, 37.392231], [24.940105, 37.392233], [24.940124, 37.392234], [24.940149, 37.392233], [24.94018, 37.392231], [24.940237, 37.392224], [24.940293, 37.392217], [24.940349, 37.392206], [24.940406, 37.392203], [24.940462, 37.392204], [24.940519, 37.392196], [24.940575, 37.392191], [24.940632, 37.392193], [24.940688, 37.392201], [24.940745, 37.392225], [24.940753, 37.392228], [24.940802, 37.39225], [24.940859, 37.392257], [24.940915, 37.392269], [24.940921, 37.392272], [24.940972, 37.392309], [24.940983, 37.392316], [24.941029, 37.392341], [24.941086, 37.392351], [24.941109, 37.39236], [24.941143, 37.392378], [24.941181, 37.392405], [24.9412, 37.392427], [24.941256, 37.392438], [24.941313, 37.392448], [24.941315, 37.392449], [24.94137, 37.392473], [24.941406, 37.392493], [24.941427, 37.392509], [24.941484, 37.392526], [24.941521, 37.392537], [24.94154, 37.392544], [24.941597, 37.392574], [24.941613, 37.392582], [24.941654, 37.392605], [24.941687, 37.392626], [24.941711, 37.392658], [24.941748, 37.392671], [24.941768, 37.392676], [24.941825, 37.3927], [24.941864, 37.392715], [24.941882, 37.392721], [24.941938, 37.392732], [24.941995, 37.392739], [24.942051, 37.392746], [24.942108, 37.39275], [24.942164, 37.392752], [24.942221, 37.392752], [24.942277, 37.392747], [24.942334, 37.392738], [24.94239, 37.392729], [24.942447, 37.392718], [24.942479, 37.39271], [24.942503, 37.392705], [24.942559, 37.392686], [24.9426, 37.392664], [24.942615, 37.392653], [24.942671, 37.392623], [24.942678, 37.392618], [24.942727, 37.392581], [24.942736, 37.392573], [24.942773, 37.392528], [24.942783, 37.392516], [24.942826, 37.392482], [24.942839, 37.392473], [24.942872, 37.392437], [24.942895, 37.39241], [24.942906, 37.392391], [24.942915, 37.392346], [24.942944, 37.392301], [24.942946, 37.392256], [24.942949, 37.392252], [24.942984, 37.39221], [24.942995, 37.392165], [24.943004, 37.392138], [24.943019, 37.39212], [24.943037, 37.392075], [24.94304, 37.392029], [24.943054, 37.391984], [24.943059, 37.391969], [24.943071, 37.391939], [24.943086, 37.391894], [24.943103, 37.391849], [24.943113, 37.391824], [24.943125, 37.391803], [24.943145, 37.391758], [24.943164, 37.391713], [24.943168, 37.391704], [24.943188, 37.391668], [24.943211, 37.391622], [24.943219, 37.391577], [24.943223, 37.391553], [24.943228, 37.391532], [24.943222, 37.391492], [24.943222, 37.391487], [24.943214, 37.391442], [24.943202, 37.391397], [24.943185, 37.391352], [24.943164, 37.391327], [24.943153, 37.391307], [24.943163, 37.391281], [24.943167, 37.391262], [24.943163, 37.391259], [24.94312, 37.391217], [24.943106, 37.391203], [24.943071, 37.391173], [24.943049, 37.391159], [24.943013, 37.391128], [24.942992, 37.391116], [24.942935, 37.391093], [24.942922, 37.391084], [24.942878, 37.391056], [24.942846, 37.391039], [24.942821, 37.391025], [24.942765, 37.390995], [24.942764, 37.390994], [24.942707, 37.390964], [24.942678, 37.39095], [24.94265, 37.390935], [24.942594, 37.390906], [24.942593, 37.390906], [24.942536, 37.390871], [24.942518, 37.390861], [24.94248, 37.390839], [24.942448, 37.390817], [24.942422, 37.390791], [24.942396, 37.390772], [24.942365, 37.390745], [24.94235, 37.390728], [24.942308, 37.3907], [24.942289, 37.390683], [24.942251, 37.39066], [24.94223, 37.390638], [24.942194, 37.390608], [24.942183, 37.390594], [24.94215, 37.390549], [24.942137, 37.390537], [24.942104, 37.390504], [24.94208, 37.390483], [24.942058, 37.390459], [24.942022, 37.390424], [24.942012, 37.390415], [24.941981, 37.39037], [24.941965, 37.390336], [24.941958, 37.390325], [24.941919, 37.39028], [24.941907, 37.390268], [24.941872, 37.390235], [24.94185, 37.390207], [24.941839, 37.390191], [24.941811, 37.390146], [24.941792, 37.390117], [24.941773, 37.390101], [24.941735, 37.390057], [24.941735, 37.390056], [24.941709, 37.390011], [24.941687, 37.389966], [24.941677, 37.38995], [24.941646, 37.389922], [24.94162, 37.389894], [24.941606, 37.389877], [24.941568, 37.389832], [24.941563, 37.389821], [24.941516, 37.389787], [24.941506, 37.389782], [24.941449, 37.389747], [24.941433, 37.389743], [24.941392, 37.389731], [24.941336, 37.389725], [24.941279, 37.389721], [24.941222, 37.38972], [24.941166, 37.389727], [24.94111, 37.389737], [24.941073, 37.389746], [24.941053, 37.38975], [24.940997, 37.389761], [24.940941, 37.389773], [24.940884, 37.389787], [24.940864, 37.389793], [24.940828, 37.389801], [24.940772, 37.389815], [24.940715, 37.389826], [24.940662, 37.389839], [24.940659, 37.38984], [24.940603, 37.389845], [24.940546, 37.389843], [24.940489, 37.389842], [24.940481, 37.389841], [24.940433, 37.38983], [24.940376, 37.389824], [24.94032, 37.389825], [24.940263, 37.389833], [24.940207, 37.389842], [24.940203, 37.389843], [24.940151, 37.389853], [24.940094, 37.389859], [24.940059, 37.389889], [24.940038, 37.3899], [24.939982, 37.389916], [24.939966, 37.389935], [24.939926, 37.389971], [24.939919, 37.38998], [24.939873, 37.390026], [24.93987, 37.390029], [24.939834, 37.390071], [24.939815, 37.390091], [24.939793, 37.390117], [24.939759, 37.390146], [24.939724, 37.390162], [24.939703, 37.390171], [24.939646, 37.390192], [24.939608, 37.390208], [24.93959, 37.390217], [24.939534, 37.390246], [24.939521, 37.390254], [24.939478, 37.390285], [24.939461, 37.3903], [24.939422, 37.39033], [24.939406, 37.390345], [24.939366, 37.39038], [24.939351, 37.390391], [24.93931, 37.390413], [24.939262, 37.390437], [24.939254, 37.39044], [24.939198, 37.390468], [24.939171, 37.390482], [24.939142, 37.390499], [24.939085, 37.390522], [24.939066, 37.390528], [24.939029, 37.390543], [24.938992, 37.390574], [24.938973, 37.39059], [24.938925, 37.39062], [24.938917, 37.390624], [24.938861, 37.390652], [24.938825, 37.390665], [24.938805, 37.390672], [24.938748, 37.390692], [24.938692, 37.390711], [24.938691, 37.390712], [24.938636, 37.390731], [24.93858, 37.390753], [24.938568, 37.390758], [24.938524, 37.390776], [24.938467, 37.390803], [24.938466, 37.390804], [24.938411, 37.390821], [24.938355, 37.390832], [24.938298, 37.390846], [24.938284, 37.39085], [24.938242, 37.390862], [24.938186, 37.390871], [24.938129, 37.390881], [24.938073, 37.390887], [24.938016, 37.390893], [24.93796, 37.390897], [24.937954, 37.390898], [24.937904, 37.390901], [24.937847, 37.390909], [24.937791, 37.390914], [24.937734, 37.390913], [24.937678, 37.390908], [24.937621, 37.390905], [24.937576, 37.390901], [24.937565, 37.3909], [24.937508, 37.390896], [24.937451, 37.390897], [24.937395, 37.3909], [24.937338, 37.3909], [24.937282, 37.390898], [24.937225, 37.390893], [24.937169, 37.390887], [24.937112, 37.390885], [24.937056, 37.390883], [24.936999, 37.390882], [24.936943, 37.390879], [24.936886, 37.390877], [24.93683, 37.390872], [24.936773, 37.390869], [24.936717, 37.390867], [24.93666, 37.390867], [24.936604, 37.390871], [24.936547, 37.390873], [24.936491, 37.390878], [24.936434, 37.390885], [24.936378, 37.390893], [24.936321, 37.390903], [24.936265, 37.390906], [24.936208, 37.390905], [24.936152, 37.390906], [24.936096, 37.390907], [24.936055, 37.390913], [24.936039, 37.390916], [24.935983, 37.390921], [24.935926, 37.390926], [24.93587, 37.390934], [24.935813, 37.390937], [24.935757, 37.390933], [24.9357, 37.390936], [24.935644, 37.390939], [24.935587, 37.390938], [24.935531, 37.390949], [24.935481, 37.390962], [24.935475, 37.390965], [24.935418, 37.390985], [24.935362, 37.39099], [24.935305, 37.390982], [24.935249, 37.39097], [24.935228, 37.390964], [24.935192, 37.390957], [24.935135, 37.390949], [24.935079, 37.390936], [24.935046, 37.390921], [24.935022, 37.39091], [24.934965, 37.390891], [24.93492, 37.390877], [24.934909, 37.390873], [24.934852, 37.39086], [24.934795, 37.390847], [24.934739, 37.390835], [24.934727, 37.390833], [24.934682, 37.390826], [24.934625, 37.390814], [24.934569, 37.3908], [24.934512, 37.390793], [24.93447, 37.39079], [24.934455, 37.390789], [24.934403, 37.390746], [24.934452, 37.3907], [24.934454, 37.390699], [24.934487, 37.390655], [24.93451, 37.390643], [24.934567, 37.390637], [24.934623, 37.390632], [24.934679, 37.390627], [24.934736, 37.390624], [24.934792, 37.390616], [24.934849, 37.390608], [24.934859, 37.390607], [24.934905, 37.390599], [24.934962, 37.390591], [24.935018, 37.390582], [24.935074, 37.390569], [24.935109, 37.39056], [24.935131, 37.390554], [24.935187, 37.390537], [24.935243, 37.390519], [24.935259, 37.390513], [24.935299, 37.390499], [24.935356, 37.390479], [24.935389, 37.390467], [24.935412, 37.390458], [24.935468, 37.390435], [24.935495, 37.390421], [24.935524, 37.390398], [24.935555, 37.390376], [24.93558, 37.390364], [24.935636, 37.390344], [24.935693, 37.390333], [24.935701, 37.39033], [24.935749, 37.390303], [24.935782, 37.390284], [24.935805, 37.390271], [24.935861, 37.390238], [24.935861, 37.390238], [24.935917, 37.3902], [24.935927, 37.390192], [24.935973, 37.390158], [24.935989, 37.390147], [24.936029, 37.390118], [24.936053, 37.390101], [24.936085, 37.390077], [24.936113, 37.390056], [24.936141, 37.390035], [24.936179, 37.39001], [24.936197, 37.389996], [24.936241, 37.389965], [24.936253, 37.389955], [24.936302, 37.389919], [24.936309, 37.389913], [24.93636, 37.389873], [24.936365, 37.389869], [24.936406, 37.389828], [24.936421, 37.389812], [24.936449, 37.389783], [24.936477, 37.389752], [24.936493, 37.389737], [24.936533, 37.389712], [24.936562, 37.389692], [24.936589, 37.389666], [24.93661, 37.389646], [24.936644, 37.389615], [24.936669, 37.389601], [24.936701, 37.389583], [24.936757, 37.389555], [24.936757, 37.389555], [24.936813, 37.389537], [24.936869, 37.389526], [24.936926, 37.389522], [24.936982, 37.389515], [24.937039, 37.389508], [24.937041, 37.389507], [24.937095, 37.389473], [24.93711, 37.389462], [24.93714, 37.389416], [24.93715, 37.389404], [24.937183, 37.389371], [24.937199, 37.389326], [24.937206, 37.389312], [24.937225, 37.389281], [24.937235, 37.389235], [24.937255, 37.38919], [24.937261, 37.389183], [24.937286, 37.389145], [24.937304, 37.3891], [24.937316, 37.389076], [24.937328, 37.389054], [24.937357, 37.389009], [24.937371, 37.388988], [24.937383, 37.388964], [24.937399, 37.388918], [24.93741, 37.388873], [24.937423, 37.388828], [24.937425, 37.388804], [24.937428, 37.388783], [24.937425, 37.388748], [24.937424, 37.388738], [24.937414, 37.388693], [24.937397, 37.388648], [24.937384, 37.388603], [24.937373, 37.388558], [24.937369, 37.388513], [24.93737, 37.388468], [24.937382, 37.388423], [24.9374, 37.388377], [24.93742, 37.388349], [24.937433, 37.388332], [24.937476, 37.38829], [24.937479, 37.388287], [24.937531, 37.388246], [24.937537, 37.388241], [24.937586, 37.388196], [24.937587, 37.388195], [24.937643, 37.388167], [24.9377, 37.388151], [24.937706, 37.38815], [24.937756, 37.38812], [24.937812, 37.388107], [24.937825, 37.388104], [24.937869, 37.388089], [24.937925, 37.388065], [24.937941, 37.388058], [24.937981, 37.388035], [24.938037, 37.388027], [24.938094, 37.388016], [24.93811, 37.388011], [24.93815, 37.387998], [24.938206, 37.387978], [24.938248, 37.387965], [24.938262, 37.387961], [24.938319, 37.387938], [24.938356, 37.387919], [24.938375, 37.38791], [24.938431, 37.387879], [24.93844, 37.387873], [24.938487, 37.387847], [24.938506, 37.387828], [24.938535, 37.387782], [24.938543, 37.38777], [24.938566, 37.387737], [24.938598, 37.387705], [24.938607, 37.387692], [24.938619, 37.387646], [24.938637, 37.387601], [24.938653, 37.387576], [24.938668, 37.387556], [24.938686, 37.387511], [24.938684, 37.387466], [24.938681, 37.387421], [24.938681, 37.387375], [24.938683, 37.38733], [24.938685, 37.387285], [24.938681, 37.38724], [24.938671, 37.387195], [24.938651, 37.38715], [24.938648, 37.387145], [24.938622, 37.387105], [24.93859, 37.387067], [24.938586, 37.387061], [24.938545, 37.387016], [24.938533, 37.387002], [24.938505, 37.386971], [24.938476, 37.386938], [24.938465, 37.386926], [24.938423, 37.386882], [24.938418, 37.386877], [24.938388, 37.386837], [24.938361, 37.386814], [24.938324, 37.386792], [24.938304, 37.386773], [24.938288, 37.386747], [24.938247, 37.386704], [24.938246, 37.386703], [24.938196, 37.386658], [24.93819, 37.386654], [24.938142, 37.386613], [24.938133, 37.386603], [24.938098, 37.386569], [24.938075, 37.386555], [24.938019, 37.386524], [24.938018, 37.386524], [24.937976, 37.386479], [24.937961, 37.386466], [24.937928, 37.386435], [24.937904, 37.386415], [24.937876, 37.38639], [24.937847, 37.386362], [24.937827, 37.386345], [24.93779, 37.386312], [24.937778, 37.386301], [24.937747, 37.386256], [24.937732, 37.386233], [24.937719, 37.386211], [24.937696, 37.386166], [24.937675, 37.386142], [24.937663, 37.386121], [24.937629, 37.386076], [24.937617, 37.386064], [24.937583, 37.386032], [24.937563, 37.385987], [24.93756, 37.385978], [24.937544, 37.385942], [24.937537, 37.385897], [24.937558, 37.385876], [24.9376, 37.385851], [24.937614, 37.385825], [24.937623, 37.385806], [24.937627, 37.385761], [24.937632, 37.385716], [24.937644, 37.385671], [24.937659, 37.385625], [24.937668, 37.385613], [24.93769, 37.38558], [24.937718, 37.385535], [24.937724, 37.385528], [24.937747, 37.385489], [24.937776, 37.385444], [24.937779, 37.38544], [24.937816, 37.385399], [24.937835, 37.38538], [24.937864, 37.385353], [24.937891, 37.38533], [24.937915, 37.385308], [24.937946, 37.385278], [24.937962, 37.385262], [24.938002, 37.385223], [24.938008, 37.385217], [24.938058, 37.385172], [24.938059, 37.385171], [24.938107, 37.385126], [24.938114, 37.385118], [24.938137, 37.385081], [24.938159, 37.385035], [24.938169, 37.38501], [24.938176, 37.38499], [24.938192, 37.384945], [24.938205, 37.3849], [24.938209, 37.384882]]}}, {"type": "Feature", "properties": {"elev": 30}, "geometry": {"type": "LineString", "coordinates": [[24.935856, 37.394326], [24.935856, 37.394341], [24.935856, 37.394341], [24.935853, 37.394341], [24.935856, 37.394326]]}}, {"type": "Feature", "properties": {"elev": 65}, "geometry": {"type": "LineString", "coordinates": [[24.938359, 37.394772], [24.938347, 37.394768], [24.938291, 37.394759], [24.938234, 37.394753], [24.938178, 37.394753], [24.938121, 37.394749], [24.938064, 37.394747], [24.938008, 37.394752], [24.937952, 37.39476], [24.937895, 37.394766], [24.937839, 37.394774], [24.937824, 37.394776], [24.937782, 37.394781], [24.937726, 37.394786], [24.93767, 37.394794], [24.937613, 37.394799], [24.937557, 37.394806], [24.9375, 37.39481], [24.937444, 37.394817], [24.937407, 37.394824], [24.937387, 37.394828], [24.937331, 37.394837], [24.937275, 37.394848], [24.937218, 37.394859], [24.937162, 37.394865], [24.937105, 37.394872], [24.937104, 37.394872], [24.937049, 37.394881], [24.936993, 37.394894], [24.936936, 37.394913], [24.936921, 37.394918], [24.93688, 37.394933], [24.936824, 37.394964], [24.936823, 37.394964], [24.936768, 37.394989], [24.936721, 37.39501], [24.936712, 37.395015], [24.936655, 37.395038], [24.936614, 37.395056], [24.936599, 37.395065], [24.936552, 37.395102], [24.936543, 37.395108], [24.936487, 37.395143], [24.936481, 37.395147], [24.936431, 37.395182], [24.936417, 37.395193], [24.936375, 37.395217], [24.936346, 37.395239], [24.936319, 37.395261], [24.936295, 37.395284], [24.936263, 37.395316], [24.936251, 37.395329], [24.936213, 37.395375], [24.936208, 37.395382], [24.936184, 37.39542], [24.936155, 37.395465], [24.936152, 37.39547], [24.936129, 37.395511], [24.936109, 37.395556], [24.936097, 37.395583], [24.936088, 37.395601], [24.936063, 37.395646], [24.936052, 37.395692], [24.936055, 37.395737], [24.936056, 37.395782], [24.936067, 37.395827], [24.936082, 37.395872], [24.936089, 37.395917], [24.936089, 37.395962], [24.936088, 37.396007], [24.936081, 37.396052], [24.936073, 37.396097], [24.93607, 37.396142], [24.936056, 37.396188], [24.936048, 37.396212], [24.936041, 37.396233], [24.936029, 37.396278], [24.936015, 37.396323], [24.936003, 37.396368], [24.935998, 37.396413], [24.936016, 37.396458], [24.936052, 37.396478], [24.936108, 37.396463], [24.93612, 37.396458], [24.936164, 37.396443], [24.936221, 37.39644], [24.936277, 37.396445], [24.936334, 37.396442], [24.93639, 37.396438], [24.936447, 37.396436], [24.936503, 37.396429], [24.93656, 37.396419], [24.936589, 37.396409], [24.936616, 37.396399], [24.936672, 37.396378], [24.936703, 37.396363], [24.936728, 37.396349], [24.936779, 37.396317], [24.936784, 37.396313], [24.936834, 37.396272], [24.93684, 37.396264], [24.93687, 37.396226], [24.936896, 37.396194], [24.936905, 37.396181], [24.936942, 37.396135], [24.936952, 37.396127], [24.936986, 37.39609], [24.937007, 37.396071], [24.937045, 37.396044], [24.937063, 37.396019], [24.937076, 37.395999], [24.937119, 37.395965], [24.937136, 37.395954], [24.937175, 37.395927], [24.9372, 37.395908], [24.937231, 37.395883], [24.937271, 37.395862], [24.937287, 37.39585], [24.937341, 37.395817], [24.937343, 37.395816], [24.9374, 37.395805], [24.937456, 37.395794], [24.937512, 37.39578], [24.937547, 37.39577], [24.937569, 37.395764], [24.937625, 37.395753], [24.937681, 37.395741], [24.937738, 37.395733], [24.937794, 37.39573], [24.937851, 37.395733], [24.937907, 37.395735], [24.937964, 37.39574], [24.93802, 37.395746], [24.938077, 37.395742], [24.938133, 37.39574], [24.93819, 37.395732], [24.938233, 37.395719], [24.938246, 37.395716], [24.938302, 37.395699], [24.938359, 37.395682], [24.938404, 37.395673], [24.938415, 37.39567], [24.938471, 37.395641], [24.938528, 37.395633], [24.938561, 37.395627], [24.938584, 37.395623], [24.93864, 37.395608], [24.938693, 37.395581], [24.938696, 37.395578], [24.938725, 37.395535], [24.938746, 37.39549], [24.938752, 37.39548], [24.938767, 37.395445], [24.938784, 37.3954], [24.938787, 37.395354], [24.938785, 37.395309], [24.938781, 37.395264], [24.938775, 37.395219], [24.938763, 37.395174], [24.938748, 37.395129], [24.938747, 37.395127], [24.938729, 37.395084], [24.938701, 37.395039], [24.938689, 37.395023], [24.938667, 37.394995], [24.938632, 37.394954], [24.938628, 37.39495], [24.938581, 37.394905], [24.938575, 37.3949], [24.938521, 37.394861], [24.938518, 37.394858], [24.938461, 37.394821], [24.938452, 37.394816], [24.938404, 37.394792], [24.938359, 37.394772]]}}, {"type": "Feature", "properties": {"elev": 70}, "geometry": {"type": "LineString", "coordinates": [[24.938191, 37.394953], [24.93818, 37.394949], [24.938123, 37.394931], [24.938067, 37.394925], [24.93801, 37.394925], [24.937954, 37.394929], [24.937897, 37.394931], [24.937841, 37.394932], [24.937784, 37.394938], [24.937728, 37.394945], [24.937671, 37.394944], [24.937615, 37.394947], [24.937558, 37.394947], [24.937502, 37.394943], [24.937445, 37.394943], [24.937389, 37.394953], [24.937359, 37.39496], [24.937333, 37.394967], [24.937276, 37.394982], [24.93722, 37.394993], [24.937164, 37.395006], [24.937159, 37.395007], [24.937107, 37.395019], [24.937051, 37.395037], [24.936995, 37.395053], [24.936995, 37.395053], [24.936938, 37.395073], [24.936891, 37.395099], [24.936882, 37.395103], [24.936826, 37.395131], [24.9368, 37.395145], [24.93677, 37.395163], [24.936729, 37.39519], [24.936714, 37.395201], [24.936663, 37.395236], [24.936658, 37.395239], [24.936602, 37.395279], [24.936598, 37.395282], [24.936546, 37.395315], [24.936528, 37.395327], [24.93649, 37.395351], [24.93646, 37.395373], [24.936434, 37.395393], [24.936403, 37.395418], [24.936378, 37.395444], [24.936363, 37.395464], [24.93633, 37.395509], [24.936322, 37.395523], [24.936307, 37.395554], [24.936282, 37.3956], [24.936267, 37.395625], [24.936256, 37.395645], [24.93624, 37.39569], [24.936244, 37.395735], [24.936269, 37.395779], [24.93627, 37.39578], [24.936306, 37.395825], [24.936327, 37.395865], [24.93633, 37.39587], [24.936352, 37.395915], [24.936371, 37.39596], [24.936381, 37.396005], [24.936385, 37.396018], [24.936398, 37.39605], [24.936402, 37.396095], [24.9364, 37.39614], [24.936439, 37.396185], [24.936444, 37.396187], [24.9365, 37.396192], [24.93652, 37.396184], [24.936556, 37.396164], [24.936588, 37.396138], [24.936612, 37.396106], [24.936622, 37.396093], [24.936668, 37.396059], [24.936685, 37.396047], [24.936724, 37.396025], [24.936752, 37.396002], [24.93678, 37.395981], [24.936817, 37.395956], [24.936836, 37.395935], [24.936855, 37.395911], [24.936892, 37.395871], [24.936896, 37.395865], [24.936931, 37.39582], [24.936947, 37.395797], [24.936961, 37.395775], [24.937003, 37.395731], [24.937006, 37.395729], [24.937059, 37.395699], [24.937091, 37.395683], [24.937115, 37.395671], [24.937172, 37.395657], [24.937228, 37.395647], [24.937283, 37.395637], [24.937284, 37.395637], [24.937341, 37.395627], [24.937397, 37.395615], [24.937454, 37.395604], [24.93751, 37.395595], [24.937566, 37.395593], [24.937623, 37.395593], [24.937679, 37.395595], [24.937736, 37.395596], [24.937793, 37.395595], [24.937849, 37.39559], [24.937868, 37.395587], [24.937905, 37.39558], [24.937962, 37.395567], [24.938006, 37.395541], [24.938018, 37.395538], [24.938074, 37.395538], [24.938131, 37.39553], [24.938187, 37.39552], [24.938244, 37.395514], [24.9383, 37.395504], [24.938346, 37.395493], [24.938356, 37.39549], [24.938413, 37.395471], [24.938454, 37.395447], [24.938469, 37.39544], [24.938525, 37.395407], [24.938532, 37.395402], [24.938562, 37.395356], [24.938567, 37.395311], [24.938551, 37.395266], [24.938523, 37.395231], [24.938514, 37.395221], [24.938472, 37.395177], [24.938465, 37.39517], [24.938425, 37.395132], [24.938408, 37.395113], [24.938386, 37.395087], [24.938354, 37.395042], [24.938351, 37.39504], [24.938294, 37.395017], [24.938261, 37.394998], [24.938237, 37.394981], [24.938191, 37.394953]]}}, {"type": "Feature", "properties": {"elev": 75}, "geometry": {"type": "LineString", "coordinates": [[24.937486, 37.395184], [24.937448, 37.395177], [24.937392, 37.395182], [24.937378, 37.395185], [24.937336, 37.395203], [24.937289, 37.395231], [24.93728, 37.395243], [24.937223, 37.395273], [24.937218, 37.395277], [24.937202, 37.395322], [24.937224, 37.395327], [24.937246, 37.395322], [24.93728, 37.395301], [24.937337, 37.395313], [24.937393, 37.395312], [24.93745, 37.395302], [24.937506, 37.395296], [24.937563, 37.395275], [24.937564, 37.395274], [24.937562, 37.395235], [24.937562, 37.395229], [24.937505, 37.395191], [24.937486, 37.395184]]}}, {"type": "Feature", "properties": {"elev": 75}, "geometry": {"type": "LineString", "coordinates": [[24.936607, 37.395597], [24.936606, 37.395596], [24.936549, 37.395579], [24.936531, 37.395598], [24.9365, 37.395643], [24.93655, 37.395656], [24.936571, 37.395642], [24.936606, 37.395598], [24.936607, 37.395597]]}}, {"type": "Feature", "properties": {"elev": 30}, "geometry": {"type": "LineString", "coordinates": [[24.937534, 37.397556], [24.937556, 37.397573], [24.937535, 37.397596], [24.937478, 37.397588], [24.937471, 37.397574], [24.937478, 37.397564], [24.937534, 37.397556]]}}, {"type": "Feature", "properties": {"elev": 100}, "geometry": {"type": "LineString", "coordinates": [[24.934381, 37.397553], [24.93437, 37.397532], [24.934358, 37.397508], [24.934337, 37.397463], [24.934319, 37.397419], [24.934312, 37.39741], [24.93427, 37.397374], [24.934254, 37.397345], [24.934242, 37.397329], [24.934197, 37.3973], [24.934141, 37.397318], [24.934116, 37.39733], [24.934085, 37.397344], [24.934059, 37.397376], [24.934029, 37.397402], [24.93401, 37.397421], [24.933973, 37.397448], [24.933958, 37.397466], [24.933937, 37.397512], [24.933918, 37.397529], [24.933864, 37.397557], [24.933861, 37.397559]]}}, {"type": "Feature", "properties": {"elev": 95}, "geometry": {"type": "LineString", "coordinates": [[24.934626, 37.397596], [24.934621, 37.397551], [24.93462, 37.397506], [24.934612, 37.397461], [24.934598, 37.397416], [24.934594, 37.397385], [24.934592, 37.397371], [24.934585, 37.397326], [24.934575, 37.397281], [24.934556, 37.397236], [24.934535, 37.397211], [24.934516, 37.397192], [24.934478, 37.397156], [24.934469, 37.397147], [24.934421, 37.397107], [24.934414, 37.397102], [24.934364, 37.39707], [24.934335, 37.397058], [24.934307, 37.397047], [24.93425, 37.397038], [24.934194, 37.397038], [24.934138, 37.39705], [24.934107, 37.39706], [24.934081, 37.397067], [24.934025, 37.3971], [24.934016, 37.397105], [24.933969, 37.397134], [24.933942, 37.397151], [24.933913, 37.397176], [24.933894, 37.397196], [24.933857, 37.39724], [24.933855, 37.397242], [24.933807, 37.397287], [24.933802, 37.397294], [24.93377, 37.397333], [24.933746, 37.397373], [24.933743, 37.397378]]}}, {"type": "Feature", "properties": {"elev": 90}, "geometry": {"type": "LineString", "coordinates": [[24.934842, 37.397595], [24.934832, 37.39755], [24.934823, 37.397505], [24.934821, 37.397495], [24.934815, 37.39746], [24.934807, 37.397415], [24.934795, 37.39737], [24.934781, 37.397325], [24.934771, 37.39728], [24.934762, 37.397251], [24.934757, 37.397235], [24.934744, 37.39719], [24.934723, 37.397145], [24.934707, 37.3971], [24.934703, 37.397093], [24.93467, 37.397055], [24.934646, 37.397026], [24.93463, 37.39701], [24.934589, 37.396968], [24.934586, 37.396966], [24.934532, 37.396937], [24.934479, 37.396921], [24.934475, 37.39692], [24.934418, 37.396904], [24.934362, 37.396896], [24.934305, 37.39689], [24.934249, 37.396887], [24.934192, 37.396887], [24.934136, 37.396893], [24.934079, 37.396906], [24.934023, 37.396922], [24.934013, 37.396925], [24.933967, 37.39694], [24.933911, 37.396968], [24.933905, 37.396971], [24.933855, 37.397003], [24.933834, 37.397017], [24.933798, 37.39704], [24.933769, 37.397062], [24.933742, 37.397083], [24.933719, 37.397108]]}}, {"type": "Feature", "properties": {"elev": 85}, "geometry": {"type": "LineString", "coordinates": [[24.935002, 37.397593], [24.934997, 37.397548], [24.934997, 37.397503], [24.934991, 37.397458], [24.93499, 37.397451], [24.934985, 37.397413], [24.934979, 37.397368], [24.934974, 37.397323], [24.934962, 37.397278], [24.934945, 37.397233], [24.934931, 37.397206], [24.934922, 37.397188], [24.9349, 37.397143], [24.934881, 37.397099], [24.934873, 37.397078], [24.934862, 37.397054], [24.934844, 37.397009], [24.934826, 37.396964], [24.934814, 37.396947], [24.934792, 37.396919], [24.934757, 37.396886], [24.934734, 37.396874], [24.9347, 37.39686], [24.934644, 37.396839], [24.934618, 37.39683], [24.934587, 37.396818], [24.93453, 37.396795], [24.934501, 37.396786], [24.934473, 37.396778], [24.934417, 37.396763], [24.93436, 37.396749], [24.934327, 37.396742], [24.934303, 37.396736], [24.934247, 37.396729], [24.93419, 37.396724], [24.934134, 37.396723], [24.934077, 37.396729], [24.934026, 37.396745], [24.934021, 37.396746], [24.933965, 37.396766], [24.933919, 37.396791], [24.933908, 37.396795], [24.933852, 37.39682], [24.933822, 37.396836], [24.933796, 37.396851], [24.933742, 37.396882], [24.93374, 37.396883]]}}, {"type": "Feature", "properties": {"elev": 80}, "geometry": {"type": "LineString", "coordinates": [[24.935178, 37.397592], [24.935167, 37.397547], [24.935161, 37.397521], [24.935156, 37.397502], [24.935147, 37.397457], [24.935142, 37.397412], [24.935139, 37.397367], [24.935132, 37.397322], [24.93513, 37.397277], [24.935122, 37.397232], [24.93511, 37.397187], [24.9351, 37.397159], [24.935095, 37.397142], [24.935079, 37.397097], [24.935063, 37.397052], [24.935046, 37.397007], [24.935041, 37.396998], [24.935026, 37.396962], [24.93501, 37.396917], [24.934997, 37.396872], [24.934983, 37.396846], [24.934972, 37.396827], [24.934925, 37.396785], [24.93492, 37.396783], [24.934869, 37.396761], [24.934816, 37.396738], [24.934812, 37.396737], [24.934755, 37.396718], [24.934698, 37.396697], [24.934691, 37.396694], [24.934642, 37.396674], [24.934585, 37.39665], [24.934584, 37.39665], [24.934528, 37.39663], [24.934471, 37.396611], [24.934454, 37.396606], [24.934414, 37.396592], [24.934358, 37.396575], [24.934306, 37.396562], [24.934301, 37.396561], [24.934244, 37.396551], [24.934188, 37.396545], [24.934131, 37.396543], [24.934075, 37.396545], [24.934018, 37.396554], [24.933962, 37.396563], [24.933958, 37.396565], [24.933906, 37.396583], [24.933857, 37.396611], [24.93385, 37.396615], [24.933803, 37.396656], [24.933794, 37.396664], [24.933749, 37.396702]]}}, {"type": "Feature", "properties": {"elev": 75}, "geometry": {"type": "LineString", "coordinates": [[24.935345, 37.397591], [24.935341, 37.397546], [24.935338, 37.397501], [24.935332, 37.397456], [24.935329, 37.397422], [24.935327, 37.397411], [24.935324, 37.397366], [24.935318, 37.39732], [24.935323, 37.397275], [24.935326, 37.39723], [24.935327, 37.397228], [24.935333, 37.397185], [24.935348, 37.39714], [24.93536, 37.397095], [24.935373, 37.39705], [24.93538, 37.397004], [24.935327, 37.39696], [24.935323, 37.396955], [24.935292, 37.396915], [24.935266, 37.396871], [24.935265, 37.39687], [24.935245, 37.396825], [24.935224, 37.39678], [24.935208, 37.396755], [24.935197, 37.396735], [24.93515, 37.396697], [24.935138, 37.396691], [24.935094, 37.396675], [24.935037, 37.396655], [24.935012, 37.396647], [24.93498, 37.396637], [24.934923, 37.396621], [24.934867, 37.396603], [24.934865, 37.396603], [24.93481, 37.396584], [24.934753, 37.396564], [24.934738, 37.396559], [24.934696, 37.396544], [24.93464, 37.396522], [24.934622, 37.396514], [24.934583, 37.3965], [24.934526, 37.396479], [24.934499, 37.39647], [24.934469, 37.39646], [24.934413, 37.396436], [24.934385, 37.396426], [24.934356, 37.396415], [24.934299, 37.396397], [24.934242, 37.396383], [24.93424, 37.396382], [24.934186, 37.396368], [24.934129, 37.396366], [24.934073, 37.396367], [24.934016, 37.396373], [24.933966, 37.396384], [24.93396, 37.396386], [24.933904, 37.396408], [24.93386, 37.39643], [24.933847, 37.396435], [24.933791, 37.396472], [24.933784, 37.396476]]}}, {"type": "Feature", "properties": {"elev": 70}, "geometry": {"type": "LineString", "coordinates": [[24.935479, 37.39759], [24.935476, 37.397545], [24.935474, 37.3975], [24.935472, 37.397455], [24.935473, 37.397409], [24.935474, 37.397364], [24.935476, 37.397319], [24.935479, 37.397274], [24.935483, 37.397229], [24.935496, 37.397197], [24.935504, 37.397184], [24.935529, 37.397138], [24.935551, 37.397094], [24.935551, 37.397093], [24.93556, 37.397048], [24.935565, 37.397003], [24.935568, 37.396958], [24.935565, 37.396913], [24.935567, 37.396868], [24.935564, 37.396823], [24.935551, 37.396778], [24.935547, 37.396767], [24.935531, 37.396733], [24.935509, 37.396688], [24.935489, 37.396655], [24.935482, 37.396643], [24.93545, 37.396598], [24.935432, 37.396586], [24.935375, 37.396561], [24.935351, 37.396554], [24.935318, 37.396546], [24.935261, 37.396534], [24.935205, 37.396523], [24.935148, 37.396514], [24.935125, 37.39651], [24.935092, 37.396506], [24.935035, 37.396497], [24.934978, 37.396484], [24.934922, 37.39647], [24.934905, 37.396467], [24.934865, 37.39646], [24.934808, 37.396443], [24.934751, 37.396426], [24.934742, 37.396423], [24.934695, 37.396406], [24.934638, 37.39639], [24.934608, 37.396379], [24.934581, 37.39637], [24.934524, 37.39635], [24.934487, 37.396335], [24.934468, 37.396326], [24.934411, 37.3963], [24.934392, 37.396291], [24.934354, 37.396271], [24.934298, 37.396247], [24.934297, 37.396246], [24.93424, 37.396221], [24.934184, 37.396205], [24.934176, 37.396202], [24.934127, 37.396184], [24.93407, 37.396172], [24.934014, 37.396167], [24.933957, 37.396178], [24.933919, 37.396204], [24.933901, 37.396214], [24.933845, 37.396248], [24.933842, 37.39625], [24.933789, 37.396285], [24.933772, 37.396296]]}}, {"type": "Feature", "properties": {"elev": 65}, "geometry": {"type": "LineString", "coordinates": [[24.935687, 37.397588], [24.935685, 37.397543], [24.935682, 37.397498], [24.935679, 37.397453], [24.935674, 37.397408], [24.935681, 37.397363], [24.935689, 37.397318], [24.935698, 37.397272], [24.935713, 37.397227], [24.935722, 37.397195], [24.935725, 37.397182], [24.935735, 37.397137], [24.935744, 37.397092], [24.93574, 37.397047], [24.935736, 37.397002], [24.935736, 37.396957], [24.935742, 37.396911], [24.935751, 37.396866], [24.935762, 37.396821], [24.935773, 37.396801], [24.9358, 37.396776], [24.935829, 37.396742], [24.935844, 37.39673], [24.935885, 37.396688], [24.935887, 37.396685], [24.935909, 37.39664], [24.935921, 37.396594], [24.935926, 37.396549], [24.935913, 37.396504], [24.935882, 37.396478], [24.935826, 37.396463], [24.935769, 37.396462], [24.935765, 37.39646], [24.935712, 37.39644], [24.935678, 37.396416], [24.935655, 37.396408], [24.935599, 37.396405], [24.935542, 37.396401], [24.935486, 37.396394], [24.935429, 37.396385], [24.935372, 37.396377], [24.935316, 37.396374], [24.93531, 37.396374], [24.935259, 37.396369], [24.935203, 37.396364], [24.935146, 37.396361], [24.93509, 37.396356], [24.935033, 37.396348], [24.934976, 37.396341], [24.93495, 37.396332], [24.93492, 37.396319], [24.934863, 37.396294], [24.934841, 37.396287], [24.934806, 37.396277], [24.934749, 37.396265], [24.934693, 37.396246], [24.934687, 37.396243], [24.934636, 37.396219], [24.934598, 37.396199], [24.934579, 37.396189], [24.934522, 37.396155], [24.934522, 37.396155], [24.934468, 37.39611], [24.934465, 37.396107], [24.934424, 37.396065], [24.934408, 37.396048], [24.934382, 37.39602], [24.93435, 37.395988], [24.934334, 37.395976], [24.934293, 37.395943], [24.934274, 37.395931], [24.934237, 37.39591], [24.934185, 37.395887], [24.93418, 37.395884], [24.934123, 37.395875], [24.934067, 37.395872], [24.93401, 37.395848], [24.933953, 37.395859], [24.933927, 37.395889], [24.933898, 37.395919], [24.933841, 37.395932], [24.933823, 37.395935], [24.933785, 37.395943]]}}, {"type": "Feature", "properties": {"elev": 60}, "geometry": {"type": "LineString", "coordinates": [[24.935875, 37.397587], [24.935872, 37.397542], [24.935868, 37.397496], [24.935873, 37.397451], [24.935882, 37.397406], [24.93589, 37.397361], [24.935893, 37.397349], [24.935901, 37.397316], [24.9359, 37.397271], [24.935901, 37.397226], [24.935913, 37.397181], [24.935914, 37.397135], [24.935944, 37.39709], [24.935946, 37.397086], [24.935981, 37.397045], [24.936002, 37.397004], [24.936003, 37.396999], [24.936011, 37.396954], [24.936039, 37.396909], [24.936057, 37.396879], [24.936068, 37.396864], [24.936113, 37.396822], [24.936116, 37.396818], [24.936168, 37.396773], [24.936169, 37.396773], [24.936225, 37.396739], [24.936252, 37.396727], [24.936281, 37.396713], [24.936337, 37.396688], [24.93635, 37.396681], [24.936393, 37.396656], [24.936436, 37.396635], [24.936449, 37.396629], [24.936506, 37.396616], [24.936562, 37.396603], [24.936618, 37.396596], [24.936669, 37.396588], [24.936675, 37.396588], [24.936731, 37.396571], [24.936787, 37.396552], [24.936803, 37.396542], [24.936843, 37.39651], [24.936856, 37.396497], [24.936899, 37.396469], [24.936918, 37.396451], [24.936955, 37.39642], [24.936971, 37.396406], [24.937011, 37.396372], [24.937024, 37.39636], [24.937067, 37.39632], [24.937072, 37.396315], [24.937106, 37.396269], [24.937123, 37.396249], [24.937147, 37.396224], [24.937178, 37.396192], [24.937193, 37.396179], [24.937234, 37.39614], [24.937241, 37.396133], [24.937285, 37.396088], [24.93729, 37.396083], [24.937345, 37.396042], [24.937346, 37.396042], [24.937402, 37.39601], [24.937424, 37.395996], [24.937458, 37.395977], [24.937512, 37.395951], [24.937514, 37.39595], [24.937571, 37.395923], [24.937627, 37.395905], [24.937627, 37.395905], [24.937683, 37.395887], [24.93774, 37.395878], [24.937796, 37.395872], [24.937852, 37.395874], [24.937909, 37.395883], [24.937966, 37.395901], [24.937968, 37.395902], [24.938023, 37.395917], [24.938079, 37.395922], [24.938136, 37.395926], [24.938192, 37.395919], [24.938248, 37.395903], [24.938268, 37.3959], [24.938305, 37.395892], [24.938361, 37.395871], [24.938417, 37.395858], [24.938447, 37.395853], [24.938474, 37.395848], [24.93853, 37.395836], [24.938586, 37.395821], [24.93862, 37.395807], [24.938643, 37.395797], [24.938699, 37.395768], [24.938712, 37.395761], [24.938755, 37.395736], [24.938789, 37.395715], [24.938811, 37.3957], [24.938854, 37.395669], [24.938867, 37.395651], [24.93888, 37.395624], [24.938901, 37.395579], [24.938914, 37.395534], [24.938922, 37.395517], [24.938938, 37.395488], [24.93896, 37.395443], [24.938966, 37.395398], [24.938972, 37.395353], [24.938976, 37.395334], [24.938982, 37.395308], [24.938983, 37.395263], [24.938975, 37.395223], [24.938974, 37.395218], [24.938961, 37.395173], [24.938949, 37.395128], [24.938933, 37.395083], [24.938919, 37.395038], [24.938916, 37.395029], [24.938902, 37.394993], [24.938884, 37.394948], [24.938861, 37.394903], [24.938857, 37.394897], [24.938834, 37.394858], [24.938804, 37.394813], [24.9388, 37.394808], [24.938769, 37.394768], [24.938743, 37.394745], [24.938715, 37.394724], [24.938685, 37.394701], [24.938649, 37.394679], [24.938629, 37.394669], [24.938572, 37.394644], [24.938544, 37.394635], [24.938515, 37.394627], [24.938458, 37.394612], [24.938402, 37.394597], [24.938377, 37.394591], [24.938345, 37.394584], [24.938288, 37.394577], [24.938232, 37.394577], [24.938175, 37.394582], [24.938119, 37.394587], [24.938071, 37.394594], [24.938063, 37.394595], [24.938006, 37.394604], [24.93795, 37.394613], [24.937893, 37.39462], [24.937837, 37.394628], [24.937781, 37.394636], [24.937734, 37.394641], [24.937724, 37.394643], [24.937668, 37.39465], [24.937611, 37.394658], [24.937555, 37.394667], [24.937499, 37.394675], [24.937442, 37.394681], [24.937389, 37.394689], [24.937386, 37.39469], [24.937329, 37.3947], [24.937273, 37.394713], [24.937217, 37.394725], [24.93716, 37.394736], [24.937158, 37.394736], [24.937104, 37.394747], [24.937047, 37.394756], [24.936991, 37.394766], [24.936935, 37.39478], [24.936921, 37.394783], [24.936878, 37.394794], [24.936822, 37.394812], [24.936783, 37.394829], [24.936766, 37.394837], [24.93671, 37.394863], [24.936683, 37.394875], [24.936654, 37.394889], [24.936597, 37.394911], [24.936573, 37.394921], [24.936541, 37.394934], [24.936485, 37.394963], [24.936478, 37.394967], [24.936429, 37.394996], [24.936398, 37.395013], [24.936373, 37.395027], [24.936317, 37.395055], [24.936311, 37.395058], [24.936261, 37.395096], [24.936247, 37.395104], [24.936205, 37.395134], [24.936175, 37.39515], [24.936149, 37.395174], [24.936131, 37.395195], [24.936101, 37.39524], [24.936093, 37.395253], [24.93607, 37.395286], [24.936038, 37.395331], [24.936038, 37.395332], [24.936004, 37.395376], [24.935982, 37.39541], [24.935973, 37.395422], [24.935949, 37.395467], [24.935927, 37.39551], [24.935926, 37.395512], [24.935908, 37.395558], [24.935888, 37.395603], [24.935872, 37.395635], [24.935865, 37.395648], [24.935846, 37.395693], [24.935833, 37.395738], [24.935826, 37.395784], [24.935818, 37.395817], [24.935815, 37.395829], [24.935812, 37.395874], [24.935799, 37.395919], [24.93579, 37.395964], [24.935778, 37.396009], [24.935764, 37.396029], [24.935742, 37.396055], [24.935708, 37.39609], [24.935696, 37.3961], [24.935652, 37.396127], [24.935622, 37.396146], [24.935596, 37.396159], [24.93554, 37.396185], [24.935483, 37.396191], [24.935469, 37.396192], [24.935427, 37.396196], [24.93537, 37.396206], [24.935314, 37.396215], [24.935257, 37.396222], [24.935201, 37.396224], [24.935144, 37.396223], [24.935088, 37.396219], [24.935031, 37.396212], [24.934975, 37.3962], [24.934963, 37.396196], [24.934918, 37.396179], [24.934861, 37.396157], [24.934851, 37.396152], [24.934804, 37.396129], [24.934763, 37.396108], [24.934747, 37.396098], [24.93469, 37.396065], [24.934688, 37.396063], [24.934633, 37.396023], [24.934629, 37.396019], [24.934588, 37.395974], [24.934576, 37.395959], [24.934551, 37.395929], [24.934519, 37.395884], [24.934519, 37.395884], [24.934473, 37.395839], [24.934462, 37.39583], [24.934417, 37.395795], [24.934404, 37.395785], [24.934364, 37.39575], [24.934347, 37.395736], [24.934302, 37.395706], [24.93429, 37.3957], [24.934234, 37.395687], [24.934177, 37.395671], [24.934149, 37.395662], [24.93412, 37.395652], [24.934063, 37.395628], [24.934007, 37.395623], [24.93395, 37.395626], [24.933894, 37.395641], [24.933853, 37.395664], [24.933838, 37.395674], [24.933782, 37.395695]]}}, {"type": "Feature", "properties": {"elev": 55}, "geometry": {"type": "LineString", "coordinates": [[24.936059, 37.397585], [24.93606, 37.39754], [24.936046, 37.397495], [24.936038, 37.39745], [24.936043, 37.397405], [24.936063, 37.397366], [24.936066, 37.39736], [24.936102, 37.397314], [24.936118, 37.397287], [24.936127, 37.397269], [24.936147, 37.397224], [24.936167, 37.397179], [24.936173, 37.397145], [24.936178, 37.397133], [24.936228, 37.397088], [24.936229, 37.397078], [24.936231, 37.397043], [24.93625, 37.396998], [24.936284, 37.396962], [24.936293, 37.396952], [24.93634, 37.396914], [24.936347, 37.396907], [24.936396, 37.396865], [24.9364, 37.396861], [24.936452, 37.396819], [24.93646, 37.396816], [24.936508, 37.396801], [24.936564, 37.396783], [24.936621, 37.396776], [24.936677, 37.396771], [24.936685, 37.396769], [24.936733, 37.396758], [24.93679, 37.396742], [24.936846, 37.396727], [24.936859, 37.396722], [24.936902, 37.396701], [24.936936, 37.396676], [24.936958, 37.396662], [24.937014, 37.396634], [24.937022, 37.396631], [24.937071, 37.39661], [24.937117, 37.396585], [24.937127, 37.396578], [24.937161, 37.396539], [24.937182, 37.39651], [24.937192, 37.396494], [24.937216, 37.396449], [24.937237, 37.396404], [24.937238, 37.396403], [24.93727, 37.396358], [24.937293, 37.396334], [24.937313, 37.396313], [24.937349, 37.396279], [24.937362, 37.396267], [24.937405, 37.396233], [24.937419, 37.396222], [24.937461, 37.396185], [24.93747, 37.396176], [24.937517, 37.396132], [24.93752, 37.396131], [24.937573, 37.396109], [24.937629, 37.396088], [24.937636, 37.396085], [24.937685, 37.39606], [24.937742, 37.39604], [24.937747, 37.396039], [24.937798, 37.39603], [24.937854, 37.396025], [24.937911, 37.39602], [24.937967, 37.396022], [24.938024, 37.39603], [24.938071, 37.396036], [24.938081, 37.396038], [24.938137, 37.396047], [24.938194, 37.39604], [24.938212, 37.396035], [24.93825, 37.396027], [24.938306, 37.396012], [24.938363, 37.395997], [24.938419, 37.395991], [24.938476, 37.39599], [24.938489, 37.395988], [24.938532, 37.395979], [24.938588, 37.395964], [24.938644, 37.395947], [24.938659, 37.395941], [24.938701, 37.395926], [24.938757, 37.3959], [24.93877, 37.395896], [24.938813, 37.395877], [24.93886, 37.39585], [24.938869, 37.395846], [24.938925, 37.395819], [24.938945, 37.395804], [24.938981, 37.395774], [24.938998, 37.395758], [24.939037, 37.395715], [24.939039, 37.395713], [24.939068, 37.395668], [24.939091, 37.395622], [24.939092, 37.39562], [24.939111, 37.395577], [24.939131, 37.395532], [24.939147, 37.395496], [24.939151, 37.395487], [24.939169, 37.395442], [24.939187, 37.395396], [24.9392, 37.395351], [24.939202, 37.395339], [24.939208, 37.395306], [24.939211, 37.395261], [24.939206, 37.395216], [24.9392, 37.395178], [24.939199, 37.395171], [24.939189, 37.395126], [24.939179, 37.395081], [24.93917, 37.395036], [24.93916, 37.394991], [24.939147, 37.394946], [24.93914, 37.394929], [24.939128, 37.394901], [24.939105, 37.394856], [24.939082, 37.39482], [24.939077, 37.394811], [24.939047, 37.394766], [24.939025, 37.394739], [24.939011, 37.394721], [24.938968, 37.394679], [24.938965, 37.394677], [24.938914, 37.394632], [24.938911, 37.394629], [24.938862, 37.394587], [24.938853, 37.394581], [24.938801, 37.394543], [24.938796, 37.39454], [24.93874, 37.394508], [24.938717, 37.394498], [24.938683, 37.394484], [24.938626, 37.394467], [24.938586, 37.394454], [24.938569, 37.394449], [24.938513, 37.394433], [24.938456, 37.394421], [24.938399, 37.394411], [24.938399, 37.394411], [24.938343, 37.394404], [24.938302, 37.394411], [24.938286, 37.394414], [24.93823, 37.394424], [24.938174, 37.394435], [24.938117, 37.394444], [24.938061, 37.394454], [24.938038, 37.394459], [24.938004, 37.394465], [24.937948, 37.394475], [24.937892, 37.394484], [24.937835, 37.394492], [24.937779, 37.3945], [24.937739, 37.394506], [24.937722, 37.394509], [24.937666, 37.394517], [24.93761, 37.394526], [24.937553, 37.394537], [24.937497, 37.394547], [24.937455, 37.394553], [24.937441, 37.394556], [24.937384, 37.394565], [24.937328, 37.394576], [24.937271, 37.394588], [24.937219, 37.3946], [24.937215, 37.394601], [24.937159, 37.394615], [24.937102, 37.394627], [24.937046, 37.394638], [24.936999, 37.394647], [24.93699, 37.394649], [24.936933, 37.39466], [24.936877, 37.394674], [24.936821, 37.394692], [24.936816, 37.394694], [24.936764, 37.394711], [24.936708, 37.394736], [24.936698, 37.39474], [24.936652, 37.39476], [24.936596, 37.394784], [24.93659, 37.394786], [24.93654, 37.394806], [24.936483, 37.394828], [24.936474, 37.394832], [24.936427, 37.39485], [24.936371, 37.394869], [24.936351, 37.394878], [24.936315, 37.394909], [24.936277, 37.394923], [24.936259, 37.39493], [24.936202, 37.39496], [24.936185, 37.394969], [24.936146, 37.394995], [24.936121, 37.395015], [24.93609, 37.395038], [24.936064, 37.39506], [24.936034, 37.395084], [24.936008, 37.395106], [24.935979, 37.39513], [24.935959, 37.395151], [24.935923, 37.39519], [24.935917, 37.395197], [24.935886, 37.395242], [24.935867, 37.395263], [24.935848, 37.395288], [24.935817, 37.395333], [24.935812, 37.395342], [24.93579, 37.395378], [24.935771, 37.395423], [24.935757, 37.395469], [24.935757, 37.39547], [24.935733, 37.395514], [24.935711, 37.395559], [24.935701, 37.395571], [24.935682, 37.395604], [24.935676, 37.39565], [24.935669, 37.395695], [24.935647, 37.395736], [24.935645, 37.39574], [24.935627, 37.395785], [24.935613, 37.39583], [24.935597, 37.395876], [24.935592, 37.395886], [24.935575, 37.395921], [24.935537, 37.395966], [24.935536, 37.395966], [24.935481, 37.395994], [24.935439, 37.396012], [24.935424, 37.396018], [24.935368, 37.396035], [24.935312, 37.396052], [24.935269, 37.396059], [24.935255, 37.396061], [24.935199, 37.396068], [24.935143, 37.396069], [24.935086, 37.396063], [24.935073, 37.39606], [24.935029, 37.396048], [24.934973, 37.396025], [24.934957, 37.396016], [24.934916, 37.39599], [24.934885, 37.395971], [24.934859, 37.395953], [24.934823, 37.395927], [24.934802, 37.395909], [24.934772, 37.395882], [24.934744, 37.395847], [24.934738, 37.395837], [24.934711, 37.395792], [24.934687, 37.395751], [24.934684, 37.395748], [24.934642, 37.395703], [24.934629, 37.395691], [24.934592, 37.395658], [24.934572, 37.395642], [24.934537, 37.395613], [24.934515, 37.395598], [24.934474, 37.395569], [24.934458, 37.39556], [24.934401, 37.395537], [24.934368, 37.395525], [24.934345, 37.395517], [24.934288, 37.395502], [24.934231, 37.395496], [24.934175, 37.395491], [24.934118, 37.395488], [24.934077, 37.395482], [24.934062, 37.39548], [24.934005, 37.39547], [24.933948, 37.395469], [24.933892, 37.395474], [24.933836, 37.395479]]}}, {"type": "Feature", "properties": {"elev": 50}, "geometry": {"type": "LineString", "coordinates": [[24.936278, 37.397583], [24.936266, 37.397538], [24.936252, 37.397493], [24.93624, 37.397448], [24.936237, 37.397403], [24.936254, 37.397358], [24.936263, 37.397313], [24.936277, 37.397268], [24.936288, 37.397257], [24.936317, 37.397222], [24.936343, 37.39718], [24.936346, 37.397177], [24.936377, 37.397132], [24.936399, 37.397101], [24.936417, 37.397086], [24.936455, 37.397068], [24.936511, 37.397043], [24.936516, 37.39704], [24.936567, 37.397011], [24.936601, 37.396995], [24.936623, 37.396984], [24.936679, 37.39696], [24.936725, 37.396949], [24.936736, 37.396946], [24.936792, 37.396938], [24.936848, 37.396925], [24.936905, 37.39691], [24.936938, 37.396902], [24.936961, 37.396896], [24.937017, 37.396882], [24.937074, 37.396863], [24.93709, 37.396856], [24.93713, 37.396833], [24.937168, 37.39681], [24.937186, 37.396798], [24.937232, 37.396764], [24.937242, 37.396756], [24.937285, 37.396719], [24.937298, 37.396706], [24.93733, 37.396673], [24.937354, 37.396649], [24.937371, 37.396628], [24.937402, 37.396583], [24.937409, 37.39657], [24.937427, 37.396537], [24.93745, 37.396492], [24.937464, 37.396466], [24.937475, 37.396447], [24.9375, 37.396402], [24.93752, 37.396375], [24.937534, 37.396356], [24.937572, 37.396311], [24.937575, 37.396307], [24.937621, 37.396265], [24.937631, 37.396256], [24.937679, 37.39622], [24.937687, 37.396215], [24.937743, 37.396196], [24.9378, 37.396188], [24.937856, 37.39618], [24.937913, 37.396181], [24.937969, 37.396182], [24.938026, 37.396186], [24.938082, 37.396191], [24.938139, 37.396191], [24.938195, 37.396186], [24.938252, 37.396176], [24.938272, 37.39617], [24.938308, 37.396155], [24.938364, 37.396132], [24.938392, 37.396124], [24.938421, 37.396119], [24.938477, 37.396113], [24.938534, 37.396109], [24.93859, 37.396109], [24.938646, 37.396101], [24.938703, 37.396092], [24.938753, 37.396076], [24.938759, 37.396074], [24.938815, 37.396051], [24.938865, 37.39603], [24.938872, 37.396028], [24.938928, 37.396005], [24.938961, 37.395984], [24.938984, 37.39597], [24.93903, 37.395939], [24.93904, 37.395931], [24.939083, 37.395893], [24.939096, 37.395881], [24.939128, 37.395848], [24.939151, 37.395821], [24.939167, 37.395802], [24.939196, 37.395757], [24.939207, 37.395741], [24.939226, 37.395712], [24.939256, 37.395666], [24.939262, 37.395656], [24.939282, 37.395621], [24.939307, 37.395576], [24.939318, 37.395552], [24.939327, 37.39553], [24.939344, 37.395485], [24.939358, 37.39544], [24.93937, 37.395395], [24.939372, 37.395386], [24.939381, 37.39535], [24.939395, 37.395304], [24.939406, 37.395259], [24.939412, 37.395214], [24.939417, 37.395169], [24.939414, 37.395124], [24.939412, 37.395079], [24.939407, 37.395034], [24.939401, 37.394989], [24.939395, 37.394944], [24.939384, 37.394899], [24.939366, 37.394854], [24.939365, 37.394853], [24.939343, 37.394809], [24.939316, 37.394764], [24.939308, 37.394752], [24.939286, 37.394719], [24.939254, 37.394674], [24.93925, 37.394667], [24.939227, 37.39463], [24.939201, 37.394585], [24.939192, 37.394575], [24.939162, 37.39454], [24.939135, 37.39451], [24.939121, 37.394495], [24.939078, 37.394452], [24.939076, 37.39445], [24.939021, 37.394409], [24.939018, 37.394406], [24.938964, 37.394361], [24.938964, 37.394361], [24.938907, 37.394332], [24.938868, 37.394317], [24.93885, 37.39431], [24.938793, 37.39429], [24.93874, 37.394273], [24.938737, 37.394272], [24.93868, 37.394256], [24.938623, 37.394243], [24.938567, 37.39423], [24.938562, 37.394229], [24.93851, 37.394219], [24.938453, 37.394209], [24.938397, 37.3942], [24.93834, 37.394196], [24.938284, 37.394211], [24.938228, 37.394226], [24.938201, 37.394232], [24.938171, 37.39424], [24.938115, 37.394259], [24.938065, 37.394278], [24.938059, 37.39428], [24.938002, 37.394301], [24.937946, 37.394319], [24.937921, 37.394324], [24.93789, 37.39433], [24.937833, 37.394337], [24.937777, 37.39435], [24.937721, 37.394364], [24.937689, 37.394371], [24.937664, 37.394377], [24.937608, 37.394391], [24.937552, 37.394406], [24.937508, 37.394418], [24.937495, 37.394421], [24.937439, 37.394432], [24.937383, 37.394442], [24.937326, 37.394453], [24.93727, 37.394464], [24.937266, 37.394465], [24.937214, 37.394476], [24.937157, 37.394489], [24.937101, 37.394501], [24.937047, 37.394512], [24.937044, 37.394512], [24.936988, 37.394523], [24.936932, 37.394535], [24.936875, 37.394549], [24.936848, 37.394558], [24.936819, 37.394568], [24.936763, 37.39459], [24.936732, 37.394604], [24.936707, 37.394616], [24.93665, 37.394639], [24.936624, 37.39465], [24.936594, 37.394663], [24.936538, 37.394686], [24.93651, 37.394696], [24.936482, 37.394707], [24.936426, 37.394726], [24.936376, 37.394742], [24.936369, 37.394745], [24.936313, 37.394765], [24.936257, 37.394787], [24.936253, 37.394788], [24.936201, 37.39481], [24.936144, 37.394828], [24.936125, 37.394834], [24.936088, 37.394848], [24.936032, 37.394873], [24.936018, 37.39488], [24.935976, 37.394906], [24.935944, 37.394926], [24.93592, 37.394943], [24.935879, 37.394972], [24.935864, 37.394989], [24.935839, 37.395017], [24.935808, 37.395052], [24.935801, 37.395062], [24.935767, 37.395108], [24.935752, 37.395126], [24.93573, 37.395153], [24.935697, 37.395198], [24.935696, 37.395199], [24.935665, 37.395244], [24.935644, 37.395289], [24.935642, 37.395294], [24.935622, 37.395334], [24.9356, 37.39538], [24.935586, 37.395402], [24.935573, 37.395425], [24.935542, 37.39547], [24.935531, 37.395491], [24.93552, 37.395516], [24.935499, 37.395561], [24.935486, 37.395606], [24.935476, 37.395637], [24.93547, 37.395651], [24.935451, 37.395696], [24.935438, 37.395742], [24.935421, 37.395776], [24.93541, 37.395787], [24.935365, 37.395818], [24.935345, 37.395833], [24.935309, 37.395849], [24.935253, 37.395859], [24.935197, 37.395863], [24.93514, 37.395865], [24.935083, 37.395849], [24.935062, 37.395835], [24.935026, 37.395804], [24.93501, 37.39579], [24.934969, 37.395753], [24.93496, 37.395745], [24.934923, 37.395701], [24.934912, 37.395684], [24.934893, 37.395656], [24.934858, 37.395611], [24.934854, 37.395608], [24.93481, 37.395566], [24.934797, 37.395557], [24.934751, 37.395522], [24.93474, 37.395514], [24.934683, 37.39548], [24.934678, 37.395477], [24.934626, 37.395443], [24.934609, 37.395433], [24.934569, 37.395409], [24.93453, 37.395388], [24.934512, 37.39538], [24.934456, 37.395361], [24.934399, 37.395353], [24.934343, 37.395346], [24.934323, 37.395345], [24.934286, 37.395341], [24.934229, 37.395335], [24.934173, 37.395333], [24.934116, 37.395331], [24.93406, 37.395329], [24.934003, 37.395329], [24.933947, 37.395329], [24.93389, 37.395327], [24.933834, 37.395326]]}}, {"type": "Feature", "properties": {"elev": 45}, "geometry": {"type": "LineString", "coordinates": [[24.936459, 37.397582], [24.93646, 37.397537], [24.93646, 37.397527], [24.936462, 37.397492], [24.936464, 37.397447], [24.936469, 37.397402], [24.936484, 37.397356], [24.936511, 37.397311], [24.936514, 37.397308], [24.936555, 37.397266], [24.93657, 37.397254], [24.936626, 37.39722], [24.936626, 37.39722], [24.936682, 37.397189], [24.936735, 37.397174], [24.936739, 37.397173], [24.936795, 37.397153], [24.936851, 37.397133], [24.936872, 37.397128], [24.936907, 37.397117], [24.936964, 37.397107], [24.93702, 37.397096], [24.937058, 37.397081], [24.937076, 37.397072], [24.937132, 37.397044], [24.93715, 37.397035], [24.937189, 37.397016], [24.937236, 37.39699], [24.937245, 37.396985], [24.937301, 37.396958], [24.937342, 37.396944], [24.937357, 37.396937], [24.937413, 37.396906], [24.93743, 37.396898], [24.937469, 37.396862], [24.937477, 37.396853], [24.937525, 37.396807], [24.937525, 37.396807], [24.937561, 37.396762], [24.937581, 37.396733], [24.937592, 37.396716], [24.937613, 37.396671], [24.937634, 37.396626], [24.937636, 37.396622], [24.937666, 37.396581], [24.937691, 37.396543], [24.937694, 37.396535], [24.937708, 37.39649], [24.937726, 37.396445], [24.937745, 37.3964], [24.937746, 37.396399], [24.937802, 37.39636], [24.937845, 37.396354], [24.937858, 37.396352], [24.937915, 37.396348], [24.937971, 37.396337], [24.938028, 37.396327], [24.938084, 37.396323], [24.938141, 37.39632], [24.938197, 37.396315], [24.938253, 37.39631], [24.938299, 37.396305], [24.93831, 37.396304], [24.938366, 37.396295], [24.938423, 37.396287], [24.938479, 37.396277], [24.938535, 37.396268], [24.938592, 37.396261], [24.938608, 37.396257], [24.938648, 37.396249], [24.938705, 37.396238], [24.938761, 37.396226], [24.938817, 37.396212], [24.938823, 37.396211], [24.938874, 37.396193], [24.93893, 37.396167], [24.938936, 37.396165], [24.938986, 37.396144], [24.939035, 37.396119], [24.939042, 37.396115], [24.939098, 37.396078], [24.939105, 37.396073], [24.939153, 37.396028], [24.939154, 37.396027], [24.939196, 37.395982], [24.93921, 37.395968], [24.939239, 37.395937], [24.939266, 37.395906], [24.939278, 37.395891], [24.939315, 37.395846], [24.939321, 37.395838], [24.939348, 37.395801], [24.939377, 37.395764], [24.939383, 37.395755], [24.939413, 37.39571], [24.939432, 37.395677], [24.93944, 37.395665], [24.939462, 37.39562], [24.939482, 37.395574], [24.939487, 37.395562], [24.9395, 37.395529], [24.939516, 37.395484], [24.939531, 37.395439], [24.939542, 37.395407], [24.939546, 37.395393], [24.939559, 37.395348], [24.939573, 37.395303], [24.939588, 37.395258], [24.939596, 37.395231], [24.939602, 37.395213], [24.939611, 37.395168], [24.939615, 37.395122], [24.939618, 37.395077], [24.939621, 37.395032], [24.939624, 37.394987], [24.939632, 37.394942], [24.939627, 37.394897], [24.939611, 37.394852], [24.939591, 37.394807], [24.939591, 37.394806], [24.939573, 37.394762], [24.939548, 37.394717], [24.939533, 37.394696], [24.939517, 37.394672], [24.939491, 37.394627], [24.939475, 37.3946], [24.939466, 37.394583], [24.939435, 37.394538], [24.939418, 37.394516], [24.939399, 37.394493], [24.939368, 37.394448], [24.93936, 37.394435], [24.939336, 37.394403], [24.939303, 37.394374], [24.939284, 37.394359], [24.939246, 37.394334], [24.939214, 37.394314], [24.939189, 37.394296], [24.939155, 37.394269], [24.939132, 37.394256], [24.939075, 37.394226], [24.939073, 37.394225], [24.939018, 37.394197], [24.938986, 37.394181], [24.938961, 37.394168], [24.938904, 37.394139], [24.938898, 37.394136], [24.938848, 37.394118], [24.938791, 37.3941], [24.938766, 37.394092], [24.938734, 37.394081], [24.938678, 37.394065], [24.938621, 37.39405], [24.938611, 37.394048], [24.938564, 37.39404], [24.938508, 37.394031], [24.938451, 37.394025], [24.938395, 37.39403], [24.938338, 37.394035], [24.938282, 37.394042], [24.938232, 37.394051], [24.938225, 37.394053], [24.938169, 37.394068], [24.938113, 37.394083], [24.938078, 37.394098], [24.938056, 37.394107], [24.938, 37.394126], [24.937944, 37.394144], [24.937944, 37.394144], [24.937888, 37.394159], [24.937831, 37.394175], [24.937795, 37.39419], [24.937775, 37.394198], [24.937719, 37.394218], [24.937663, 37.394234], [24.937653, 37.394236], [24.937606, 37.394252], [24.93755, 37.394268], [24.937494, 37.394283], [24.937493, 37.394283], [24.937437, 37.394296], [24.937381, 37.394309], [24.937325, 37.394322], [24.937296, 37.394329], [24.937268, 37.394335], [24.937212, 37.394348], [24.937156, 37.394361], [24.937099, 37.394376], [24.937097, 37.394376], [24.937043, 37.394387], [24.936987, 37.394399], [24.93693, 37.39441], [24.936874, 37.39442], [24.936853, 37.394423], [24.936817, 37.394429], [24.936761, 37.394453], [24.936734, 37.394469], [24.936705, 37.394484], [24.936649, 37.394513], [24.936644, 37.394515], [24.936593, 37.394537], [24.936537, 37.394561], [24.936537, 37.394561], [24.93648, 37.394583], [24.936424, 37.394606], [24.936422, 37.394607], [24.936368, 37.394628], [24.936312, 37.394648], [24.936299, 37.394653], [24.936255, 37.394669], [24.936199, 37.394692], [24.936186, 37.394699], [24.936143, 37.394717], [24.936087, 37.394736], [24.936065, 37.394745], [24.93603, 37.39476], [24.935974, 37.39478], [24.93595, 37.394791], [24.935918, 37.394803], [24.935862, 37.394831], [24.935851, 37.394837], [24.935806, 37.394864], [24.935764, 37.394882], [24.93575, 37.39489], [24.935693, 37.394926], [24.935692, 37.394928], [24.935657, 37.394973], [24.935638, 37.394997], [24.935616, 37.395019], [24.935582, 37.395055], [24.935574, 37.395064], [24.935539, 37.39511], [24.935526, 37.395127], [24.935508, 37.395155], [24.935478, 37.3952], [24.935471, 37.395211], [24.93545, 37.395246], [24.935428, 37.395291], [24.935416, 37.395314], [24.935403, 37.395336], [24.935377, 37.395381], [24.93536, 37.39541], [24.93535, 37.395427], [24.935318, 37.395472], [24.935305, 37.39549], [24.935284, 37.395517], [24.935249, 37.395556], [24.935235, 37.395563], [24.935193, 37.395583], [24.935136, 37.39557], [24.935126, 37.395564], [24.935079, 37.395529], [24.935071, 37.395519], [24.935028, 37.395474], [24.935022, 37.395469], [24.934984, 37.39543], [24.934965, 37.395412], [24.934931, 37.395385], [24.934908, 37.395367], [24.934869, 37.39534], [24.934851, 37.395328], [24.9348, 37.395296], [24.934794, 37.395292], [24.934737, 37.395254], [24.934731, 37.395251], [24.93468, 37.395234], [24.934623, 37.395221], [24.934567, 37.395215], [24.934525, 37.395208], [24.93451, 37.395205], [24.934454, 37.395194], [24.934397, 37.395191], [24.934341, 37.395189], [24.934284, 37.395187], [24.934228, 37.395189], [24.934171, 37.395191], [24.934115, 37.395196], [24.934058, 37.395199], [24.934002, 37.3952], [24.933945, 37.395197], [24.933889, 37.395193], [24.933832, 37.395189]]}}, {"type": "Feature", "properties": {"elev": 40}, "geometry": {"type": "LineString", "coordinates": [[24.936687, 37.397594], [24.936689, 37.39758], [24.936695, 37.397535], [24.936696, 37.39749], [24.936709, 37.397445], [24.936738, 37.397399], [24.936741, 37.397395], [24.936792, 37.397354], [24.936797, 37.39735], [24.93684, 37.397308], [24.936853, 37.397302], [24.936909, 37.397272], [24.936926, 37.397263], [24.936965, 37.397241], [24.93702, 37.397217], [24.937022, 37.397217], [24.937078, 37.397211], [24.937134, 37.397205], [24.937191, 37.397176], [24.937204, 37.39717], [24.937247, 37.397153], [24.9373, 37.397124], [24.937303, 37.397123], [24.937359, 37.3971], [24.937415, 37.397079], [24.937418, 37.397078], [24.937472, 37.397062], [24.937528, 37.397038], [24.937539, 37.397032], [24.937584, 37.397005], [24.937607, 37.396987], [24.93764, 37.396958], [24.937657, 37.396941], [24.937696, 37.396904], [24.937705, 37.396896], [24.937752, 37.396856], [24.937757, 37.39685], [24.937788, 37.396805], [24.937807, 37.396787], [24.937832, 37.39676], [24.937858, 37.396714], [24.937849, 37.396669], [24.937854, 37.396624], [24.937856, 37.396579], [24.937861, 37.396564], [24.937874, 37.396534], [24.937908, 37.396488], [24.937917, 37.396483], [24.937973, 37.396461], [24.938029, 37.396456], [24.938086, 37.396449], [24.938142, 37.396442], [24.938199, 37.396442], [24.938255, 37.396446], [24.938312, 37.396441], [24.93835, 37.39644], [24.938368, 37.396439], [24.938424, 37.396427], [24.938481, 37.396413], [24.938537, 37.396403], [24.938593, 37.396393], [24.938594, 37.396393], [24.93865, 37.396382], [24.938706, 37.396372], [24.938763, 37.396355], [24.938786, 37.396346], [24.938819, 37.396334], [24.938875, 37.39632], [24.938932, 37.396307], [24.938948, 37.3963], [24.938988, 37.396283], [24.939044, 37.396255], [24.939045, 37.396254], [24.9391, 37.396221], [24.939121, 37.396208], [24.939156, 37.396187], [24.939197, 37.396163], [24.939212, 37.396153], [24.939267, 37.396117], [24.939268, 37.396116], [24.93931, 37.396072], [24.939324, 37.396054], [24.939344, 37.396026], [24.939379, 37.395981], [24.93938, 37.39598], [24.93942, 37.395935], [24.939435, 37.395917], [24.939455, 37.39589], [24.939484, 37.395845], [24.939491, 37.395835], [24.939513, 37.395799], [24.939543, 37.395754], [24.939546, 37.395748], [24.939567, 37.395709], [24.939593, 37.395664], [24.939601, 37.395647], [24.939618, 37.395618], [24.939647, 37.395573], [24.939657, 37.395556], [24.939673, 37.395528], [24.939696, 37.395482], [24.939712, 37.395451], [24.939719, 37.395437], [24.939744, 37.395392], [24.939766, 37.395347], [24.939767, 37.395344], [24.939784, 37.395301], [24.939799, 37.395256], [24.939809, 37.395211], [24.939821, 37.395166], [24.939821, 37.395165], [24.939861, 37.39512], [24.939877, 37.395087], [24.939882, 37.395075], [24.939892, 37.39503], [24.939899, 37.394985], [24.939906, 37.39494], [24.939908, 37.394895], [24.939898, 37.39485], [24.939886, 37.394805], [24.939877, 37.39476], [24.939873, 37.394747], [24.939861, 37.394715], [24.939831, 37.39467], [24.939815, 37.394649], [24.939798, 37.394625], [24.939761, 37.39458], [24.939758, 37.394577], [24.939714, 37.394536], [24.9397, 37.394524], [24.939663, 37.394491], [24.939643, 37.394471], [24.939619, 37.394446], [24.939586, 37.394409], [24.939579, 37.394401], [24.939539, 37.394357], [24.939529, 37.394346], [24.939494, 37.394312], [24.939471, 37.39429], [24.939447, 37.394267], [24.939414, 37.394239], [24.939392, 37.394223], [24.939357, 37.394191], [24.939342, 37.394178], [24.9393, 37.394148], [24.939272, 37.394133], [24.939243, 37.394114], [24.939211, 37.394089], [24.939186, 37.394074], [24.939129, 37.39405], [24.939119, 37.394044], [24.939072, 37.394003], [24.939068, 37.394], [24.939015, 37.393967], [24.938988, 37.393955], [24.938959, 37.393945], [24.938902, 37.393928], [24.938862, 37.393911], [24.938845, 37.393904], [24.938788, 37.393885], [24.938732, 37.393872], [24.938709, 37.393867], [24.938675, 37.393862], [24.938618, 37.393855], [24.938562, 37.393847], [24.938505, 37.393844], [24.938449, 37.393842], [24.938392, 37.393841], [24.938336, 37.393842], [24.938279, 37.393845], [24.938223, 37.393867], [24.938219, 37.393871], [24.938167, 37.3939], [24.938111, 37.393917], [24.93811, 37.393917], [24.938054, 37.393929], [24.937998, 37.393954], [24.937981, 37.393963], [24.937942, 37.393987], [24.937891, 37.394009], [24.937886, 37.394011], [24.93783, 37.394041], [24.937804, 37.394055], [24.937774, 37.394071], [24.937717, 37.394099], [24.937714, 37.394101], [24.937661, 37.39412], [24.937605, 37.394133], [24.937548, 37.394145], [24.937527, 37.394147], [24.937492, 37.394152], [24.937436, 37.394162], [24.937379, 37.39417], [24.937323, 37.394176], [24.937266, 37.394186], [24.937231, 37.394195], [24.93721, 37.3942], [24.937154, 37.394214], [24.937097, 37.394229], [24.937061, 37.394241], [24.937041, 37.394248], [24.936985, 37.394263], [24.936928, 37.394275], [24.936892, 37.394287], [24.936872, 37.394293], [24.936816, 37.394301], [24.936759, 37.394313], [24.936703, 37.394333], [24.9367, 37.394334], [24.936647, 37.394362], [24.93662, 37.39438], [24.936591, 37.394402], [24.936548, 37.394425], [24.936535, 37.394431], [24.936479, 37.394458], [24.936441, 37.394471], [24.936422, 37.394479], [24.936366, 37.394511], [24.936356, 37.394517], [24.93631, 37.394537], [24.936254, 37.394563], [24.936254, 37.394563], [24.936198, 37.394579], [24.936141, 37.394596], [24.936112, 37.394609], [24.936085, 37.394621], [24.936029, 37.39464], [24.935973, 37.39465], [24.935916, 37.394653], [24.935868, 37.394656], [24.93586, 37.394657], [24.935803, 37.394662], [24.935747, 37.394681], [24.935691, 37.394698], [24.935676, 37.394703], [24.935634, 37.394721], [24.935578, 37.394743], [24.935566, 37.394749], [24.935522, 37.394779], [24.935506, 37.394794], [24.935466, 37.394837], [24.935463, 37.39484], [24.935414, 37.394885], [24.93541, 37.394891], [24.935383, 37.394931], [24.935355, 37.394963], [24.935346, 37.394976], [24.935307, 37.395021], [24.935299, 37.395032], [24.93528, 37.395067], [24.935252, 37.395112], [24.935244, 37.395124], [24.935208, 37.395157], [24.935198, 37.395203], [24.935188, 37.395216], [24.935132, 37.395203], [24.935075, 37.395205], [24.935073, 37.395203], [24.935018, 37.395171], [24.934998, 37.395159], [24.934962, 37.395138], [24.934927, 37.395114], [24.934905, 37.395105], [24.934848, 37.395095], [24.934791, 37.395079], [24.934759, 37.395071], [24.934735, 37.395065], [24.934678, 37.395057], [24.934621, 37.395053], [24.934565, 37.395051], [24.934508, 37.395046], [24.934452, 37.395037], [24.934395, 37.395032], [24.934339, 37.395034], [24.934282, 37.395032], [24.93427, 37.39503], [24.934225, 37.395019], [24.934169, 37.39501], [24.934112, 37.395002], [24.934056, 37.395004], [24.933999, 37.395022], [24.933962, 37.395032], [24.933943, 37.395037], [24.933887, 37.395034], [24.93383, 37.395033]]}}, {"type": "Feature", "properties": {"elev": 10}, "geometry": {"type": "LineString", "coordinates": [[24.938005, 37.38995], [24.938007, 37.389951], [24.938005, 37.389951], [24.938002, 37.389951], [24.938005, 37.38995]]}}, {"type": "Feature", "properties": {"elev": 55}, "geometry": {"type": "LineString", "coordinates": [[24.941246, 37.390331], [24.94123, 37.390325], [24.941173, 37.390315], [24.941117, 37.390307], [24.94106, 37.390303], [24.941004, 37.390304], [24.940947, 37.390311], [24.940891, 37.390317], [24.940835, 37.390324], [24.940778, 37.390328], [24.94073, 37.390335], [24.940722, 37.390336], [24.940665, 37.390345], [24.940609, 37.390355], [24.940553, 37.390369], [24.940496, 37.39038], [24.940484, 37.390382], [24.94044, 37.390388], [24.940383, 37.390399], [24.940327, 37.39041], [24.940271, 37.390417], [24.940214, 37.390428], [24.940211, 37.390429], [24.940158, 37.390448], [24.940102, 37.39047], [24.940088, 37.390475], [24.940046, 37.390494], [24.940006, 37.390521], [24.93999, 37.390536], [24.939945, 37.390566], [24.939934, 37.39057], [24.939877, 37.390593], [24.939841, 37.390612], [24.939821, 37.390625], [24.939771, 37.390658], [24.939765, 37.390662], [24.939709, 37.39069], [24.939679, 37.390704], [24.939653, 37.390719], [24.939597, 37.390749], [24.939597, 37.39075], [24.939541, 37.39079], [24.939535, 37.390795], [24.939485, 37.39084], [24.939484, 37.390841], [24.939429, 37.390884], [24.939426, 37.390886], [24.939373, 37.390926], [24.939365, 37.390932], [24.939317, 37.390964], [24.939291, 37.390977], [24.939261, 37.390996], [24.939218, 37.391023], [24.939205, 37.391034], [24.939152, 37.391069], [24.939149, 37.391073], [24.939113, 37.391114], [24.939093, 37.391137], [24.939081, 37.391159], [24.939037, 37.391198], [24.939027, 37.391205], [24.938981, 37.391241], [24.938969, 37.39125], [24.938925, 37.39129], [24.938919, 37.391296], [24.938889, 37.391341], [24.938885, 37.391386], [24.938898, 37.391431], [24.938928, 37.391463], [24.938941, 37.391476], [24.938985, 37.39152], [24.938987, 37.391521], [24.939041, 37.391529], [24.939098, 37.391544], [24.939155, 37.391559], [24.939178, 37.391564], [24.939212, 37.391574], [24.939268, 37.391589], [24.939325, 37.391604], [24.939381, 37.391608], [24.939438, 37.391604], [24.939494, 37.391606], [24.939551, 37.391604], [24.939566, 37.391606], [24.939608, 37.391615], [24.939664, 37.391627], [24.939721, 37.391635], [24.939777, 37.391647], [24.939805, 37.391649], [24.939834, 37.391651], [24.939841, 37.391649], [24.93989, 37.391636], [24.939947, 37.39163], [24.940003, 37.391631], [24.94006, 37.391633], [24.940116, 37.391639], [24.940173, 37.391645], [24.940182, 37.391646], [24.94023, 37.391652], [24.940286, 37.391658], [24.940343, 37.391662], [24.940399, 37.391663], [24.940456, 37.391662], [24.940512, 37.391667], [24.940569, 37.391674], [24.940625, 37.391682], [24.940682, 37.391686], [24.940695, 37.391687], [24.940739, 37.391692], [24.940795, 37.391701], [24.940852, 37.391726], [24.940863, 37.391731], [24.940909, 37.391747], [24.940966, 37.391764], [24.940999, 37.391775], [24.941022, 37.391783], [24.941079, 37.391815], [24.941087, 37.39182], [24.941136, 37.391846], [24.941171, 37.391864], [24.941193, 37.391875], [24.94125, 37.391904], [24.941259, 37.391908], [24.941307, 37.391933], [24.94135, 37.391953], [24.941363, 37.391959], [24.94142, 37.391989], [24.941438, 37.391997], [24.941477, 37.392015], [24.941534, 37.392041], [24.941536, 37.392041], [24.941591, 37.392064], [24.941648, 37.392083], [24.941655, 37.392086], [24.941704, 37.392106], [24.941761, 37.39213], [24.941762, 37.39213], [24.941818, 37.392147], [24.941874, 37.392149], [24.941931, 37.392139], [24.941987, 37.392129], [24.941992, 37.392128], [24.942043, 37.392114], [24.9421, 37.392098], [24.942138, 37.392082], [24.942156, 37.39207], [24.942181, 37.392036], [24.942212, 37.392008], [24.942229, 37.391991], [24.942265, 37.391945], [24.942267, 37.391943], [24.942295, 37.3919], [24.942323, 37.391874], [24.942338, 37.391855], [24.942345, 37.39181], [24.942378, 37.391787], [24.94238, 37.391764], [24.942378, 37.391755], [24.942322, 37.391758], [24.942312, 37.391765], [24.942299, 37.39181], [24.942266, 37.391837], [24.942258, 37.39181], [24.942255, 37.391765], [24.942247, 37.39172], [24.942238, 37.391675], [24.942222, 37.39163], [24.942207, 37.391599], [24.942201, 37.391585], [24.942177, 37.39154], [24.94215, 37.391496], [24.942149, 37.391493], [24.942118, 37.391451], [24.942091, 37.391413], [24.942087, 37.391406], [24.942058, 37.391361], [24.942034, 37.391322], [24.94203, 37.391316], [24.942003, 37.391271], [24.941976, 37.391226], [24.941976, 37.391226], [24.941945, 37.391182], [24.94192, 37.391137], [24.941918, 37.391133], [24.941897, 37.391092], [24.941875, 37.391047], [24.94186, 37.391027], [24.941846, 37.391002], [24.941825, 37.390957], [24.941804, 37.390912], [24.941802, 37.390907], [24.94178, 37.390867], [24.941745, 37.390827], [24.941742, 37.390823], [24.941714, 37.390778], [24.941687, 37.390747], [24.941672, 37.390733], [24.941635, 37.390688], [24.94163, 37.390682], [24.941594, 37.390643], [24.941573, 37.390622], [24.941549, 37.390599], [24.941515, 37.390558], [24.941512, 37.390554], [24.941481, 37.390509], [24.941458, 37.390489], [24.941422, 37.390464], [24.941401, 37.390444], [24.941363, 37.39042], [24.941344, 37.3904], [24.941312, 37.390375], [24.941287, 37.390352], [24.941246, 37.390331]]}}, {"type": "Feature", "properties": {"elev": 60}, "geometry": {"type": "LineString", "coordinates": [[24.941206, 37.390466], [24.941175, 37.390455], [24.941119, 37.390443], [24.941062, 37.390434], [24.941005, 37.390427], [24.940949, 37.390431], [24.940892, 37.390437], [24.940836, 37.390439], [24.940779, 37.390438], [24.940723, 37.390437], [24.940666, 37.390443], [24.94061, 37.390452], [24.940554, 37.390463], [24.94051, 37.390472], [24.940497, 37.390474], [24.940441, 37.390486], [24.940385, 37.390499], [24.940328, 37.390513], [24.940291, 37.390519], [24.940272, 37.390522], [24.940216, 37.390534], [24.94016, 37.390565], [24.940159, 37.390565], [24.940103, 37.390602], [24.940088, 37.39061], [24.940047, 37.390627], [24.939991, 37.390646], [24.939973, 37.390656], [24.939935, 37.390701], [24.939935, 37.390702], [24.939879, 37.390734], [24.93986, 37.390747], [24.939823, 37.390774], [24.939789, 37.390793], [24.939767, 37.390806], [24.939711, 37.390837], [24.939708, 37.390839], [24.939655, 37.390881], [24.939649, 37.390884], [24.939599, 37.390916], [24.93958, 37.39093], [24.939543, 37.39096], [24.939524, 37.390975], [24.939487, 37.391012], [24.939475, 37.391021], [24.939431, 37.391058], [24.93942, 37.391066], [24.939377, 37.391112], [24.939375, 37.391113], [24.939333, 37.391157], [24.93932, 37.391173], [24.939287, 37.391203], [24.939265, 37.391248], [24.939276, 37.391293], [24.939312, 37.391338], [24.939322, 37.391343], [24.939372, 37.391382], [24.939379, 37.391385], [24.939435, 37.391391], [24.939492, 37.391408], [24.93953, 37.391426], [24.939549, 37.391434], [24.939606, 37.391453], [24.939662, 37.391469], [24.939671, 37.39147], [24.939719, 37.391479], [24.939775, 37.391488], [24.939832, 37.391493], [24.939889, 37.391502], [24.939945, 37.391506], [24.940002, 37.391511], [24.940023, 37.391512], [24.940058, 37.391514], [24.940115, 37.391516], [24.940171, 37.39152], [24.940228, 37.391525], [24.940285, 37.39153], [24.940341, 37.391539], [24.940398, 37.391546], [24.940454, 37.391551], [24.940481, 37.391554], [24.940511, 37.391557], [24.940567, 37.391562], [24.940624, 37.391566], [24.940681, 37.391569], [24.940737, 37.391568], [24.940793, 37.391562], [24.94085, 37.39156], [24.940906, 37.391556], [24.940949, 37.39155], [24.940963, 37.391549], [24.940979, 37.39155], [24.941019, 37.391555], [24.941076, 37.391583], [24.941092, 37.391594], [24.941133, 37.391629], [24.941146, 37.391639], [24.94119, 37.39167], [24.941212, 37.391683], [24.941247, 37.39171], [24.941269, 37.391728], [24.941304, 37.391753], [24.941335, 37.391773], [24.941361, 37.391787], [24.941414, 37.391817], [24.941418, 37.391819], [24.941475, 37.391842], [24.941527, 37.391861], [24.941532, 37.391863], [24.941588, 37.39188], [24.941645, 37.391882], [24.941702, 37.391884], [24.941758, 37.391894], [24.941815, 37.391892], [24.941871, 37.391871], [24.94191, 37.391858], [24.941927, 37.391837], [24.941933, 37.391813], [24.941926, 37.391796], [24.941917, 37.391768], [24.941925, 37.391723], [24.941921, 37.391678], [24.941905, 37.391633], [24.941883, 37.391588], [24.941867, 37.391549], [24.941864, 37.391543], [24.941824, 37.391498], [24.941809, 37.391477], [24.941794, 37.391453], [24.94178, 37.391408], [24.941798, 37.391363], [24.941788, 37.391318], [24.941775, 37.391273], [24.941763, 37.391228], [24.941749, 37.391185], [24.941749, 37.391183], [24.941736, 37.391138], [24.941718, 37.391093], [24.941697, 37.391048], [24.941691, 37.391035], [24.941677, 37.391003], [24.941659, 37.390958], [24.941639, 37.390914], [24.941633, 37.390904], [24.941612, 37.390869], [24.941584, 37.390824], [24.941575, 37.390809], [24.941557, 37.390779], [24.941525, 37.390734], [24.941518, 37.390726], [24.941489, 37.390689], [24.94146, 37.390658], [24.941447, 37.390645], [24.941403, 37.390605], [24.941396, 37.3906], [24.941346, 37.390559], [24.941341, 37.390555], [24.941289, 37.390513], [24.941286, 37.390511], [24.941232, 37.390475], [24.941206, 37.390466]]}}, {"type": "Feature", "properties": {"elev": 65}, "geometry": {"type": "LineString", "coordinates": [[24.941003, 37.390558], [24.94095, 37.39055], [24.940894, 37.390547], [24.940837, 37.390543], [24.940781, 37.390538], [24.940724, 37.390532], [24.940668, 37.390533], [24.940611, 37.390532], [24.940555, 37.390532], [24.940498, 37.390544], [24.940442, 37.390555], [24.940406, 37.390563], [24.940386, 37.390569], [24.940329, 37.39059], [24.940282, 37.390609], [24.940273, 37.390616], [24.940235, 37.390654], [24.940217, 37.390665], [24.940161, 37.390675], [24.940105, 37.390693], [24.940091, 37.3907], [24.940049, 37.39074], [24.940044, 37.390746], [24.940004, 37.390791], [24.939993, 37.390801], [24.939937, 37.390835], [24.939933, 37.390837], [24.939881, 37.39086], [24.93985, 37.390883], [24.939825, 37.390905], [24.939802, 37.390928], [24.939769, 37.390962], [24.939757, 37.390974], [24.939722, 37.391019], [24.939713, 37.391036], [24.93969, 37.391064], [24.939658, 37.391093], [24.939641, 37.39111], [24.939618, 37.391155], [24.939642, 37.3912], [24.939659, 37.391213], [24.939693, 37.391245], [24.939716, 37.391272], [24.939735, 37.391289], [24.939773, 37.391308], [24.93983, 37.391329], [24.939856, 37.391333], [24.939887, 37.391337], [24.939943, 37.391342], [24.94, 37.391349], [24.940056, 37.39136], [24.940113, 37.39137], [24.94017, 37.391376], [24.940175, 37.391376], [24.940226, 37.39138], [24.940283, 37.391386], [24.940339, 37.391391], [24.940396, 37.391399], [24.940453, 37.391408], [24.940509, 37.391416], [24.940528, 37.391418], [24.940566, 37.391422], [24.940622, 37.391429], [24.940679, 37.391435], [24.940735, 37.391438], [24.940792, 37.391438], [24.940848, 37.391433], [24.940905, 37.391433], [24.940961, 37.391432], [24.941018, 37.391427], [24.941074, 37.391427], [24.941131, 37.391416], [24.941147, 37.391413], [24.941187, 37.391408], [24.941244, 37.391405], [24.9413, 37.39141], [24.941356, 37.391385], [24.941379, 37.391366], [24.941412, 37.391347], [24.941455, 37.391321], [24.941468, 37.391309], [24.94151, 37.391275], [24.941524, 37.391259], [24.941549, 37.39123], [24.941575, 37.391185], [24.941569, 37.39114], [24.941554, 37.391095], [24.941534, 37.39105], [24.941521, 37.391014], [24.941517, 37.391005], [24.941504, 37.39096], [24.941481, 37.390915], [24.941463, 37.390888], [24.941453, 37.39087], [24.941436, 37.390825], [24.941406, 37.39078], [24.941405, 37.390779], [24.941366, 37.390735], [24.941348, 37.390719], [24.941314, 37.390691], [24.941291, 37.390674], [24.941247, 37.390646], [24.941234, 37.390638], [24.941177, 37.390615], [24.941143, 37.390602], [24.94112, 37.390593], [24.941064, 37.390575], [24.941007, 37.390559], [24.941003, 37.390558]]}}, {"type": "Feature", "properties": {"elev": 70}, "geometry": {"type": "LineString", "coordinates": [[24.940625, 37.390606], [24.940612, 37.390602], [24.940555, 37.390601], [24.940538, 37.390607], [24.940499, 37.390628], [24.940453, 37.390652], [24.940443, 37.390664], [24.940426, 37.390698], [24.940388, 37.390734], [24.94036, 37.390743], [24.940331, 37.390751], [24.940275, 37.390779], [24.940256, 37.390789], [24.940219, 37.390808], [24.940169, 37.390835], [24.940163, 37.39084], [24.940107, 37.390873], [24.940096, 37.390881], [24.940051, 37.390914], [24.940026, 37.390926], [24.940007, 37.390972], [24.940033, 37.391016], [24.940038, 37.391062], [24.940027, 37.391107], [24.940054, 37.391139], [24.940064, 37.391152], [24.940111, 37.391186], [24.940135, 37.391196], [24.940167, 37.391206], [24.940224, 37.391218], [24.940281, 37.391229], [24.940337, 37.391234], [24.94038, 37.391239], [24.940394, 37.391241], [24.940451, 37.391249], [24.940507, 37.391254], [24.940564, 37.39126], [24.94062, 37.391267], [24.940677, 37.391272], [24.940733, 37.391272], [24.94079, 37.391274], [24.940846, 37.391264], [24.940889, 37.391235], [24.940902, 37.391222], [24.940958, 37.391202], [24.941015, 37.391197], [24.941072, 37.39121], [24.941122, 37.391233], [24.941128, 37.391236], [24.941149, 37.391233], [24.941185, 37.391227], [24.941241, 37.391191], [24.941248, 37.391187], [24.941297, 37.391143], [24.941298, 37.391142], [24.941305, 37.391097], [24.94131, 37.391051], [24.941315, 37.391006], [24.941309, 37.390961], [24.941297, 37.390916], [24.941294, 37.390901], [24.941286, 37.390871], [24.941266, 37.390826], [24.941236, 37.390782], [24.941236, 37.390781], [24.941179, 37.39076], [24.941143, 37.390737], [24.941122, 37.390727], [24.941065, 37.390695], [24.94106, 37.390693], [24.941008, 37.39068], [24.940952, 37.390678], [24.940895, 37.39067], [24.940839, 37.390653], [24.94082, 37.39065], [24.940782, 37.390644], [24.940725, 37.390641], [24.940669, 37.390626], [24.940625, 37.390606]]}}, {"type": "Feature", "properties": {"elev": 35}, "geometry": {"type": "LineString", "coordinates": [[24.934285, 37.390722], [24.934331, 37.390746], [24.934306, 37.390791], [24.934286, 37.390796], [24.93423, 37.390799], [24.934173, 37.390797], [24.934145, 37.390793], [24.934116, 37.390783], [24.93406, 37.390763], [24.934003, 37.390756], [24.933992, 37.390749], [24.934003, 37.390746], [24.934059, 37.39074], [24.934116, 37.390726], [24.934172, 37.390718], [24.934228, 37.390708], [24.934285, 37.390722]]}}, {"type": "Feature", "properties": {"elev": 75}, "geometry": {"type": "LineString", "coordinates": [[24.940906, 37.390874], [24.940898, 37.390871], [24.940841, 37.390871], [24.940785, 37.390859], [24.940728, 37.390856], [24.940672, 37.39085], [24.940615, 37.390839], [24.940558, 37.390835], [24.940502, 37.390843], [24.940446, 37.390853], [24.940394, 37.390878], [24.940389, 37.390883], [24.940333, 37.390917], [24.940323, 37.390924], [24.9403, 37.390969], [24.940334, 37.391004], [24.940356, 37.391014], [24.940391, 37.391026], [24.940448, 37.391043], [24.940502, 37.391058], [24.940505, 37.391058], [24.940561, 37.391069], [24.940618, 37.391072], [24.940674, 37.391075], [24.940731, 37.391057], [24.940732, 37.391056], [24.940787, 37.391022], [24.940801, 37.39101], [24.940843, 37.390976], [24.940858, 37.390965], [24.940879, 37.39092], [24.940898, 37.390885], [24.940906, 37.390874]]}}, {"type": "Feature", "properties": {"elev": 50}, "geometry": {"type": "LineString", "coordinates": [[24.937968, 37.391573], [24.937969, 37.391574], [24.937968, 37.391574], [24.937944, 37.391574], [24.937968, 37.391573]]}}, {"type": "Feature", "properties": {"elev": 55}, "geometry": {"type": "LineString", "coordinates": [[24.938485, 37.391615], [24.938477, 37.391596], [24.938421, 37.391579], [24.938388, 37.391616], [24.938365, 37.391633], [24.938335, 37.391661], [24.938309, 37.391702], [24.938308, 37.391706], [24.938304, 37.391752], [24.93831, 37.391781], [24.938325, 37.391796], [24.938367, 37.391806], [24.938383, 37.391796], [24.938387, 37.391751], [24.938422, 37.391712], [24.938437, 37.391705], [24.938478, 37.391663], [24.93848, 37.39166], [24.938485, 37.391615]]}}, {"type": "Feature", "properties": {"elev": 70}, "geometry": {"type": "LineString", "coordinates": [[24.935389, 37.393037], [24.935387, 37.393034], [24.935331, 37.393018], [24.935274, 37.393014], [24.935217, 37.393002], [24.935167, 37.393039], [24.935218, 37.393044], [24.935275, 37.393046], [24.935331, 37.393044], [24.935387, 37.393038], [24.935389, 37.393037]]}}, {"type": "Feature", "properties": {"elev": 20}, "geometry": {"type": "LineString", "coordinates": [[24.939686, 37.393402], [24.939734, 37.393408], [24.939687, 37.393416], [24.93963, 37.39342], [24.939575, 37.39341], [24.93963, 37.393397], [24.939686, 37.393402]]}}, {"type": "Feature", "properties": {"elev": 20}, "geometry": {"type": "LineString", "coordinates": [[24.940098, 37.39345], [24.940082, 37.393428], [24.940079, 37.393451], [24.940083, 37.393454], [24.940098, 37.39345]]}}, {"type": "Feature", "properties": {"elev": 90}, "geometry": {"type": "LineString", "coordinates": [[24.933861, 37.392973], [24.933914, 37.392958], [24.933917, 37.392943], [24.933918, 37.392913], [24.933917, 37.392912], [24.93386, 37.392869], [24.93386, 37.392868]]}}, {"type": "Feature", "properties": {"elev": 85}, "geometry": {"type": "LineString", "coordinates": [[24.933865, 37.393259], [24.933921, 37.393247], [24.933959, 37.393229], [24.933977, 37.393214], [24.934013, 37.393183], [24.934033, 37.393167], [24.934075, 37.393138], [24.934089, 37.393128], [24.934133, 37.393092], [24.934145, 37.393083], [24.934174, 37.393047], [24.9342, 37.393006], [24.934204, 37.393001], [24.934236, 37.392956], [24.934256, 37.392931], [24.934273, 37.392911], [24.934296, 37.392865], [24.934311, 37.392829], [24.934318, 37.39282], [24.934366, 37.392775], [24.934367, 37.39277], [24.934374, 37.392729], [24.934366, 37.392724], [24.93431, 37.3927], [24.934253, 37.392689], [24.934197, 37.392698], [24.93414, 37.39269], [24.9341, 37.392687], [24.934083, 37.392685], [24.934027, 37.392678], [24.93397, 37.392666], [24.933914, 37.392673], [24.933857, 37.392676]]}}, {"type": "Feature", "properties": {"elev": 80}, "geometry": {"type": "LineString", "coordinates": [[24.933867, 37.393442], [24.933923, 37.393435], [24.933979, 37.39341], [24.933983, 37.393409], [24.934036, 37.393386], [24.934088, 37.393363], [24.934092, 37.393361], [24.934148, 37.393336], [24.934184, 37.393317], [24.934204, 37.393308], [24.93426, 37.393286], [24.934279, 37.393271], [24.934316, 37.39325], [24.934369, 37.393225], [24.934373, 37.39322], [24.934381, 37.39318], [24.93441, 37.393135], [24.934424, 37.39309], [24.934427, 37.393081], [24.934453, 37.393044], [24.934483, 37.393013], [24.934488, 37.392999], [24.934523, 37.392954], [24.934539, 37.392939], [24.934571, 37.392908], [24.934595, 37.392888], [24.93462, 37.392863], [24.93465, 37.392817], [24.93465, 37.392817], [24.934685, 37.392772], [24.934706, 37.392748], [24.934728, 37.392727], [24.934762, 37.3927], [24.934818, 37.392689], [24.934875, 37.392687], [24.934931, 37.392684], [24.934953, 37.39268], [24.934987, 37.392673], [24.935044, 37.392654], [24.9351, 37.392644], [24.935157, 37.392644], [24.935181, 37.392633], [24.935213, 37.392612], [24.935242, 37.392587], [24.935236, 37.392542], [24.935211, 37.392519], [24.935185, 37.392498], [24.935155, 37.392482], [24.935098, 37.392456], [24.935092, 37.392453], [24.935041, 37.392424], [24.934994, 37.392409], [24.934984, 37.392405], [24.934927, 37.392386], [24.934871, 37.392373], [24.934848, 37.392365], [24.934814, 37.392356], [24.934757, 37.392334], [24.934719, 37.392321], [24.9347, 37.392316], [24.934644, 37.392293], [24.934616, 37.392277], [24.934587, 37.39226], [24.93453, 37.392238], [24.934502, 37.392233], [24.934473, 37.392226], [24.934417, 37.39222], [24.934369, 37.392188], [24.93436, 37.392184], [24.934303, 37.392177], [24.934246, 37.392157], [24.934221, 37.392145], [24.93419, 37.392134], [24.934133, 37.392127], [24.934076, 37.39211], [24.934021, 37.392101], [24.93402, 37.392101], [24.934011, 37.392101], [24.933963, 37.392103], [24.933907, 37.392119], [24.93386, 37.392147], [24.933851, 37.392153]]}}, {"type": "Feature", "properties": {"elev": 75}, "geometry": {"type": "LineString", "coordinates": [[24.933869, 37.393615], [24.933925, 37.393612], [24.933982, 37.393605], [24.934038, 37.393596], [24.934064, 37.393588], [24.934095, 37.393576], [24.934151, 37.393553], [24.934172, 37.393543], [24.934207, 37.393523], [24.934245, 37.393497], [24.934263, 37.393483], [24.934297, 37.393451], [24.934319, 37.393433], [24.934358, 37.393406], [24.934375, 37.393396], [24.934431, 37.393368], [24.934444, 37.39336], [24.934482, 37.393315], [24.934486, 37.393281], [24.934488, 37.39327], [24.934521, 37.393224], [24.934542, 37.393194], [24.934551, 37.393179], [24.934572, 37.393134], [24.934597, 37.393097], [24.934605, 37.393088], [24.934652, 37.393043], [24.934653, 37.393042], [24.934709, 37.393001], [24.934724, 37.392997], [24.934765, 37.392975], [24.934818, 37.392951], [24.934821, 37.392949], [24.934873, 37.392906], [24.934877, 37.392903], [24.934933, 37.392866], [24.934943, 37.39286], [24.934989, 37.39284], [24.935046, 37.39283], [24.935102, 37.392819], [24.935121, 37.392814], [24.935159, 37.392804], [24.935215, 37.392801], [24.935271, 37.392786], [24.935328, 37.39277], [24.935384, 37.392787], [24.935441, 37.392788], [24.935497, 37.392795], [24.935554, 37.392783], [24.935592, 37.392765], [24.93561, 37.392755], [24.935666, 37.392726], [24.935681, 37.392719], [24.935722, 37.392678], [24.935729, 37.392674], [24.935763, 37.392628], [24.93576, 37.392583], [24.935721, 37.392573], [24.935664, 37.392541], [24.935659, 37.392539], [24.935646, 37.392494], [24.935653, 37.392449], [24.935621, 37.392404], [24.935605, 37.392391], [24.935573, 37.392359], [24.935548, 37.392322], [24.935524, 37.392315], [24.935491, 37.39231], [24.935435, 37.392292], [24.935382, 37.392271], [24.935378, 37.392268], [24.935321, 37.392242], [24.935279, 37.392226], [24.935264, 37.392216], [24.935207, 37.392188], [24.935193, 37.392182], [24.935151, 37.392171], [24.935094, 37.392165], [24.935037, 37.392156], [24.934981, 37.39215], [24.934924, 37.392143], [24.934905, 37.392139], [24.934868, 37.392131], [24.934811, 37.392109], [24.934776, 37.392095], [24.934754, 37.392086], [24.934697, 37.39206], [24.934681, 37.392051], [24.93464, 37.392021], [24.934624, 37.392006], [24.934583, 37.391971], [24.934571, 37.391961], [24.934526, 37.391929], [24.934508, 37.391917], [24.934469, 37.391894], [24.934431, 37.391872], [24.934412, 37.391865], [24.934356, 37.391859], [24.934299, 37.391859], [24.934243, 37.391855], [24.934186, 37.39185], [24.93413, 37.391851], [24.934073, 37.391853], [24.934017, 37.391855], [24.93396, 37.391862], [24.933904, 37.391873], [24.933888, 37.391877]]}}, {"type": "Feature", "properties": {"elev": 70}, "geometry": {"type": "LineString", "coordinates": [[24.93387, 37.393703], [24.933927, 37.393703], [24.933983, 37.393697], [24.934039, 37.393689], [24.934096, 37.393679], [24.934099, 37.393678], [24.934152, 37.393668], [24.934208, 37.393637], [24.934215, 37.393632], [24.934264, 37.393601], [24.934295, 37.393587], [24.934321, 37.393574], [24.934359, 37.393541], [24.934376, 37.393519], [24.934403, 37.393496], [24.934432, 37.393478], [24.934483, 37.39345], [24.934488, 37.393447], [24.934544, 37.393409], [24.934549, 37.393404], [24.9346, 37.393366], [24.93461, 37.393359], [24.934656, 37.393323], [24.934667, 37.393313], [24.934712, 37.393276], [24.934728, 37.393268], [24.934748, 37.393222], [24.934768, 37.39318], [24.93477, 37.393177], [24.934824, 37.393147], [24.934863, 37.393131], [24.93488, 37.393125], [24.934936, 37.393086], [24.934936, 37.393086], [24.934992, 37.393057], [24.935049, 37.393046], [24.935069, 37.39304], [24.935105, 37.393008], [24.935129, 37.392994], [24.935161, 37.392984], [24.935217, 37.392989], [24.935274, 37.392976], [24.93533, 37.392965], [24.935387, 37.392969], [24.935443, 37.392965], [24.9355, 37.392977], [24.935556, 37.392975], [24.935613, 37.392963], [24.935648, 37.392945], [24.935669, 37.392934], [24.935725, 37.3929], [24.935727, 37.392899], [24.935781, 37.392863], [24.935795, 37.392853], [24.935837, 37.392821], [24.935853, 37.392808], [24.935893, 37.392777], [24.935911, 37.392762], [24.935949, 37.392724], [24.935955, 37.392717], [24.935991, 37.392672], [24.936004, 37.392654], [24.936025, 37.392626], [24.936052, 37.392581], [24.93606, 37.392564], [24.936082, 37.392536], [24.936115, 37.392508], [24.936153, 37.39249], [24.936172, 37.392476], [24.936204, 37.392444], [24.936227, 37.392425], [24.936265, 37.392399], [24.936283, 37.392388], [24.936317, 37.392353], [24.936339, 37.392336], [24.93637, 37.392308], [24.936395, 37.392289], [24.936429, 37.392262], [24.936451, 37.392244], [24.93648, 37.392217], [24.936507, 37.39219], [24.936528, 37.392171], [24.936527, 37.392126], [24.936506, 37.392105], [24.936484, 37.392082], [24.936478, 37.392037], [24.936499, 37.391991], [24.936462, 37.391946], [24.936447, 37.391939], [24.93639, 37.391909], [24.936376, 37.391902], [24.936334, 37.391886], [24.936277, 37.391876], [24.936221, 37.391881], [24.936164, 37.391883], [24.936108, 37.391889], [24.936051, 37.391893], [24.935995, 37.391897], [24.935945, 37.391906], [24.935938, 37.391907], [24.935882, 37.391923], [24.935826, 37.391933], [24.935769, 37.391949], [24.935759, 37.391952], [24.935713, 37.391968], [24.935657, 37.391978], [24.9356, 37.391983], [24.935544, 37.391993], [24.935505, 37.391999], [24.935488, 37.392002], [24.935431, 37.392008], [24.935375, 37.392016], [24.935318, 37.392023], [24.935262, 37.392027], [24.935205, 37.392029], [24.935149, 37.392026], [24.935092, 37.392017], [24.935036, 37.392007], [24.935022, 37.392003], [24.934979, 37.391989], [24.934922, 37.391971], [24.934897, 37.391959], [24.934865, 37.391944], [24.934811, 37.391914], [24.934808, 37.391913], [24.934751, 37.391876], [24.934743, 37.39187], [24.934694, 37.391838], [24.934679, 37.391825], [24.934637, 37.391788], [24.934626, 37.391781], [24.93458, 37.391754], [24.934524, 37.391738], [24.934519, 37.391736], [24.934467, 37.391726], [24.934411, 37.391731], [24.934354, 37.391733], [24.934298, 37.391728], [24.934241, 37.391726], [24.934185, 37.391729], [24.934128, 37.39173], [24.934072, 37.391728], [24.934015, 37.39173], [24.933959, 37.391738], [24.933942, 37.391741], [24.933902, 37.391747]]}}, {"type": "Feature", "properties": {"elev": 65}, "geometry": {"type": "LineString", "coordinates": [[24.933816, 37.393868], [24.933872, 37.393868], [24.933929, 37.393867], [24.933985, 37.393861], [24.933999, 37.393859], [24.934041, 37.393854], [24.934098, 37.393849], [24.934154, 37.393846], [24.934211, 37.393832], [24.934266, 37.393812], [24.934267, 37.393812], [24.934318, 37.393767], [24.934323, 37.393761], [24.934379, 37.393732], [24.934409, 37.393721], [24.934435, 37.393708], [24.934481, 37.393675], [24.934491, 37.393666], [24.934529, 37.39363], [24.934547, 37.393606], [24.93457, 37.393584], [24.934603, 37.393556], [24.934645, 37.393539], [24.934659, 37.393528], [24.934699, 37.393493], [24.934715, 37.393449], [24.934715, 37.393448], [24.93477, 37.393404], [24.93478, 37.393402], [24.934812, 37.393357], [24.934826, 37.393349], [24.93486, 37.393312], [24.934882, 37.39328], [24.934895, 37.393266], [24.934938, 37.393238], [24.934994, 37.393223], [24.935017, 37.39322], [24.935051, 37.393206], [24.935067, 37.393175], [24.935106, 37.39316], [24.935163, 37.393144], [24.935219, 37.393135], [24.935276, 37.39313], [24.935332, 37.393128], [24.935341, 37.393128], [24.935389, 37.393125], [24.935445, 37.393123], [24.935501, 37.393116], [24.935558, 37.393102], [24.935614, 37.393088], [24.935647, 37.39308], [24.93567, 37.393073], [24.935727, 37.393055], [24.935783, 37.393036], [24.935787, 37.393034], [24.935839, 37.393005], [24.935875, 37.392988], [24.935895, 37.392972], [24.935933, 37.392943], [24.935951, 37.392926], [24.935992, 37.392897], [24.936007, 37.392886], [24.936053, 37.392851], [24.936063, 37.392843], [24.936115, 37.392806], [24.936119, 37.392802], [24.936157, 37.39276], [24.936175, 37.392747], [24.936221, 37.392715], [24.936231, 37.392707], [24.936277, 37.392669], [24.936287, 37.392661], [24.936333, 37.392624], [24.936343, 37.392613], [24.936371, 37.392578], [24.936398, 37.392546], [24.936412, 37.392533], [24.936454, 37.392489], [24.936455, 37.392488], [24.936503, 37.392442], [24.93651, 37.392436], [24.936561, 37.392397], [24.936566, 37.392393], [24.936622, 37.392357], [24.936631, 37.392351], [24.936678, 37.392314], [24.936689, 37.392305], [24.936734, 37.392263], [24.936737, 37.39226], [24.93679, 37.392215], [24.936791, 37.392214], [24.936835, 37.392169], [24.936846, 37.392155], [24.936892, 37.392123], [24.936902, 37.392119], [24.936958, 37.392091], [24.936977, 37.392078], [24.936965, 37.392033], [24.936957, 37.392024], [24.9369, 37.391988], [24.9369, 37.391988], [24.936853, 37.391943], [24.936843, 37.391938], [24.936786, 37.391902], [24.936782, 37.391899], [24.936729, 37.391866], [24.936703, 37.391854], [24.936672, 37.391838], [24.936615, 37.391817], [24.936577, 37.39181], [24.936559, 37.391805], [24.936502, 37.391773], [24.936489, 37.391766], [24.936445, 37.391746], [24.936389, 37.391754], [24.936332, 37.391751], [24.936275, 37.391745], [24.936219, 37.39174], [24.936162, 37.391743], [24.936106, 37.391751], [24.93605, 37.391754], [24.935993, 37.391759], [24.935937, 37.391768], [24.935917, 37.39177], [24.93588, 37.391776], [24.935824, 37.39179], [24.935768, 37.391811], [24.935747, 37.391817], [24.935711, 37.391831], [24.935655, 37.391846], [24.935599, 37.391855], [24.935542, 37.391858], [24.935486, 37.391862], [24.935429, 37.391861], [24.935373, 37.391862], [24.935326, 37.391865], [24.935316, 37.391866], [24.9353, 37.391866], [24.93526, 37.391864], [24.935203, 37.391866], [24.935147, 37.391865], [24.93509, 37.391857], [24.935034, 37.391845], [24.934977, 37.391824], [24.934974, 37.391823], [24.93492, 37.391798], [24.934883, 37.391779], [24.934863, 37.391767], [24.934811, 37.391734], [24.934806, 37.391732], [24.934749, 37.391695], [24.934742, 37.39169], [24.934692, 37.391655], [24.934669, 37.391645], [24.934635, 37.391636], [24.934579, 37.391623], [24.934522, 37.391613], [24.934466, 37.391605], [24.934445, 37.391602], [24.934409, 37.391597], [24.934352, 37.391594], [24.934296, 37.391595], [24.934239, 37.391594], [24.934183, 37.391591], [24.934126, 37.39159], [24.93407, 37.391592], [24.934013, 37.391596], [24.933957, 37.391603], [24.933939, 37.391606], [24.933901, 37.391613]]}}, {"type": "Feature", "properties": {"elev": 60}, "geometry": {"type": "LineString", "coordinates": [[24.933817, 37.393963], [24.933873, 37.393963], [24.93393, 37.393964], [24.933986, 37.393958], [24.934038, 37.393949], [24.934043, 37.393949], [24.934099, 37.393944], [24.934156, 37.39394], [24.934212, 37.393927], [24.934268, 37.393907], [24.934277, 37.393902], [24.934324, 37.39388], [24.934357, 37.393857], [24.93438, 37.393841], [24.934432, 37.393811], [24.934436, 37.393808], [24.934493, 37.39378], [24.934528, 37.393765], [24.934549, 37.393756], [24.934605, 37.393722], [24.934608, 37.393719], [24.934661, 37.393676], [24.934663, 37.393674], [24.934717, 37.393631], [24.93472, 37.393628], [24.934773, 37.393601], [24.934806, 37.393583], [24.934829, 37.39356], [24.934849, 37.393537], [24.93488, 37.393492], [24.934885, 37.393489], [24.934931, 37.393446], [24.93494, 37.393438], [24.934997, 37.393412], [24.935028, 37.393401], [24.935053, 37.39339], [24.935109, 37.393357], [24.935115, 37.393355], [24.935165, 37.39334], [24.935221, 37.393319], [24.935247, 37.393309], [24.935278, 37.393301], [24.935334, 37.393295], [24.935391, 37.393286], [24.935447, 37.393281], [24.935503, 37.393276], [24.93556, 37.393271], [24.935616, 37.393267], [24.935646, 37.39326], [24.935673, 37.393248], [24.935729, 37.393223], [24.935759, 37.393214], [24.935728, 37.39319], [24.935714, 37.39317], [24.935728, 37.393163], [24.935773, 37.393124], [24.935784, 37.39312], [24.93584, 37.393107], [24.935897, 37.393082], [24.935899, 37.393078], [24.935953, 37.393042], [24.935964, 37.393032], [24.936009, 37.393008], [24.936045, 37.392987], [24.936065, 37.392973], [24.936113, 37.392941], [24.936121, 37.392936], [24.936177, 37.39291], [24.936214, 37.392895], [24.936233, 37.392885], [24.936289, 37.39285], [24.936291, 37.39285], [24.936345, 37.392807], [24.93635, 37.392804], [24.936401, 37.392772], [24.936423, 37.392758], [24.936457, 37.392729], [24.936475, 37.392713], [24.936513, 37.392675], [24.93652, 37.392667], [24.93656, 37.392622], [24.936569, 37.392616], [24.936625, 37.392591], [24.936644, 37.392576], [24.936681, 37.392538], [24.936687, 37.392531], [24.936737, 37.392485], [24.936737, 37.392485], [24.936793, 37.392443], [24.936797, 37.39244], [24.936849, 37.392398], [24.936854, 37.392394], [24.936905, 37.392359], [24.936919, 37.392349], [24.936961, 37.39232], [24.936986, 37.392303], [24.937017, 37.392282], [24.937045, 37.392257], [24.937072, 37.392223], [24.937085, 37.392212], [24.937128, 37.392183], [24.937152, 37.392166], [24.937184, 37.392121], [24.937184, 37.392117], [24.937188, 37.392076], [24.937184, 37.392031], [24.937183, 37.392027], [24.937169, 37.391986], [24.937165, 37.391941], [24.937171, 37.391896], [24.937172, 37.391851], [24.937173, 37.391806], [24.937168, 37.391761], [24.937132, 37.391716], [24.937123, 37.391711], [24.937066, 37.391691], [24.937009, 37.391679], [24.936965, 37.391672], [24.936953, 37.39167], [24.936896, 37.391667], [24.936839, 37.39165], [24.936783, 37.391633], [24.936771, 37.391628], [24.936726, 37.391614], [24.936669, 37.391601], [24.936613, 37.39159], [24.936588, 37.391585], [24.936556, 37.391578], [24.936499, 37.391572], [24.936443, 37.391572], [24.936386, 37.391562], [24.93633, 37.39156], [24.936273, 37.391564], [24.936217, 37.391573], [24.93616, 37.391587], [24.936158, 37.391588], [24.936104, 37.391601], [24.936048, 37.391615], [24.935992, 37.391632], [24.935983, 37.391635], [24.935935, 37.391647], [24.935879, 37.391661], [24.935823, 37.391673], [24.935769, 37.391681], [24.935766, 37.391682], [24.93571, 37.391697], [24.935653, 37.391708], [24.935597, 37.391718], [24.935541, 37.391724], [24.935496, 37.391729], [24.935484, 37.39173], [24.935428, 37.391736], [24.935371, 37.391736], [24.935315, 37.391735], [24.935258, 37.391732], [24.935249, 37.391731], [24.935202, 37.391724], [24.935145, 37.391718], [24.935088, 37.391695], [24.935069, 37.391687], [24.935031, 37.391672], [24.934975, 37.39165], [24.934957, 37.391643], [24.934918, 37.391627], [24.934861, 37.391602], [24.934853, 37.391599], [24.934804, 37.391579], [24.934747, 37.391556], [24.934744, 37.391554], [24.934691, 37.391532], [24.934634, 37.391517], [24.934605, 37.39151], [24.934577, 37.391502], [24.934521, 37.391489], [24.934464, 37.391477], [24.934407, 37.391475], [24.934351, 37.391475], [24.934294, 37.391476], [24.934238, 37.391476], [24.934181, 37.391474], [24.934125, 37.391473], [24.934068, 37.391475], [24.934012, 37.391478], [24.933956, 37.391481], [24.933899, 37.391485]]}}, {"type": "Feature", "properties": {"elev": 55}, "geometry": {"type": "LineString", "coordinates": [[24.933818, 37.394097], [24.933875, 37.394096], [24.933931, 37.394093], [24.933988, 37.394086], [24.933998, 37.394085], [24.934044, 37.394078], [24.934101, 37.394067], [24.934157, 37.394056], [24.934213, 37.394046], [24.934262, 37.394038], [24.93427, 37.394036], [24.934326, 37.394013], [24.934352, 37.393992], [24.934382, 37.393966], [24.934409, 37.393946], [24.934438, 37.393927], [24.934485, 37.393901], [24.934494, 37.393896], [24.93455, 37.393876], [24.934607, 37.393856], [24.934609, 37.393855], [24.934663, 37.393822], [24.934683, 37.393809], [24.934719, 37.393783], [24.934745, 37.393763], [24.934775, 37.393741], [24.934822, 37.393718], [24.934831, 37.393714], [24.934887, 37.393681], [24.9349, 37.393672], [24.934943, 37.393641], [24.934975, 37.393626], [24.934999, 37.393614], [24.935055, 37.393586], [24.935066, 37.393581], [24.935111, 37.393553], [24.935147, 37.393535], [24.935167, 37.393525], [24.935224, 37.393497], [24.93524, 37.393489], [24.93528, 37.393465], [24.935315, 37.393443], [24.935336, 37.393432], [24.935392, 37.393405], [24.935417, 37.393397], [24.935448, 37.393388], [24.935505, 37.393381], [24.935561, 37.393374], [24.935618, 37.393365], [24.935648, 37.393351], [24.935674, 37.393343], [24.93573, 37.393322], [24.935772, 37.393304], [24.935786, 37.3933], [24.935843, 37.393281], [24.935899, 37.393262], [24.935904, 37.393258], [24.935952, 37.393213], [24.935955, 37.393211], [24.936011, 37.393192], [24.936067, 37.393167], [24.936067, 37.393167], [24.936123, 37.393122], [24.936124, 37.393121], [24.936179, 37.393092], [24.936236, 37.393078], [24.936244, 37.393075], [24.936292, 37.393046], [24.93631, 37.39303], [24.93633, 37.392984], [24.936347, 37.392974], [24.936404, 37.39296], [24.936435, 37.392939], [24.936435, 37.392893], [24.936459, 37.392855], [24.936467, 37.392848], [24.936515, 37.392824], [24.936558, 37.392802], [24.936571, 37.392795], [24.936599, 37.392757], [24.936627, 37.39274], [24.936666, 37.392711], [24.936683, 37.392698], [24.936719, 37.392666], [24.936739, 37.392647], [24.936774, 37.39262], [24.936795, 37.392598], [24.936815, 37.392575], [24.936851, 37.392551], [24.936897, 37.392529], [24.936907, 37.392524], [24.936963, 37.392493], [24.936976, 37.392483], [24.937019, 37.392451], [24.937045, 37.392438], [24.937075, 37.392423], [24.937124, 37.392392], [24.937131, 37.392385], [24.937166, 37.392347], [24.937187, 37.392325], [24.937216, 37.392301], [24.937243, 37.39228], [24.937272, 37.392256], [24.937299, 37.392231], [24.937318, 37.39221], [24.93735, 37.392165], [24.937354, 37.392157], [24.937378, 37.39212], [24.937404, 37.392074], [24.937409, 37.392055], [24.937417, 37.392029], [24.937417, 37.391984], [24.937408, 37.391956], [24.937403, 37.391939], [24.937394, 37.391894], [24.937395, 37.391849], [24.937383, 37.391804], [24.937371, 37.391759], [24.937351, 37.391714], [24.937349, 37.391705], [24.937334, 37.391669], [24.937313, 37.391624], [24.937291, 37.391604], [24.937268, 37.391579], [24.937234, 37.391556], [24.937193, 37.391535], [24.937177, 37.391525], [24.93712, 37.391494], [24.937107, 37.391491], [24.937063, 37.391481], [24.937007, 37.391479], [24.93695, 37.391475], [24.936894, 37.391472], [24.936837, 37.391471], [24.936781, 37.391467], [24.936724, 37.391458], [24.936667, 37.391451], [24.936652, 37.391449], [24.936611, 37.391444], [24.936554, 37.391436], [24.936497, 37.391425], [24.936441, 37.391407], [24.936384, 37.391407], [24.936376, 37.391406], [24.936328, 37.391403], [24.936271, 37.391403], [24.936221, 37.391407], [24.936215, 37.391408], [24.936158, 37.39141], [24.936102, 37.391428], [24.936046, 37.391444], [24.936019, 37.391454], [24.935989, 37.391466], [24.935933, 37.391487], [24.935899, 37.3915], [24.935877, 37.391512], [24.935821, 37.391537], [24.9358, 37.391546], [24.935765, 37.391563], [24.935708, 37.391583], [24.935665, 37.391592], [24.935652, 37.391594], [24.935596, 37.391602], [24.935539, 37.391605], [24.935483, 37.391609], [24.935426, 37.391614], [24.93537, 37.391616], [24.935313, 37.39161], [24.935257, 37.391603], [24.935222, 37.391596], [24.9352, 37.391591], [24.935143, 37.391575], [24.935087, 37.391557], [24.935072, 37.391552], [24.93503, 37.391536], [24.934973, 37.39151], [24.934967, 37.391507], [24.934916, 37.391486], [24.934859, 37.391464], [24.934857, 37.391463], [24.934803, 37.391441], [24.934753, 37.391419], [24.934746, 37.391416], [24.934689, 37.391395], [24.934638, 37.391375], [24.934632, 37.391373], [24.934575, 37.391355], [24.934519, 37.391345], [24.934462, 37.391338], [24.934406, 37.391333], [24.934351, 37.391332], [24.934349, 37.391332], [24.934293, 37.391332], [24.934236, 37.391333], [24.93418, 37.391332], [24.934123, 37.39133], [24.934067, 37.391332], [24.934032, 37.391335], [24.93401, 37.391336], [24.933954, 37.391341], [24.933897, 37.391347]]}}, {"type": "Feature", "properties": {"elev": 50}, "geometry": {"type": "LineString", "coordinates": [[24.93382, 37.394239], [24.933877, 37.394231], [24.933933, 37.394222], [24.933942, 37.394221], [24.933989, 37.394214], [24.934046, 37.394206], [24.934102, 37.394196], [24.934159, 37.394185], [24.934207, 37.394173], [24.934215, 37.394172], [24.934271, 37.394157], [24.934328, 37.394143], [24.934377, 37.394127], [24.934384, 37.394124], [24.93444, 37.394082], [24.93444, 37.394081], [24.934496, 37.394041], [24.934507, 37.394036], [24.934552, 37.394018], [24.934608, 37.394004], [24.934633, 37.39399], [24.934664, 37.393973], [24.934706, 37.393944], [24.934721, 37.393934], [24.934777, 37.393908], [24.934792, 37.393898], [24.934833, 37.393863], [24.934848, 37.393853], [24.934889, 37.393828], [24.934934, 37.393807], [24.934945, 37.393802], [24.935001, 37.393783], [24.935058, 37.393776], [24.935094, 37.393761], [24.935114, 37.39375], [24.935161, 37.393715], [24.93517, 37.39371], [24.935226, 37.393678], [24.935246, 37.393669], [24.935282, 37.393653], [24.935338, 37.393627], [24.935348, 37.393623], [24.935394, 37.393604], [24.935451, 37.393579], [24.935454, 37.393577], [24.935507, 37.393554], [24.935555, 37.393532], [24.935563, 37.393528], [24.935619, 37.393506], [24.935675, 37.393486], [24.935676, 37.393485], [24.935732, 37.393459], [24.935768, 37.39344], [24.935788, 37.393429], [24.935844, 37.393404], [24.935864, 37.393394], [24.9359, 37.393374], [24.935944, 37.393348], [24.935956, 37.393343], [24.936012, 37.393308], [24.936021, 37.393302], [24.936068, 37.393275], [24.936096, 37.393257], [24.936125, 37.393243], [24.936177, 37.393211], [24.936181, 37.393209], [24.936237, 37.393176], [24.936258, 37.393165], [24.936293, 37.393151], [24.936349, 37.39313], [24.936372, 37.393119], [24.936405, 37.393104], [24.936458, 37.393074], [24.936461, 37.393071], [24.936518, 37.393041], [24.936543, 37.393028], [24.936574, 37.393011], [24.936625, 37.392982], [24.93663, 37.392978], [24.936686, 37.392945], [24.936699, 37.392936], [24.936742, 37.392909], [24.936774, 37.392891], [24.936798, 37.392864], [24.936814, 37.392845], [24.936854, 37.392819], [24.936889, 37.3928], [24.93691, 37.392785], [24.936941, 37.392754], [24.936966, 37.392723], [24.936977, 37.392709], [24.936969, 37.392664], [24.936965, 37.392657], [24.936955, 37.392619], [24.936964, 37.392613], [24.937021, 37.392595], [24.937074, 37.392573], [24.937077, 37.392571], [24.937102, 37.392528], [24.937132, 37.3925], [24.937154, 37.392482], [24.937188, 37.392461], [24.937245, 37.392437], [24.937245, 37.392436], [24.93726, 37.392391], [24.9373, 37.392366], [24.937338, 37.392345], [24.937356, 37.392334], [24.937401, 37.3923], [24.937412, 37.39229], [24.937468, 37.392255], [24.937469, 37.392254], [24.937494, 37.392209], [24.937524, 37.39218], [24.937543, 37.392163], [24.93758, 37.392121], [24.937582, 37.392118], [24.937592, 37.392073], [24.937609, 37.392028], [24.937634, 37.391982], [24.937634, 37.391981], [24.937667, 37.391937], [24.93769, 37.391912], [24.937743, 37.391891], [24.937746, 37.391888], [24.937798, 37.391846], [24.937746, 37.391826], [24.937717, 37.391801], [24.937696, 37.391756], [24.937745, 37.391743], [24.937801, 37.391741], [24.937857, 37.39173], [24.937914, 37.391735], [24.937971, 37.391743], [24.938027, 37.391739], [24.938058, 37.391754], [24.938074, 37.391798], [24.938084, 37.39181], [24.938141, 37.391834], [24.938165, 37.391843], [24.938198, 37.391851], [24.938235, 37.391887], [24.938255, 37.391902], [24.938288, 37.391932], [24.938312, 37.391948], [24.938369, 37.391976], [24.938369, 37.391976], [24.938426, 37.391997], [24.938482, 37.391988], [24.938508, 37.391975], [24.938538, 37.391959], [24.938595, 37.391941], [24.938646, 37.391929], [24.938651, 37.391928], [24.938706, 37.391884], [24.938707, 37.391883], [24.938741, 37.391838], [24.938762, 37.391802], [24.938771, 37.391793], [24.938818, 37.391766], [24.938875, 37.391755], [24.938931, 37.39175], [24.938988, 37.391755], [24.939044, 37.391761], [24.939101, 37.39177], [24.939158, 37.391775], [24.939214, 37.391776], [24.939271, 37.391775], [24.939327, 37.39178], [24.939384, 37.391787], [24.939393, 37.391788], [24.93944, 37.391793], [24.939497, 37.391796], [24.939553, 37.391794], [24.93961, 37.391794], [24.939666, 37.391793], [24.939723, 37.391788], [24.939779, 37.391788], [24.939836, 37.391788], [24.939892, 37.391787], [24.939924, 37.391784], [24.939949, 37.39178], [24.940005, 37.391764], [24.940061, 37.391761], [24.940118, 37.391756], [24.940174, 37.391761], [24.940231, 37.391772], [24.940288, 37.391779], [24.94031, 37.391781], [24.940344, 37.391783], [24.940401, 37.391787], [24.940457, 37.391785], [24.940514, 37.391788], [24.94057, 37.391796], [24.940627, 37.391807], [24.940684, 37.39182], [24.940695, 37.391823], [24.94074, 37.391834], [24.940797, 37.391843], [24.940854, 37.391859], [24.940884, 37.391866], [24.94091, 37.391874], [24.940967, 37.391901], [24.940984, 37.391911], [24.941024, 37.391933], [24.941062, 37.391955], [24.941081, 37.391967], [24.941134, 37.392], [24.941138, 37.392002], [24.941195, 37.392032], [24.941218, 37.392044], [24.941252, 37.392061], [24.941304, 37.392088], [24.941309, 37.39209], [24.941365, 37.392119], [24.941394, 37.392133], [24.941422, 37.392146], [24.941479, 37.39217], [24.941494, 37.392177], [24.941536, 37.392196], [24.941588, 37.392221], [24.941593, 37.392224], [24.94165, 37.392245], [24.941699, 37.392266], [24.941706, 37.392269], [24.941763, 37.392289], [24.94182, 37.392305], [24.941876, 37.392308], [24.941933, 37.392304], [24.941966, 37.392309], [24.941989, 37.392314], [24.942046, 37.392314], [24.942081, 37.392308], [24.942102, 37.392304], [24.942159, 37.392288], [24.942215, 37.392268], [24.942228, 37.392261], [24.942271, 37.392235], [24.942294, 37.392216], [24.942327, 37.392179], [24.942333, 37.39217], [24.942371, 37.392125], [24.942382, 37.39211], [24.94241, 37.39208], [24.942438, 37.392042], [24.942443, 37.392034], [24.942457, 37.391989], [24.942471, 37.391944], [24.942484, 37.391899], [24.94249, 37.391854], [24.942492, 37.39183], [24.942493, 37.391808], [24.942494, 37.391763], [24.942491, 37.391734], [24.942489, 37.391718], [24.942483, 37.391673], [24.942474, 37.391628], [24.942462, 37.391583], [24.942447, 37.391538], [24.942431, 37.391497], [24.94243, 37.391493], [24.942407, 37.391448], [24.942379, 37.391404], [24.942374, 37.391397], [24.942333, 37.391359], [24.942316, 37.39134], [24.942298, 37.391314], [24.942259, 37.39127], [24.942258, 37.391269], [24.942219, 37.391225], [24.942202, 37.391207], [24.942174, 37.39118], [24.942144, 37.391146], [24.942135, 37.391135], [24.942097, 37.39109], [24.942087, 37.391078], [24.942061, 37.391045], [24.94203, 37.391006], [24.942025, 37.391001], [24.941996, 37.390956], [24.941972, 37.390914], [24.94197, 37.390911], [24.941933, 37.390866], [24.941915, 37.390843], [24.941895, 37.390821], [24.941868, 37.390776], [24.941857, 37.390763], [24.941834, 37.390732], [24.9418, 37.39069], [24.941796, 37.390687], [24.941767, 37.390642], [24.941742, 37.390612], [24.941726, 37.390597], [24.941692, 37.390552], [24.941685, 37.390542], [24.941657, 37.390508], [24.941627, 37.390478], [24.941612, 37.390463], [24.941577, 37.390418], [24.94157, 37.390406], [24.941548, 37.390373], [24.941513, 37.390333], [24.941508, 37.390329], [24.941473, 37.390284], [24.941455, 37.390263], [24.94142, 37.390239], [24.941398, 37.390229], [24.941342, 37.390209], [24.941297, 37.390195], [24.941285, 37.390191], [24.941228, 37.390177], [24.941172, 37.390175], [24.941115, 37.390176], [24.941059, 37.390177], [24.941002, 37.390179], [24.940946, 37.390188], [24.940889, 37.390197], [24.940882, 37.390198], [24.940833, 37.390204], [24.940777, 37.39021], [24.94072, 37.390219], [24.940664, 37.390227], [24.940607, 37.390237], [24.940553, 37.390246], [24.940551, 37.390246], [24.940495, 37.390254], [24.940438, 37.390261], [24.940382, 37.390267], [24.940325, 37.390278], [24.940278, 37.390293], [24.940269, 37.390296], [24.940213, 37.39031], [24.940156, 37.390321], [24.9401, 37.390339], [24.940099, 37.39034], [24.940044, 37.390361], [24.939988, 37.390385], [24.939987, 37.390386], [24.939932, 37.390422], [24.939919, 37.390431], [24.939876, 37.390466], [24.939857, 37.390477], [24.93982, 37.390495], [24.939765, 37.390523], [24.939763, 37.390523], [24.939707, 37.390552], [24.939683, 37.390568], [24.939651, 37.390589], [24.93961, 37.390614], [24.939595, 37.390622], [24.939539, 37.390658], [24.939537, 37.39066], [24.939483, 37.390695], [24.939468, 37.390705], [24.939427, 37.390736], [24.939408, 37.390751], [24.939371, 37.39078], [24.93935, 37.390797], [24.939315, 37.390824], [24.939291, 37.390842], [24.939259, 37.390864], [24.939221, 37.390888], [24.939203, 37.390898], [24.939147, 37.390928], [24.939137, 37.390933], [24.939091, 37.390955], [24.939035, 37.390979], [24.939035, 37.39098], [24.938978, 37.391004], [24.938937, 37.391025], [24.938922, 37.391036], [24.938871, 37.391071], [24.938866, 37.391078], [24.938829, 37.391116], [24.93881, 37.39113], [24.938766, 37.391162], [24.938754, 37.391172], [24.938705, 37.391207], [24.938698, 37.391212], [24.938642, 37.391246], [24.938625, 37.391253], [24.938586, 37.391271], [24.93853, 37.391297], [24.938524, 37.391299], [24.938474, 37.391316], [24.938417, 37.391335], [24.938361, 37.391343], [24.938345, 37.391345], [24.938305, 37.391358], [24.938248, 37.39136], [24.938192, 37.391361], [24.938135, 37.391356], [24.938079, 37.391363], [24.938037, 37.391393], [24.938023, 37.391408], [24.937991, 37.391438], [24.937975, 37.391484], [24.937968, 37.391502], [24.937926, 37.391529], [24.937912, 37.39157], [24.937887, 37.391529], [24.937855, 37.391524], [24.937798, 37.39152], [24.937742, 37.391518], [24.937699, 37.391531], [24.937685, 37.391533], [24.937675, 37.391531], [24.937629, 37.391511], [24.937613, 37.391487], [24.937571, 37.391454], [24.937532, 37.391442], [24.937515, 37.391439], [24.937458, 37.391428], [24.937401, 37.391408], [24.937381, 37.391398], [24.937345, 37.391387], [24.937288, 37.391378], [24.937231, 37.391367], [24.937175, 37.391356], [24.937167, 37.391355], [24.937118, 37.391347], [24.937061, 37.391339], [24.937005, 37.391327], [24.936948, 37.391319], [24.936892, 37.391315], [24.936867, 37.391312], [24.936835, 37.391309], [24.9368, 37.391313], [24.936779, 37.391316], [24.936722, 37.391321], [24.936666, 37.391323], [24.936609, 37.391322], [24.936553, 37.39132], [24.936496, 37.39132], [24.93644, 37.391325], [24.936383, 37.391317], [24.936376, 37.391316], [24.936326, 37.391306], [24.93627, 37.391299], [24.936213, 37.391299], [24.936157, 37.391306], [24.936101, 37.391317], [24.936093, 37.391318], [24.936044, 37.391328], [24.935988, 37.391344], [24.935932, 37.391362], [24.935924, 37.391365], [24.935875, 37.391379], [24.935819, 37.391396], [24.935767, 37.391411], [24.935763, 37.391412], [24.935706, 37.391428], [24.93565, 37.391445], [24.935594, 37.391455], [24.935573, 37.391458], [24.935537, 37.391462], [24.935481, 37.391466], [24.935424, 37.391468], [24.935368, 37.391469], [24.935311, 37.391467], [24.935255, 37.391463], [24.935239, 37.39146], [24.935198, 37.391453], [24.935142, 37.391437], [24.935095, 37.391416], [24.935085, 37.391412], [24.935028, 37.391393], [24.934971, 37.391374], [24.934967, 37.391372], [24.934914, 37.39135], [24.934858, 37.391328], [24.934858, 37.391328], [24.934801, 37.391311], [24.934744, 37.391289], [24.934731, 37.391284], [24.934687, 37.391267], [24.934631, 37.391246], [24.934607, 37.39124], [24.934574, 37.391231], [24.934517, 37.391223], [24.934461, 37.391219], [24.934404, 37.391216], [24.934348, 37.391213], [24.934291, 37.391215], [24.934235, 37.391211], [24.934178, 37.391206], [24.934122, 37.391201], [24.934065, 37.391199], [24.934009, 37.3912], [24.933952, 37.391202], [24.933896, 37.391206]]}}, {"type": "Feature", "properties": {"elev": 45}, "geometry": {"type": "LineString", "coordinates": [[24.933822, 37.39442], [24.933879, 37.394413], [24.93393, 37.394401], [24.933935, 37.394399], [24.933991, 37.394376], [24.934047, 37.394355], [24.934048, 37.394355], [24.934104, 37.394334], [24.93416, 37.394322], [24.934209, 37.394309], [24.934217, 37.394306], [24.934273, 37.394288], [24.934329, 37.39427], [24.934361, 37.394262], [24.934385, 37.394257], [24.934442, 37.394236], [24.93449, 37.394216], [24.934498, 37.394212], [24.934554, 37.394195], [24.934588, 37.39417], [24.93461, 37.394149], [24.934666, 37.394129], [24.934678, 37.394125], [24.934723, 37.394113], [24.934779, 37.394102], [24.934822, 37.394078], [24.934835, 37.394064], [24.934882, 37.394033], [24.934891, 37.394029], [24.934947, 37.393996], [24.934978, 37.393987], [24.935004, 37.393973], [24.935034, 37.393941], [24.935059, 37.393926], [24.935116, 37.3939], [24.935128, 37.393896], [24.935172, 37.393878], [24.935228, 37.393858], [24.935247, 37.39385], [24.935284, 37.393831], [24.935331, 37.393804], [24.93534, 37.393799], [24.935397, 37.393772], [24.935432, 37.393758], [24.935453, 37.39375], [24.935509, 37.393714], [24.935512, 37.393712], [24.935565, 37.393684], [24.935611, 37.393666], [24.935621, 37.393663], [24.935677, 37.393642], [24.935731, 37.39362], [24.935734, 37.393619], [24.93579, 37.393591], [24.93582, 37.393575], [24.935846, 37.39356], [24.935902, 37.393529], [24.935902, 37.393529], [24.935958, 37.393503], [24.935992, 37.393483], [24.936014, 37.39347], [24.936067, 37.393437], [24.93607, 37.393435], [24.936127, 37.393405], [24.936154, 37.393392], [24.936183, 37.393376], [24.936231, 37.393346], [24.936239, 37.393341], [24.936295, 37.393304], [24.936301, 37.3933], [24.936351, 37.393264], [24.936369, 37.393255], [24.936407, 37.393237], [24.93646, 37.393209], [24.936463, 37.393207], [24.936519, 37.393174], [24.93654, 37.393163], [24.936575, 37.393146], [24.936632, 37.393118], [24.936633, 37.393117], [24.936688, 37.393081], [24.936704, 37.393072], [24.936744, 37.393048], [24.936784, 37.393026], [24.9368, 37.393017], [24.936847, 37.39298], [24.936856, 37.392975], [24.936901, 37.392935], [24.936912, 37.392925], [24.936951, 37.392889], [24.936968, 37.392876], [24.937023, 37.392844], [24.937024, 37.392843], [24.937066, 37.392798], [24.937079, 37.392777], [24.937102, 37.392753], [24.937135, 37.392736], [24.93718, 37.392707], [24.937191, 37.392698], [24.937232, 37.392662], [24.937247, 37.392646], [24.937289, 37.392616], [24.937303, 37.3926], [24.937359, 37.392572], [24.937362, 37.392571], [24.937415, 37.392532], [24.937431, 37.392525], [24.937454, 37.39248], [24.937469, 37.392434], [24.937471, 37.392433], [24.937527, 37.392423], [24.937583, 37.392396], [24.937592, 37.392388], [24.937639, 37.392346], [24.937642, 37.392343], [24.937639, 37.392332], [24.937614, 37.392343], [24.937583, 37.392357], [24.937555, 37.392344], [24.937559, 37.392298], [24.937582, 37.392274], [24.937605, 37.392253], [24.937637, 37.392215], [24.937654, 37.392208], [24.937694, 37.392185], [24.937733, 37.392162], [24.93775, 37.392148], [24.937783, 37.392116], [24.937805, 37.392091], [24.937838, 37.392071], [24.937861, 37.392054], [24.937911, 37.392025], [24.937918, 37.392022], [24.937974, 37.392015], [24.938012, 37.392024], [24.938031, 37.392029], [24.938064, 37.392024], [24.938087, 37.392022], [24.9381, 37.392024], [24.938144, 37.392031], [24.9382, 37.39205], [24.938231, 37.392068], [24.938257, 37.392084], [24.938314, 37.392111], [24.938317, 37.392112], [24.938371, 37.392132], [24.938428, 37.392155], [24.938441, 37.392156], [24.938484, 37.39216], [24.938541, 37.392157], [24.938594, 37.392155], [24.938597, 37.392155], [24.938653, 37.392133], [24.93871, 37.392115], [24.93873, 37.392109], [24.938766, 37.392096], [24.938822, 37.392077], [24.93886, 37.392063], [24.938878, 37.392054], [24.938935, 37.392039], [24.938991, 37.392028], [24.939048, 37.39202], [24.939083, 37.392016], [24.939104, 37.392013], [24.93916, 37.392005], [24.939217, 37.391998], [24.939273, 37.391995], [24.93933, 37.391995], [24.939386, 37.391996], [24.939443, 37.391988], [24.939499, 37.391975], [24.939528, 37.391967], [24.939555, 37.391959], [24.939612, 37.39195], [24.939668, 37.391943], [24.939725, 37.391934], [24.939781, 37.391927], [24.939837, 37.391922], [24.939852, 37.39192], [24.939894, 37.391913], [24.93995, 37.391904], [24.940007, 37.391898], [24.940063, 37.391894], [24.94012, 37.391895], [24.940176, 37.391902], [24.940233, 37.391909], [24.940289, 37.391914], [24.940346, 37.391915], [24.940355, 37.391916], [24.940402, 37.391918], [24.940459, 37.391923], [24.940516, 37.39193], [24.940572, 37.391937], [24.940629, 37.391943], [24.940685, 37.391947], [24.940742, 37.391954], [24.940761, 37.391957], [24.940799, 37.391966], [24.940855, 37.391995], [24.940868, 37.392002], [24.940912, 37.392027], [24.940942, 37.392046], [24.940969, 37.392063], [24.941026, 37.39209], [24.941027, 37.392091], [24.941083, 37.392116], [24.941121, 37.392135], [24.94114, 37.392144], [24.941197, 37.392172], [24.941211, 37.392179], [24.941254, 37.392208], [24.941293, 37.392224], [24.94131, 37.39223], [24.941367, 37.392252], [24.94141, 37.392268], [24.941424, 37.392275], [24.941481, 37.392305], [24.941499, 37.392312], [24.941538, 37.392325], [24.941594, 37.392347], [24.941618, 37.392356], [24.941651, 37.392373], [24.941702, 37.392401], [24.941708, 37.392404], [24.941765, 37.39242], [24.941822, 37.392439], [24.941842, 37.392445], [24.941878, 37.392455], [24.941935, 37.392473], [24.941992, 37.392483], [24.942048, 37.392486], [24.942105, 37.392481], [24.942161, 37.392472], [24.942217, 37.392462], [24.942274, 37.392447], [24.942287, 37.392441], [24.94233, 37.392423], [24.942381, 37.392395], [24.942386, 37.392392], [24.942442, 37.392357], [24.942452, 37.39235], [24.942498, 37.392311], [24.942505, 37.392304], [24.942546, 37.392259], [24.942554, 37.39225], [24.942583, 37.392213], [24.942609, 37.392184], [24.942622, 37.392168], [24.942645, 37.392123], [24.942665, 37.392097], [24.942679, 37.392077], [24.942701, 37.392032], [24.94272, 37.391995], [24.942724, 37.391987], [24.942745, 37.391942], [24.942775, 37.391908], [24.942787, 37.391896], [24.94279, 37.391851], [24.942782, 37.391806], [24.942774, 37.391763], [24.942733, 37.391806], [24.942718, 37.391812], [24.942711, 37.391807], [24.942708, 37.391762], [24.942703, 37.391717], [24.942697, 37.391672], [24.942695, 37.391626], [24.942691, 37.391581], [24.942676, 37.391536], [24.94266, 37.391491], [24.942657, 37.391485], [24.942637, 37.391447], [24.942612, 37.391402], [24.942599, 37.391391], [24.942559, 37.391357], [24.942542, 37.39134], [24.942521, 37.391312], [24.942485, 37.391269], [24.942484, 37.391267], [24.942437, 37.391223], [24.942428, 37.391214], [24.94239, 37.391178], [24.942371, 37.391158], [24.942348, 37.391133], [24.942313, 37.391096], [24.942306, 37.391089], [24.942263, 37.391044], [24.942256, 37.391036], [24.942224, 37.390999], [24.942199, 37.390972], [24.942183, 37.390954], [24.942143, 37.39091], [24.942141, 37.390908], [24.942103, 37.390865], [24.942084, 37.390846], [24.94206, 37.39082], [24.942027, 37.390786], [24.942018, 37.390775], [24.941977, 37.390731], [24.94197, 37.390724], [24.941934, 37.390686], [24.941912, 37.39066], [24.941898, 37.390641], [24.941855, 37.390603], [24.94185, 37.390596], [24.941816, 37.390551], [24.941798, 37.390526], [24.941785, 37.390507], [24.941743, 37.390462], [24.94174, 37.390455], [24.941726, 37.390417], [24.941697, 37.390372], [24.941682, 37.390357], [24.941659, 37.390327], [24.941634, 37.390282], [24.941625, 37.39026], [24.941617, 37.390237], [24.941596, 37.390193], [24.941568, 37.390148], [24.941567, 37.390146], [24.941511, 37.390103], [24.94151, 37.390102], [24.941453, 37.390069], [24.941429, 37.390059], [24.941396, 37.390042], [24.941339, 37.390026], [24.941283, 37.390023], [24.941226, 37.390018], [24.941215, 37.390015], [24.94117, 37.390007], [24.941113, 37.390005], [24.941057, 37.390008], [24.941, 37.390017], [24.940998, 37.390017], [24.940944, 37.390029], [24.940887, 37.39004], [24.940831, 37.390053], [24.940775, 37.390061], [24.940735, 37.390064], [24.940718, 37.390069], [24.940662, 37.390084], [24.940606, 37.390097], [24.940549, 37.390109], [24.940542, 37.390111], [24.940493, 37.390118], [24.940437, 37.390126], [24.94038, 37.390133], [24.940324, 37.390146], [24.940278, 37.390158], [24.940267, 37.39016], [24.940211, 37.390174], [24.940155, 37.390185], [24.940098, 37.390197], [24.94008, 37.390205], [24.940042, 37.390222], [24.939986, 37.390248], [24.939982, 37.39025], [24.93993, 37.390277], [24.939896, 37.390296], [24.939874, 37.390311], [24.939841, 37.390342], [24.939818, 37.39036], [24.939784, 37.390387], [24.939762, 37.390402], [24.939714, 37.390433], [24.939706, 37.390437], [24.93965, 37.390464], [24.939626, 37.390479], [24.939594, 37.3905], [24.939551, 37.390524], [24.939538, 37.390533], [24.939482, 37.39057], [24.939481, 37.39057], [24.93943, 37.390616], [24.939426, 37.390619], [24.93937, 37.390661], [24.93937, 37.390662], [24.939314, 37.3907], [24.939307, 37.390707], [24.939258, 37.390736], [24.939227, 37.390752], [24.939201, 37.390766], [24.939145, 37.390797], [24.939143, 37.390798], [24.939089, 37.390823], [24.939033, 37.390843], [24.93903, 37.390844], [24.938977, 37.390868], [24.938928, 37.39089], [24.938921, 37.390894], [24.938864, 37.390919], [24.938834, 37.390936], [24.938808, 37.390953], [24.938763, 37.390981], [24.938752, 37.390988], [24.938696, 37.391024], [24.938692, 37.391027], [24.93864, 37.391059], [24.938619, 37.391073], [24.938584, 37.39109], [24.938528, 37.391114], [24.938518, 37.391119], [24.938472, 37.391143], [24.93842, 37.391165], [24.938415, 37.391167], [24.938359, 37.391184], [24.938303, 37.391206], [24.938289, 37.391211], [24.938247, 37.391224], [24.93819, 37.39123], [24.938134, 37.391222], [24.938077, 37.391213], [24.938075, 37.391212], [24.93802, 37.391203], [24.937964, 37.391198], [24.937907, 37.391196], [24.937851, 37.391202], [24.937794, 37.391205], [24.937738, 37.391207], [24.937681, 37.391212], [24.937625, 37.391215], [24.937568, 37.391216], [24.937512, 37.391197], [24.937455, 37.391188], [24.937399, 37.391198], [24.937342, 37.391218], [24.937338, 37.391218], [24.937286, 37.391221], [24.937229, 37.391219], [24.937173, 37.39122], [24.937117, 37.391224], [24.93706, 37.391225], [24.937004, 37.391224], [24.936984, 37.391221], [24.936947, 37.391202], [24.93689, 37.391194], [24.936834, 37.3912], [24.936777, 37.391198], [24.936721, 37.391198], [24.936664, 37.391192], [24.936607, 37.391181], [24.936601, 37.391179], [24.936551, 37.391168], [24.936494, 37.391157], [24.936438, 37.391156], [24.936381, 37.391162], [24.936325, 37.391166], [24.936268, 37.391165], [24.936212, 37.391171], [24.936155, 37.391179], [24.93614, 37.391183], [24.936099, 37.39119], [24.936043, 37.391203], [24.935986, 37.391217], [24.93593, 37.391228], [24.935923, 37.391229], [24.935874, 37.391241], [24.935817, 37.391255], [24.935761, 37.391267], [24.935721, 37.391276], [24.935705, 37.39128], [24.935648, 37.391294], [24.935592, 37.391304], [24.935535, 37.391309], [24.935479, 37.391314], [24.935423, 37.391316], [24.935366, 37.391316], [24.93531, 37.391313], [24.935253, 37.391305], [24.935196, 37.391288], [24.93517, 37.39128], [24.935139, 37.391271], [24.935083, 37.391249], [24.935045, 37.391236], [24.935026, 37.391231], [24.934969, 37.391214], [24.934913, 37.391198], [24.934891, 37.391193], [24.934856, 37.391183], [24.934799, 37.391168], [24.934742, 37.39115], [24.934739, 37.391149], [24.934686, 37.39113], [24.934629, 37.39111], [24.93461, 37.391105], [24.934572, 37.391094], [24.934516, 37.39108], [24.934459, 37.391069], [24.934402, 37.391062], [24.934381, 37.391061], [24.934346, 37.39106], [24.934289, 37.391056], [24.934233, 37.391054], [24.934176, 37.391055], [24.93412, 37.391057], [24.934063, 37.391059], [24.934007, 37.39106], [24.93395, 37.391057], [24.933894, 37.391052]]}}, {"type": "Feature", "properties": {"elev": 40}, "geometry": {"type": "LineString", "coordinates": [[24.933824, 37.394519], [24.93388, 37.394517], [24.933937, 37.394519], [24.933993, 37.394508], [24.934049, 37.394494], [24.934065, 37.39449], [24.934106, 37.394481], [24.934162, 37.394464], [24.934218, 37.394446], [24.934225, 37.394444], [24.934275, 37.39443], [24.934331, 37.394417], [24.934387, 37.394404], [24.934412, 37.394397], [24.934444, 37.394388], [24.9345, 37.394372], [24.934556, 37.394361], [24.934588, 37.394351], [24.934613, 37.394341], [24.934669, 37.394325], [24.934725, 37.394306], [24.934732, 37.394305], [24.934782, 37.394295], [24.934838, 37.394277], [24.934871, 37.394258], [24.934894, 37.394245], [24.93495, 37.394216], [24.934958, 37.394213], [24.935006, 37.394189], [24.935034, 37.394167], [24.935062, 37.394125], [24.935068, 37.394122], [24.935118, 37.394107], [24.935174, 37.394079], [24.935188, 37.394075], [24.935231, 37.394062], [24.935287, 37.394033], [24.935294, 37.39403], [24.935343, 37.394009], [24.935399, 37.393985], [24.935401, 37.393984], [24.935443, 37.393938], [24.935455, 37.393926], [24.935506, 37.393893], [24.935511, 37.39389], [24.935567, 37.393861], [24.935589, 37.393847], [24.935623, 37.393826], [24.935679, 37.393801], [24.935679, 37.393801], [24.935736, 37.393768], [24.935766, 37.393755], [24.935792, 37.393745], [24.935848, 37.393719], [24.935871, 37.393709], [24.935904, 37.393692], [24.935945, 37.393664], [24.93596, 37.393655], [24.936016, 37.393629], [24.936042, 37.393618], [24.936073, 37.393602], [24.936119, 37.393572], [24.936129, 37.393566], [24.936185, 37.39353], [24.93619, 37.393527], [24.936241, 37.393498], [24.936269, 37.393481], [24.936297, 37.393464], [24.936345, 37.393435], [24.936353, 37.39343], [24.936409, 37.39339], [24.936409, 37.393389], [24.936465, 37.393353], [24.936479, 37.393344], [24.936521, 37.393319], [24.936562, 37.393298], [24.936577, 37.393291], [24.936633, 37.393266], [24.936661, 37.393252], [24.93669, 37.393239], [24.936746, 37.393213], [24.93676, 37.393206], [24.936802, 37.393188], [24.936858, 37.393162], [24.93686, 37.393161], [24.936914, 37.393132], [24.936947, 37.393115], [24.93697, 37.393102], [24.937024, 37.393069], [24.937026, 37.393068], [24.937082, 37.393029], [24.93709, 37.393024], [24.937138, 37.392987], [24.937149, 37.392978], [24.937194, 37.392933], [24.937195, 37.392933], [24.937233, 37.392887], [24.93725, 37.392857], [24.937259, 37.392842], [24.937306, 37.3928], [24.937311, 37.392796], [24.937362, 37.392762], [24.937376, 37.392751], [24.937418, 37.39271], [24.937421, 37.392705], [24.937425, 37.39266], [24.937426, 37.392615], [24.937473, 37.392596], [24.937529, 37.392577], [24.937538, 37.392569], [24.937574, 37.392524], [24.937585, 37.392514], [24.937621, 37.392478], [24.93764, 37.392463], [24.937695, 37.392433], [24.937697, 37.392431], [24.937725, 37.392387], [24.937752, 37.392364], [24.937785, 37.392342], [24.937808, 37.392325], [24.937855, 37.392296], [24.937864, 37.39229], [24.937921, 37.392279], [24.937977, 37.392274], [24.938033, 37.392253], [24.93805, 37.392249], [24.93809, 37.392243], [24.938114, 37.392249], [24.938147, 37.392264], [24.938192, 37.392293], [24.938203, 37.392297], [24.93826, 37.392321], [24.938278, 37.392338], [24.938317, 37.392355], [24.938374, 37.392363], [24.93843, 37.392357], [24.938487, 37.392346], [24.938527, 37.392336], [24.938543, 37.39233], [24.938599, 37.392318], [24.938656, 37.392306], [24.938712, 37.392293], [24.938723, 37.392289], [24.938768, 37.392271], [24.938824, 37.392253], [24.938868, 37.392243], [24.938881, 37.39224], [24.938937, 37.392229], [24.938994, 37.39222], [24.93905, 37.392216], [24.939107, 37.392216], [24.939163, 37.392209], [24.939219, 37.392198], [24.939243, 37.392195], [24.939276, 37.392191], [24.939332, 37.392187], [24.939389, 37.392175], [24.939445, 37.392157], [24.939481, 37.392148], [24.939501, 37.392143], [24.939558, 37.392134], [24.939614, 37.392123], [24.93967, 37.392112], [24.939706, 37.392101], [24.939727, 37.392095], [24.939783, 37.39208], [24.939839, 37.392067], [24.939885, 37.392055], [24.939896, 37.392052], [24.939952, 37.392044], [24.940008, 37.392047], [24.940065, 37.392047], [24.940121, 37.392045], [24.940178, 37.392049], [24.940234, 37.392048], [24.940291, 37.392051], [24.940291, 37.392051], [24.940348, 37.392058], [24.940404, 37.392057], [24.940461, 37.392059], [24.940517, 37.392059], [24.940574, 37.392057], [24.94063, 37.392064], [24.940687, 37.392079], [24.940738, 37.392093], [24.940744, 37.392094], [24.940801, 37.392128], [24.940818, 37.392137], [24.940857, 37.392153], [24.940914, 37.39218], [24.940919, 37.392182], [24.940971, 37.3922], [24.941018, 37.392226], [24.941028, 37.39223], [24.941085, 37.392262], [24.941097, 37.39227], [24.941142, 37.392296], [24.941193, 37.392315], [24.941198, 37.392316], [24.941255, 37.392333], [24.941297, 37.392359], [24.941312, 37.392366], [24.941369, 37.392389], [24.941418, 37.392403], [24.941426, 37.392405], [24.941482, 37.392424], [24.941514, 37.392447], [24.941539, 37.392462], [24.941596, 37.392487], [24.941612, 37.392492], [24.941653, 37.392502], [24.94171, 37.392532], [24.941716, 37.392536], [24.941767, 37.392562], [24.941823, 37.392576], [24.941838, 37.39258], [24.94188, 37.39259], [24.941937, 37.392608], [24.941993, 37.392619], [24.942047, 37.392623], [24.94205, 37.392624], [24.942106, 37.392623], [24.942163, 37.392625], [24.942202, 37.392622], [24.942219, 37.392621], [24.942276, 37.392611], [24.942332, 37.392594], [24.942388, 37.392578], [24.942399, 37.392576], [24.942445, 37.392561], [24.942501, 37.392536], [24.942509, 37.39253], [24.942557, 37.392486], [24.942558, 37.392484], [24.942613, 37.392445], [24.942622, 37.392439], [24.942669, 37.392396], [24.942671, 37.392393], [24.942711, 37.392348], [24.942724, 37.392326], [24.942734, 37.392302], [24.942764, 37.392257], [24.94278, 37.392234], [24.942795, 37.392212], [24.942821, 37.392166], [24.942835, 37.392136], [24.942842, 37.392121], [24.942859, 37.392076], [24.942873, 37.392031], [24.942881, 37.391986], [24.942889, 37.391942], [24.942889, 37.391941], [24.942897, 37.391895], [24.942907, 37.39185], [24.942913, 37.391805], [24.942919, 37.39176], [24.942923, 37.391715], [24.942929, 37.39167], [24.94293, 37.391625], [24.942923, 37.39158], [24.942913, 37.391535], [24.942901, 37.39149], [24.942884, 37.391445], [24.942883, 37.391442], [24.942862, 37.3914], [24.942832, 37.391355], [24.942825, 37.391346], [24.942796, 37.39131], [24.942767, 37.391268], [24.942765, 37.391265], [24.942718, 37.391221], [24.94271, 37.391214], [24.942671, 37.391176], [24.942653, 37.39116], [24.942621, 37.391131], [24.942596, 37.39111], [24.942569, 37.391086], [24.942539, 37.391062], [24.942515, 37.391042], [24.942482, 37.391015], [24.942461, 37.390997], [24.942425, 37.390967], [24.942408, 37.390953], [24.942368, 37.390918], [24.942357, 37.390908], [24.94231, 37.390864], [24.94231, 37.390863], [24.942263, 37.390818], [24.942253, 37.390806], [24.942223, 37.390774], [24.942196, 37.390755], [24.94217, 37.390729], [24.942139, 37.390685], [24.942138, 37.390684], [24.942097, 37.390639], [24.942081, 37.390623], [24.942057, 37.390595], [24.942024, 37.390558], [24.942017, 37.39055], [24.941978, 37.390505], [24.941967, 37.390497], [24.94193, 37.39046], [24.941909, 37.390426], [24.941901, 37.390416], [24.941863, 37.390371], [24.941852, 37.390357], [24.941829, 37.390326], [24.941795, 37.390281], [24.941795, 37.39028], [24.941762, 37.390236], [24.941737, 37.390204], [24.941727, 37.390192], [24.941693, 37.390147], [24.94168, 37.390129], [24.941662, 37.390102], [24.94163, 37.390057], [24.941622, 37.390043], [24.9416, 37.390012], [24.941569, 37.389967], [24.941565, 37.389963], [24.941514, 37.389923], [24.941507, 37.389917], [24.941458, 37.389878], [24.94145, 37.389872], [24.941394, 37.389871], [24.941337, 37.389872], [24.941281, 37.389873], [24.941224, 37.389874], [24.941168, 37.389879], [24.94116, 37.38988], [24.941112, 37.389887], [24.941055, 37.389895], [24.940999, 37.389902], [24.940942, 37.389914], [24.940893, 37.389928], [24.940886, 37.389929], [24.94083, 37.389939], [24.940773, 37.389953], [24.940717, 37.389965], [24.940661, 37.389967], [24.940604, 37.389974], [24.940599, 37.389975], [24.940548, 37.389988], [24.940491, 37.389989], [24.940435, 37.389982], [24.940378, 37.389988], [24.940322, 37.390006], [24.940266, 37.390015], [24.940215, 37.390023], [24.940209, 37.390024], [24.940153, 37.390036], [24.940097, 37.390052], [24.940051, 37.39007], [24.94004, 37.390073], [24.939984, 37.390104], [24.939967, 37.390115], [24.939928, 37.390137], [24.939891, 37.390161], [24.939872, 37.390172], [24.939817, 37.390207], [24.939816, 37.390208], [24.93976, 37.390245], [24.939749, 37.390252], [24.939704, 37.390291], [24.939693, 37.390298], [24.939648, 37.390325], [24.939614, 37.390344], [24.939592, 37.390355], [24.939536, 37.390383], [24.939523, 37.390389], [24.93948, 37.390415], [24.939436, 37.390435], [24.939423, 37.390442], [24.939367, 37.390473], [24.939351, 37.390481], [24.939311, 37.390514], [24.939295, 37.390526], [24.939255, 37.390565], [24.939238, 37.390572], [24.939199, 37.39059], [24.939153, 37.390618], [24.939143, 37.390626], [24.939111, 37.390663], [24.939087, 37.390679], [24.939031, 37.390703], [24.939017, 37.390709], [24.938975, 37.39073], [24.938919, 37.390754], [24.938918, 37.390755], [24.938863, 37.390784], [24.938833, 37.390801], [24.938807, 37.390815], [24.93875, 37.390842], [24.938742, 37.390846], [24.938694, 37.390872], [24.938648, 37.390892], [24.938638, 37.390897], [24.938582, 37.390929], [24.938571, 37.390938], [24.938526, 37.390973], [24.938491, 37.390984], [24.93847, 37.39099], [24.938413, 37.390998], [24.938357, 37.390998], [24.9383, 37.391009], [24.938244, 37.391029], [24.938239, 37.391031], [24.938188, 37.391042], [24.938131, 37.391041], [24.938075, 37.391039], [24.938018, 37.39104], [24.937962, 37.391048], [24.937906, 37.391058], [24.937849, 37.391059], [24.937793, 37.391062], [24.937736, 37.391067], [24.93768, 37.391073], [24.937623, 37.391073], [24.937567, 37.391071], [24.93751, 37.39107], [24.937454, 37.391064], [24.937397, 37.391058], [24.93734, 37.391044], [24.937284, 37.39104], [24.937277, 37.391038], [24.937227, 37.391028], [24.93717, 37.391019], [24.937114, 37.391015], [24.937057, 37.391011], [24.937001, 37.391009], [24.936944, 37.39101], [24.936888, 37.391009], [24.936831, 37.391005], [24.936775, 37.391], [24.936741, 37.390998], [24.936718, 37.390996], [24.936662, 37.390997], [24.936649, 37.390998], [24.936605, 37.391002], [24.936549, 37.391013], [24.936492, 37.391018], [24.936436, 37.39102], [24.936379, 37.391014], [24.936323, 37.391009], [24.936266, 37.39102], [24.93621, 37.391033], [24.936164, 37.391047], [24.936154, 37.39105], [24.936097, 37.391055], [24.936041, 37.391063], [24.935985, 37.391076], [24.935928, 37.391086], [24.935877, 37.391095], [24.935872, 37.391095], [24.935816, 37.391109], [24.935759, 37.391122], [24.935703, 37.391131], [24.935646, 37.391136], [24.93559, 37.391141], [24.935587, 37.391142], [24.935533, 37.391149], [24.935477, 37.391146], [24.93542, 37.391145], [24.935396, 37.391143], [24.935364, 37.391142], [24.935307, 37.391137], [24.935251, 37.391131], [24.935194, 37.39112], [24.935137, 37.391105], [24.935123, 37.391101], [24.935081, 37.391083], [24.935024, 37.391066], [24.934992, 37.391056], [24.934967, 37.391049], [24.93491, 37.391031], [24.934854, 37.391015], [24.934844, 37.391013], [24.934797, 37.391], [24.93474, 37.390983], [24.934694, 37.390969], [24.934684, 37.390966], [24.934627, 37.390952], [24.93457, 37.390947], [24.934514, 37.390942], [24.934457, 37.390939], [24.934401, 37.390931], [24.934361, 37.390926], [24.934344, 37.390924], [24.934288, 37.390923], [24.934231, 37.390922], [24.934175, 37.390918], [24.934118, 37.390914], [24.934061, 37.390907], [24.934005, 37.390904], [24.933948, 37.390904], [24.933892, 37.390906]]}}, {"type": "Feature", "properties": {"elev": 15}, "geometry": {"type": "LineString", "coordinates": [[24.943815, 37.395855], [24.943785, 37.395822], [24.943766, 37.395856], [24.943766, 37.395901], [24.943786, 37.39593], [24.943833, 37.3959], [24.943815, 37.395855]]}}, {"type": "Feature", "properties": {"elev": 10}, "geometry": {"type": "LineString", "coordinates": [[24.946273, 37.395921], [24.946279, 37.395926], [24.946273, 37.395928], [24.946254, 37.395926], [24.946273, 37.395921]]}}, {"type": "Feature", "properties": {"elev": 15}, "geometry": {"type": "LineString", "coordinates": [[24.943396, 37.396039], [24.943392, 37.396028], [24.943371, 37.396039], [24.943336, 37.396065], [24.943333, 37.396085], [24.943325, 37.39613], [24.943317, 37.396175], [24.943338, 37.396218], [24.943354, 37.396175], [24.943354, 37.39613], [24.943393, 37.396091], [24.943399, 37.396084], [24.943396, 37.396039]]}}, {"type": "Feature", "properties": {"elev": 20}, "geometry": {"type": "LineString", "coordinates": [[24.948403, 37.397512], [24.948405, 37.397487], [24.948406, 37.397442], [24.948408, 37.397397], [24.948408, 37.397351], [24.948406, 37.397306], [24.948404, 37.397261], [24.948403, 37.397216], [24.948401, 37.397171], [24.948398, 37.397126], [24.948394, 37.397081], [24.948388, 37.397036], [24.948383, 37.396991], [24.948376, 37.396954], [24.948375, 37.396946], [24.948365, 37.396901], [24.948356, 37.396856], [24.948348, 37.396811], [24.948339, 37.396766], [24.948331, 37.396721], [24.948316, 37.396678], [24.948316, 37.396676], [24.948302, 37.396631], [24.948287, 37.396586], [24.948271, 37.396541], [24.948258, 37.396511], [24.948251, 37.396496], [24.94823, 37.396451], [24.948208, 37.396406], [24.9482, 37.396395], [24.948173, 37.396362], [24.948143, 37.396331], [24.948128, 37.396317], [24.948092, 37.396272], [24.948085, 37.396261], [24.948028, 37.39623], [24.948016, 37.396228], [24.947972, 37.396217], [24.947915, 37.396197], [24.947868, 37.396184], [24.947858, 37.396181], [24.947801, 37.396172], [24.947745, 37.396168], [24.947688, 37.396163], [24.947632, 37.39616], [24.947575, 37.396167], [24.947519, 37.396177], [24.947463, 37.396185], [24.947444, 37.396187], [24.947406, 37.396192], [24.94735, 37.396198], [24.947293, 37.396206], [24.947237, 37.396214], [24.947181, 37.396222], [24.947124, 37.396231], [24.947103, 37.396235], [24.947068, 37.396241], [24.947011, 37.396252], [24.946955, 37.396263], [24.946899, 37.396275], [24.946867, 37.396282], [24.946842, 37.396287], [24.946786, 37.396301], [24.94673, 37.396316], [24.94668, 37.396328], [24.946673, 37.39633], [24.946617, 37.396345], [24.946561, 37.396362], [24.94652, 37.396375], [24.946504, 37.39638], [24.946448, 37.396396], [24.946392, 37.396412], [24.94636, 37.396421], [24.946335, 37.396428], [24.946279, 37.396442], [24.946223, 37.396453], [24.946166, 37.396463], [24.946139, 37.396468], [24.94611, 37.396474], [24.946054, 37.396486], [24.945997, 37.396498], [24.945941, 37.39651], [24.945922, 37.396515], [24.945885, 37.396524], [24.945828, 37.396543], [24.945783, 37.396561], [24.945772, 37.396565], [24.945716, 37.396584], [24.94566, 37.396602], [24.945647, 37.396607], [24.945603, 37.396625], [24.945547, 37.396649], [24.945538, 37.396653], [24.945491, 37.396674], [24.945435, 37.396692], [24.945394, 37.396699], [24.945378, 37.396703], [24.945322, 37.396714], [24.945266, 37.396742], [24.945232, 37.396746], [24.945209, 37.396749], [24.945153, 37.396763], [24.945097, 37.39677], [24.94504, 37.396777], [24.944997, 37.396793], [24.944984, 37.396799], [24.944927, 37.396801], [24.944871, 37.396834], [24.944855, 37.396839], [24.944815, 37.396848], [24.944759, 37.396869], [24.94472, 37.396885], [24.944703, 37.396895], [24.944646, 37.396911], [24.94459, 37.396922], [24.94456, 37.396931], [24.944534, 37.396943], [24.944477, 37.396962], [24.944437, 37.396977], [24.944421, 37.396984], [24.944365, 37.397004], [24.944319, 37.397024], [24.944309, 37.397029], [24.944253, 37.397061], [24.944235, 37.397069], [24.944197, 37.397088], [24.944148, 37.397115], [24.94414, 37.397119], [24.944086, 37.397161], [24.944084, 37.397162], [24.944068, 37.397206], [24.944041, 37.397251], [24.944029, 37.397278], [24.944025, 37.397296], [24.943974, 37.397332], [24.943965, 37.397342], [24.943963, 37.397387], [24.943969, 37.397432], [24.943975, 37.397438], [24.943996, 37.397477], [24.944, 37.397522], [24.944003, 37.397547]]}}, {"type": "Feature", "properties": {"elev": 25}, "geometry": {"type": "LineString", "coordinates": [[24.9482, 37.397514], [24.948203, 37.397488], [24.948206, 37.397443], [24.94821, 37.397398], [24.948209, 37.397353], [24.948208, 37.397308], [24.948207, 37.397263], [24.948202, 37.397218], [24.948196, 37.397173], [24.94819, 37.397128], [24.948184, 37.397083], [24.948177, 37.397038], [24.948169, 37.396993], [24.948158, 37.396948], [24.94815, 37.396915], [24.948147, 37.396903], [24.948133, 37.396858], [24.948117, 37.396813], [24.9481, 37.396768], [24.948091, 37.39675], [24.948078, 37.396723], [24.948051, 37.396678], [24.948034, 37.39665], [24.948022, 37.396633], [24.947981, 37.396588], [24.947976, 37.396582], [24.947944, 37.396544], [24.947919, 37.396517], [24.9479, 37.396499], [24.947862, 37.396468], [24.947836, 37.396454], [24.947805, 37.396438], [24.947748, 37.396423], [24.947691, 37.396413], [24.947683, 37.396411], [24.947635, 37.3964], [24.947578, 37.396396], [24.947522, 37.396396], [24.947465, 37.396398], [24.947409, 37.396399], [24.947352, 37.396403], [24.947296, 37.396407], [24.947239, 37.396412], [24.947211, 37.396414], [24.947183, 37.396417], [24.947127, 37.396422], [24.94707, 37.396428], [24.947014, 37.396435], [24.946957, 37.396446], [24.946901, 37.396456], [24.946865, 37.396462], [24.946845, 37.396466], [24.946788, 37.396479], [24.946732, 37.396496], [24.9467, 37.396509], [24.946676, 37.396517], [24.946619, 37.396537], [24.946583, 37.396555], [24.946563, 37.396563], [24.946507, 37.396583], [24.946453, 37.396601], [24.946451, 37.396601], [24.946394, 37.39662], [24.946338, 37.396636], [24.946302, 37.396647], [24.946282, 37.396653], [24.946225, 37.396668], [24.946169, 37.396682], [24.946131, 37.396693], [24.946113, 37.396699], [24.946057, 37.396718], [24.946, 37.396736], [24.945986, 37.39674], [24.945944, 37.396752], [24.945888, 37.396773], [24.945859, 37.396786], [24.945832, 37.396797], [24.945775, 37.396824], [24.94576, 37.396832], [24.945719, 37.39685], [24.945663, 37.396878], [24.945663, 37.396878], [24.945607, 37.396907], [24.945575, 37.396923], [24.945551, 37.396935], [24.945495, 37.396956], [24.945452, 37.396969], [24.945438, 37.396974], [24.945382, 37.396999], [24.945344, 37.397015], [24.945326, 37.397023], [24.94527, 37.397051], [24.94525, 37.397061], [24.945214, 37.39708], [24.945162, 37.397107], [24.945157, 37.397109], [24.945101, 37.397139], [24.945079, 37.397153], [24.945045, 37.397175], [24.945008, 37.397198], [24.944989, 37.39721], [24.944948, 37.397244], [24.944933, 37.397265], [24.944904, 37.397289], [24.944877, 37.3973], [24.944833, 37.397335], [24.944821, 37.397358], [24.944783, 37.39738], [24.944765, 37.397388], [24.944712, 37.397426], [24.944709, 37.397428], [24.944663, 37.397472], [24.944654, 37.397482], [24.944622, 37.397517], [24.944602, 37.397542]]}}, {"type": "Feature", "properties": {"elev": 30}, "geometry": {"type": "LineString", "coordinates": [[24.947958, 37.397515], [24.947963, 37.39749], [24.947971, 37.397445], [24.947984, 37.3974], [24.947986, 37.397383], [24.94799, 37.397355], [24.94799, 37.39731], [24.947989, 37.397265], [24.947988, 37.39722], [24.94799, 37.397174], [24.947983, 37.397129], [24.947983, 37.397129], [24.947971, 37.397084], [24.94796, 37.397039], [24.947939, 37.396995], [24.947925, 37.396976], [24.947909, 37.39695], [24.947878, 37.396905], [24.947867, 37.396893], [24.947838, 37.39686], [24.94781, 37.396827], [24.9478, 37.396815], [24.947763, 37.396771], [24.947752, 37.396761], [24.947707, 37.396726], [24.947695, 37.396716], [24.947638, 37.396684], [24.947633, 37.396681], [24.947581, 37.396645], [24.947556, 37.396637], [24.947525, 37.396629], [24.947468, 37.396619], [24.947411, 37.396609], [24.947355, 37.396612], [24.947298, 37.396615], [24.947242, 37.39662], [24.947186, 37.396624], [24.947129, 37.396631], [24.947073, 37.396636], [24.947016, 37.396641], [24.947016, 37.396641], [24.94696, 37.396647], [24.946903, 37.396653], [24.946847, 37.396659], [24.946791, 37.396665], [24.946734, 37.396674], [24.946678, 37.396689], [24.946676, 37.396689], [24.946621, 37.3967], [24.946565, 37.396712], [24.946509, 37.396727], [24.946466, 37.396736], [24.946452, 37.39674], [24.946396, 37.396762], [24.94634, 37.396776], [24.94631, 37.396782], [24.946284, 37.396792], [24.946227, 37.396814], [24.946171, 37.396828], [24.946169, 37.396828], [24.946133, 37.396874], [24.946115, 37.396883], [24.946059, 37.396892], [24.946003, 37.396919], [24.946002, 37.39692], [24.945947, 37.396955], [24.945926, 37.396966], [24.94589, 37.396979], [24.945834, 37.397001], [24.945816, 37.397012], [24.945778, 37.397043], [24.945755, 37.397057], [24.945722, 37.397075], [24.945686, 37.397103], [24.945672, 37.397148], [24.945686, 37.397193], [24.945667, 37.39722], [24.945652, 37.397238], [24.945611, 37.397264], [24.945581, 37.397284], [24.945555, 37.397302], [24.945517, 37.39733], [24.945499, 37.397346], [24.945446, 37.397375], [24.945443, 37.397377], [24.945387, 37.397413], [24.945374, 37.397421], [24.945331, 37.397449], [24.9453, 37.397467], [24.945275, 37.397481], [24.945223, 37.397512], [24.945219, 37.397515], [24.945179, 37.397538]]}}, {"type": "Feature", "properties": {"elev": 15}, "geometry": {"type": "LineString", "coordinates": [[24.943456, 37.396649], [24.943478, 37.39667], [24.943462, 37.396715], [24.943457, 37.396732], [24.943448, 37.396715], [24.943426, 37.39667], [24.943456, 37.396649]]}}, {"type": "Feature", "properties": {"elev": 15}, "geometry": {"type": "LineString", "coordinates": [[24.942727, 37.396811], [24.942724, 37.396791], [24.942722, 37.396811], [24.942722, 37.396856], [24.942725, 37.396888], [24.942731, 37.396856], [24.942727, 37.396811]]}}, {"type": "Feature", "properties": {"elev": 35}, "geometry": {"type": "LineString", "coordinates": [[24.947784, 37.397517], [24.947789, 37.397492], [24.947793, 37.397447], [24.947797, 37.397401], [24.9478, 37.397356], [24.9478, 37.397311], [24.947806, 37.397266], [24.947802, 37.397221], [24.947792, 37.397176], [24.947781, 37.397131], [24.94777, 37.397086], [24.947756, 37.397053], [24.947749, 37.397041], [24.947715, 37.396996], [24.947699, 37.396975], [24.947676, 37.396952], [24.947641, 37.396913], [24.947629, 37.396907], [24.947584, 37.396891], [24.94753, 37.396863], [24.947528, 37.396861], [24.947471, 37.39684], [24.947414, 37.396842], [24.947358, 37.396844], [24.947301, 37.396844], [24.947245, 37.396846], [24.947188, 37.396847], [24.947132, 37.39685], [24.947075, 37.396853], [24.947019, 37.396857], [24.946963, 37.396864], [24.946953, 37.396867], [24.946906, 37.396874], [24.94685, 37.396884], [24.946793, 37.396896], [24.94675, 37.396914], [24.946737, 37.396917], [24.946681, 37.396931], [24.946624, 37.396942], [24.946568, 37.39695], [24.946512, 37.396961], [24.946512, 37.396961], [24.946455, 37.396973], [24.946399, 37.396983], [24.946343, 37.396996], [24.946301, 37.397008], [24.946286, 37.397012], [24.94623, 37.397031], [24.946174, 37.397053], [24.946173, 37.397054], [24.946118, 37.39708], [24.946082, 37.3971], [24.946062, 37.397113], [24.946012, 37.397145], [24.946006, 37.39715], [24.945949, 37.397185], [24.945941, 37.397191], [24.945905, 37.397236], [24.945894, 37.397259], [24.945884, 37.397282], [24.945838, 37.397321], [24.945831, 37.397327], [24.945782, 37.397372], [24.945782, 37.397372], [24.945728, 37.397418], [24.945726, 37.397421], [24.945691, 37.397463], [24.945671, 37.397484], [24.945644, 37.397509], [24.945619, 37.397534]]}}, {"type": "Feature", "properties": {"elev": 15}, "geometry": {"type": "LineString", "coordinates": [[24.941777, 37.396909], [24.941764, 37.396888], [24.941754, 37.396909], [24.941765, 37.39694], [24.941777, 37.396909]]}}, {"type": "Feature", "properties": {"elev": 15}, "geometry": {"type": "LineString", "coordinates": [[24.941497, 37.396956], [24.941482, 37.396943], [24.941443, 37.396956], [24.941477, 37.397001], [24.941483, 37.397006], [24.941488, 37.397001], [24.941497, 37.396956]]}}, {"type": "Feature", "properties": {"elev": 15}, "geometry": {"type": "LineString", "coordinates": [[24.941828, 37.396953], [24.941821, 37.396947], [24.941789, 37.396954], [24.941804, 37.396998], [24.941814, 37.397043], [24.941823, 37.39707], [24.94184, 37.397043], [24.94185, 37.396998], [24.941828, 37.396953]]}}, {"type": "Feature", "properties": {"elev": 15}, "geometry": {"type": "LineString", "coordinates": [[24.9428, 37.396991], [24.942782, 37.396965], [24.942747, 37.396991], [24.942734, 37.397036], [24.942739, 37.397081], [24.942784, 37.397122], [24.942826, 37.397081], [24.942814, 37.397036], [24.9428, 37.396991]]}}, {"type": "Feature", "properties": {"elev": 40}, "geometry": {"type": "LineString", "coordinates": [[24.947594, 37.397518], [24.947598, 37.397493], [24.947603, 37.397448], [24.947608, 37.397403], [24.947614, 37.397358], [24.947602, 37.397313], [24.947589, 37.397277], [24.947588, 37.397268], [24.947582, 37.397223], [24.947578, 37.397178], [24.947572, 37.397133], [24.947566, 37.397088], [24.947538, 37.397043], [24.94753, 37.397037], [24.947473, 37.397018], [24.947424, 37.396999], [24.947416, 37.396993], [24.947389, 37.396999], [24.94736, 37.397013], [24.947304, 37.39703], [24.947247, 37.397021], [24.947191, 37.39702], [24.947134, 37.397015], [24.947077, 37.397015], [24.947021, 37.397013], [24.946964, 37.397016], [24.946908, 37.397024], [24.946852, 37.397031], [24.946795, 37.397039], [24.94674, 37.397049], [24.946739, 37.39705], [24.946683, 37.397064], [24.946626, 37.397079], [24.946574, 37.397096], [24.94657, 37.397097], [24.946514, 37.397113], [24.946457, 37.397132], [24.946401, 37.397142], [24.9464, 37.397142], [24.946345, 37.397169], [24.946291, 37.397188], [24.946289, 37.397189], [24.946232, 37.397218], [24.946204, 37.397234], [24.946176, 37.39725], [24.946132, 37.39728], [24.94612, 37.397287], [24.946065, 37.397325], [24.946064, 37.397326], [24.946015, 37.397371], [24.946008, 37.397376], [24.945963, 37.397416], [24.945953, 37.397427], [24.945918, 37.397462], [24.945897, 37.397485], [24.945878, 37.397507], [24.945856, 37.397532]]}}, {"type": "Feature", "properties": {"elev": 15}, "geometry": {"type": "LineString", "coordinates": [[24.941918, 37.397088], [24.941879, 37.397058], [24.941831, 37.397088], [24.94188, 37.397131], [24.941918, 37.397088]]}}, {"type": "Feature", "properties": {"elev": 45}, "geometry": {"type": "LineString", "coordinates": [[24.947358, 37.39752], [24.947351, 37.397495], [24.947341, 37.39745], [24.947329, 37.397405], [24.947341, 37.39736], [24.947331, 37.397315], [24.947363, 37.397275], [24.94737, 37.39727], [24.947397, 37.397224], [24.947419, 37.397197], [24.947475, 37.397182], [24.947482, 37.397179], [24.94749, 37.397133], [24.947474, 37.39712], [24.947459, 37.397134], [24.947418, 37.397163], [24.947391, 37.397179], [24.947362, 37.397193], [24.947314, 37.397225], [24.947306, 37.39723], [24.94725, 37.397229], [24.947195, 37.397271], [24.947194, 37.397273], [24.947182, 37.397271], [24.947137, 37.39726], [24.94708, 37.397251], [24.947024, 37.397242], [24.946967, 37.397236], [24.946911, 37.397237], [24.946854, 37.39724], [24.946798, 37.397245], [24.946741, 37.397251], [24.946685, 37.397259], [24.946629, 37.397269], [24.946598, 37.397276], [24.946572, 37.397282], [24.946516, 37.3973], [24.946461, 37.397322], [24.94646, 37.397323], [24.946404, 37.397346], [24.94636, 37.397368], [24.946347, 37.397375], [24.946291, 37.397412], [24.946289, 37.397414], [24.946235, 37.397451], [24.946224, 37.397459], [24.946179, 37.397492], [24.946164, 37.397505], [24.946134, 37.39753]]}}, {"type": "Feature", "properties": {"elev": 50}, "geometry": {"type": "LineString", "coordinates": [[24.947146, 37.397522], [24.947155, 37.397497], [24.947163, 37.397452], [24.947146, 37.397407], [24.947139, 37.397406], [24.947137, 37.397407], [24.947083, 37.39743], [24.947026, 37.397448], [24.947013, 37.397453], [24.94697, 37.39747], [24.946914, 37.397467], [24.946857, 37.397478], [24.946801, 37.397477], [24.946744, 37.397479], [24.946688, 37.397492], [24.946655, 37.397501], [24.946632, 37.397507], [24.946582, 37.397526]]}}]}