{"type": "FeatureCollection", "features": [{"type": "Feature", "properties": {"ev": 1}, "geometry": {"type": "LineString", "coordinates": [[20.06334, 39.92377], [20.06362, 39.92553], [20.06389, 39.92728], [20.06416, 39.92905], [20.06442, 39.93081], [20.06469, 39.93258], [20.06493, 39.93433], [20.06516, 39.93607], [20.06541, 39.9378], [20.06566, 39.93956], [20.06592, 39.94132]]}}, {"type": "Feature", "properties": {"ev": 1}, "geometry": {"type": "LineString", "coordinates": [[20.06334, 39.92377], [20.06362, 39.92553], [20.06389, 39.92728], [20.06416, 39.92905], [20.06442, 39.93081], [20.06469, 39.93258], [20.06493, 39.93433], [20.06516, 39.93607], [20.06541, 39.9378], [20.06566, 39.93956], [20.06592, 39.94132]]}}, {"type": "Feature", "properties": {"ev": 1}, "geometry": {"type": "LineString", "coordinates": [[20.06334, 39.92377], [20.06624, 39.92554], [20.06914, 39.92731], [20.07201, 39.92908], [20.07489, 39.93085], [20.07778, 39.93264], [20.08066, 39.93441], [20.08354, 39.93617], [20.08641, 39.93792], [20.08931, 39.9397], [20.09219, 39.94149]]}}, {"type": "Feature", "properties": {"ev": 1}, "geometry": {"type": "LineString", "coordinates": [[20.06334, 39.92377], [20.06624, 39.92554], [20.06914, 39.92731], [20.07201, 39.92908], [20.07489, 39.93085], [20.07778, 39.93264], [20.08066, 39.93441], [20.08354, 39.93617], [20.08641, 39.93792], [20.08931, 39.9397], [20.09219, 39.94149]]}}, {"type": "Feature", "properties": {"ev": 1}, "geometry": {"type": "LineString", "coordinates": [[20.06334, 39.92377], [20.06788, 39.92521], [20.07241, 39.92665], [20.07692, 39.92809], [20.08145, 39.92954], [20.08599, 39.931], [20.09052, 39.93245], [20.09504, 39.93388], [20.09955, 39.9353], [20.10412, 39.93673], [20.10867, 39.93814]]}}, {"type": "Feature", "properties": {"ev": 1}, "geometry": {"type": "LineString", "coordinates": [[20.06334, 39.92377], [20.06788, 39.92521], [20.07241, 39.92665], [20.07692, 39.92809], [20.08145, 39.92954], [20.08599, 39.931], [20.09052, 39.93245], [20.09504, 39.93388], [20.09955, 39.9353], [20.10412, 39.93673], [20.10867, 39.93814]]}}, {"type": "Feature", "properties": {"ev": 1}, "geometry": {"type": "LineString", "coordinates": [[20.06334, 39.92377], [20.06946, 39.92501], [20.07556, 39.92624], [20.08165, 39.92747], [20.08777, 39.92873], [20.09389, 39.92997], [20.10001, 39.93121], [20.10611, 39.93244], [20.11222, 39.93366], [20.11835, 39.93488], [20.12456, 39.93614]]}}, {"type": "Feature", "properties": {"ev": 1}, "geometry": {"type": "LineString", "coordinates": [[20.06334, 39.92377], [20.06946, 39.92501], [20.07556, 39.92624], [20.08165, 39.92747], [20.08777, 39.92873], [20.09389, 39.92997], [20.10001, 39.93121], [20.10611, 39.93244], [20.11222, 39.93366], [20.11835, 39.93488], [20.12456, 39.93614]]}}, {"type": "Feature", "properties": {"ev": 1}, "geometry": {"type": "LineString", "coordinates": [[20.06334, 39.92377], [20.06854, 39.92676], [20.07371, 39.92974], [20.07889, 39.93273], [20.08407, 39.93573], [20.08926, 39.93873], [20.09446, 39.94173], [20.09965, 39.94471], [20.10483, 39.9477], [20.11009, 39.95074], [20.11531, 39.95378]]}}, {"type": "Feature", "properties": {"ev": 1}, "geometry": {"type": "LineString", "coordinates": [[20.06334, 39.92377], [20.06854, 39.92676], [20.07371, 39.92974], [20.07889, 39.93273], [20.08407, 39.93573], [20.08926, 39.93873], [20.09446, 39.94173], [20.09965, 39.94471], [20.10483, 39.9477], [20.11009, 39.95074], [20.11531, 39.95378]]}}, {"type": "Feature", "properties": {"ev": 1}, "geometry": {"type": "LineString", "coordinates": [[20.06334, 39.92377], [20.05949, 39.9267], [20.05564, 39.92963], [20.05179, 39.93257], [20.04793, 39.9355], [20.04407, 39.93845], [20.04022, 39.94139], [20.03637, 39.94432], [20.03253, 39.94726], [20.02867, 39.95019], [20.02478, 39.95311]]}}, {"type": "Feature", "properties": {"ev": 1}, "geometry": {"type": "LineString", "coordinates": [[20.06334, 39.92377], [20.05949, 39.9267], [20.05564, 39.92963], [20.05179, 39.93257], [20.04793, 39.9355], [20.04407, 39.93845], [20.04022, 39.94139], [20.03637, 39.94432], [20.03253, 39.94726], [20.02867, 39.95019], [20.02478, 39.95311]]}}, {"type": "Feature", "properties": {"ev": 1}, "geometry": {"type": "LineString", "coordinates": [[20.06334, 39.92377], [20.06465, 39.92849], [20.06594, 39.93321], [20.06721, 39.93793], [20.0685, 39.94266], [20.06979, 39.9474], [20.07108, 39.95213], [20.07236, 39.95686], [20.07364, 39.96157], [20.07492, 39.96631], [20.0762, 39.97105]]}}, {"type": "Feature", "properties": {"ev": 1}, "geometry": {"type": "LineString", "coordinates": [[20.06334, 39.92377], [20.06465, 39.92849], [20.06594, 39.93321], [20.06721, 39.93793], [20.0685, 39.94266], [20.06979, 39.9474], [20.07108, 39.95213], [20.07236, 39.95686], [20.07364, 39.96157], [20.07492, 39.96631], [20.0762, 39.97105]]}}, {"type": "Feature", "properties": {"ev": 1}, "geometry": {"type": "LineString", "coordinates": [[20.06334, 39.92377], [20.06703, 39.92362], [20.07072, 39.92348], [20.07441, 39.92333], [20.07809, 39.92318], [20.08177, 39.92304], [20.08546, 39.92289], [20.08915, 39.92275], [20.09284, 39.9226], [20.09653, 39.92246], [20.10021, 39.92231], [20.1039, 39.92217], [20.10759, 39.92202], [20.11128, 39.92188], [20.11496, 39.92173], [20.11865, 39.92158], [20.12233, 39.92143], [20.12602, 39.92128], [20.12971, 39.92113], [20.1334, 39.92098], [20.1371, 39.92084], [20.14079, 39.9207]]}}, {"type": "Feature", "properties": {"ev": 1}, "geometry": {"type": "LineString", "coordinates": [[20.06334, 39.92377], [20.06703, 39.92362], [20.07072, 39.92348], [20.07441, 39.92333], [20.07809, 39.92318], [20.08177, 39.92304], [20.08546, 39.92289], [20.08915, 39.92275], [20.09284, 39.9226], [20.09653, 39.92246], [20.10021, 39.92231], [20.1039, 39.92217], [20.10759, 39.92202], [20.11128, 39.92188], [20.11496, 39.92173], [20.11865, 39.92158], [20.12233, 39.92143], [20.12602, 39.92128], [20.12971, 39.92113], [20.1334, 39.92098], [20.1371, 39.92084], [20.14079, 39.9207]]}}, {"type": "Feature", "properties": {"ev": 1}, "geometry": {"type": "LineString", "coordinates": [[20.06334, 39.92377], [20.06594, 39.92558], [20.06853, 39.9274], [20.07112, 39.92921], [20.07371, 39.93103], [20.0763, 39.93284], [20.07889, 39.93466], [20.08149, 39.93647], [20.08408, 39.93829], [20.08667, 39.94011], [20.08927, 39.94193], [20.09186, 39.94374], [20.09446, 39.94556], [20.09705, 39.94738], [20.09965, 39.94919], [20.10224, 39.951], [20.10483, 39.95282], [20.10744, 39.95465], [20.11004, 39.95647], [20.11264, 39.95829], [20.11523, 39.96011], [20.1178, 39.9619]]}}, {"type": "Feature", "properties": {"ev": 1}, "geometry": {"type": "LineString", "coordinates": [[20.06334, 39.92377], [20.06594, 39.92558], [20.06853, 39.9274], [20.07112, 39.92921], [20.07371, 39.93103], [20.0763, 39.93284], [20.07889, 39.93466], [20.08149, 39.93647], [20.08408, 39.93829], [20.08667, 39.94011], [20.08927, 39.94193], [20.09186, 39.94374], [20.09446, 39.94556], [20.09705, 39.94738], [20.09965, 39.94919], [20.10224, 39.951], [20.10483, 39.95282], [20.10744, 39.95465], [20.11004, 39.95647], [20.11264, 39.95829], [20.11523, 39.96011], [20.1178, 39.9619]]}}, {"type": "Feature", "properties": {"ev": 1}, "geometry": {"type": "LineString", "coordinates": [[20.06334, 39.92377], [20.06647, 39.92198], [20.0696, 39.92019], [20.07272, 39.91841], [20.07585, 39.91663], [20.07897, 39.91484], [20.0821, 39.91306], [20.08523, 39.91127], [20.08835, 39.90948], [20.09147, 39.90769], [20.09459, 39.9059], [20.09772, 39.90412], [20.10084, 39.90233], [20.10396, 39.90054], [20.10708, 39.89876], [20.1102, 39.89697], [20.11332, 39.89518], [20.11645, 39.89339], [20.11958, 39.8916], [20.1227, 39.88981], [20.12583, 39.88803], [20.12896, 39.88623]]}}, {"type": "Feature", "properties": {"ev": 1}, "geometry": {"type": "LineString", "coordinates": [[20.06334, 39.92377], [20.06647, 39.92198], [20.0696, 39.92019], [20.07272, 39.91841], [20.07585, 39.91663], [20.07897, 39.91484], [20.0821, 39.91306], [20.08523, 39.91127], [20.08835, 39.90948], [20.09147, 39.90769], [20.09459, 39.9059], [20.09772, 39.90412], [20.10084, 39.90233], [20.10396, 39.90054], [20.10708, 39.89876], [20.1102, 39.89697], [20.11332, 39.89518], [20.11645, 39.89339], [20.11958, 39.8916], [20.1227, 39.88981], [20.12583, 39.88803], [20.12896, 39.88623]]}}, {"type": "Feature", "properties": {"ev": 1}, "geometry": {"type": "LineString", "coordinates": [[20.06334, 39.92377], [20.06347, 39.92645], [20.06361, 39.92913], [20.06374, 39.93182], [20.06388, 39.9345], [20.064, 39.93718], [20.06413, 39.93986], [20.06426, 39.94254], [20.06439, 39.94523], [20.06452, 39.94791], [20.06465, 39.9506], [20.06479, 39.95328], [20.06492, 39.95596], [20.06505, 39.95865], [20.06518, 39.96133], [20.06531, 39.96401], [20.06544, 39.96669], [20.06557, 39.96938], [20.0657, 39.97206], [20.06583, 39.97475], [20.06596, 39.97743], [20.0661, 39.98011]]}}, {"type": "Feature", "properties": {"ev": 1}, "geometry": {"type": "LineString", "coordinates": [[20.06334, 39.92377], [20.06347, 39.92645], [20.06361, 39.92913], [20.06374, 39.93182], [20.06388, 39.9345], [20.064, 39.93718], [20.06413, 39.93986], [20.06426, 39.94254], [20.06439, 39.94523], [20.06452, 39.94791], [20.06465, 39.9506], [20.06479, 39.95328], [20.06492, 39.95596], [20.06505, 39.95865], [20.06518, 39.96133], [20.06531, 39.96401], [20.06544, 39.96669], [20.06557, 39.96938], [20.0657, 39.97206], [20.06583, 39.97475], [20.06596, 39.97743], [20.0661, 39.98011]]}}, {"type": "Feature", "properties": {"ev": 1}, "geometry": {"type": "LineString", "coordinates": [[20.06334, 39.92377], [20.06638, 39.92566], [20.06942, 39.92756], [20.07245, 39.92944], [20.07549, 39.93134], [20.07853, 39.93323], [20.08156, 39.93513], [20.0846, 39.93702], [20.08764, 39.93892], [20.09068, 39.94081], [20.09372, 39.94271], [20.09676, 39.9446], [20.0998, 39.9465], [20.10285, 39.94839], [20.10588, 39.95029], [20.10894, 39.95219], [20.11198, 39.95409], [20.11502, 39.95598], [20.11806, 39.95788], [20.1211, 39.95978], [20.12413, 39.96167], [20.12715, 39.96355]]}}, {"type": "Feature", "properties": {"ev": 1}, "geometry": {"type": "LineString", "coordinates": [[20.06334, 39.92377], [20.06638, 39.92566], [20.06942, 39.92756], [20.07245, 39.92944], [20.07549, 39.93134], [20.07853, 39.93323], [20.08156, 39.93513], [20.0846, 39.93702], [20.08764, 39.93892], [20.09068, 39.94081], [20.09372, 39.94271], [20.09676, 39.9446], [20.0998, 39.9465], [20.10285, 39.94839], [20.10588, 39.95029], [20.10894, 39.95219], [20.11198, 39.95409], [20.11502, 39.95598], [20.11806, 39.95788], [20.1211, 39.95978], [20.12413, 39.96167], [20.12715, 39.96355]]}}, {"type": "Feature", "properties": {"ev": 1}, "geometry": {"type": "LineString", "coordinates": [[20.06334, 39.92377], [20.0673, 39.92293], [20.07125, 39.9221], [20.0752, 39.92127], [20.07915, 39.92044], [20.0831, 39.9196], [20.08705, 39.91877], [20.09101, 39.91793], [20.09496, 39.9171], [20.09892, 39.91627], [20.10287, 39.91544], [20.10682, 39.9146], [20.11077, 39.91377], [20.11473, 39.91293], [20.11868, 39.9121], [20.12263, 39.91126], [20.12658, 39.91043], [20.13054, 39.90959], [20.13449, 39.90875], [20.13844, 39.90792], [20.1424, 39.90709], [20.14635, 39.90625]]}}, {"type": "Feature", "properties": {"ev": 1}, "geometry": {"type": "LineString", "coordinates": [[20.06334, 39.92377], [20.0673, 39.92293], [20.07125, 39.9221], [20.0752, 39.92127], [20.07915, 39.92044], [20.0831, 39.9196], [20.08705, 39.91877], [20.09101, 39.91793], [20.09496, 39.9171], [20.09892, 39.91627], [20.10287, 39.91544], [20.10682, 39.9146], [20.11077, 39.91377], [20.11473, 39.91293], [20.11868, 39.9121], [20.12263, 39.91126], [20.12658, 39.91043], [20.13054, 39.90959], [20.13449, 39.90875], [20.13844, 39.90792], [20.1424, 39.90709], [20.14635, 39.90625]]}}, {"type": "Feature", "properties": {"ev": 1}, "geometry": {"type": "LineString", "coordinates": [[20.06334, 39.92377], [20.06499, 39.92664], [20.06664, 39.92952], [20.06828, 39.9324], [20.06993, 39.93528], [20.07157, 39.93815], [20.07322, 39.94103], [20.07487, 39.94391], [20.07651, 39.94679], [20.07816, 39.94967], [20.07981, 39.95255], [20.08146, 39.95543], [20.08311, 39.95831], [20.08475, 39.96119], [20.0864, 39.96407], [20.08805, 39.96695], [20.0897, 39.96983], [20.09137, 39.97271], [20.09302, 39.9756], [20.09467, 39.97848], [20.09631, 39.98135], [20.09795, 39.98421]]}}, {"type": "Feature", "properties": {"ev": 1}, "geometry": {"type": "LineString", "coordinates": [[20.06334, 39.92377], [20.06499, 39.92664], [20.06664, 39.92952], [20.06828, 39.9324], [20.06993, 39.93528], [20.07157, 39.93815], [20.07322, 39.94103], [20.07487, 39.94391], [20.07651, 39.94679], [20.07816, 39.94967], [20.07981, 39.95255], [20.08146, 39.95543], [20.08311, 39.95831], [20.08475, 39.96119], [20.0864, 39.96407], [20.08805, 39.96695], [20.0897, 39.96983], [20.09137, 39.97271], [20.09302, 39.9756], [20.09467, 39.97848], [20.09631, 39.98135], [20.09795, 39.98421]]}}, {"type": "Feature", "properties": {"ev": 1}, "geometry": {"type": "LineString", "coordinates": [[20.06334, 39.92377], [20.06397, 39.92693], [20.06459, 39.93008], [20.06522, 39.93324], [20.06584, 39.9364], [20.06646, 39.93956], [20.06708, 39.94272], [20.0677, 39.94588], [20.06833, 39.94904], [20.06895, 39.9522], [20.06957, 39.95536], [20.0702, 39.95852], [20.07082, 39.96169], [20.07145, 39.96485], [20.07207, 39.96801], [20.07269, 39.97116], [20.07331, 39.97432], [20.07393, 39.97748], [20.07455, 39.98064], [20.07518, 39.9838], [20.07583, 39.98697], [20.07647, 39.99011]]}}, {"type": "Feature", "properties": {"ev": 1}, "geometry": {"type": "LineString", "coordinates": [[20.06334, 39.92377], [20.06397, 39.92693], [20.06459, 39.93008], [20.06522, 39.93324], [20.06584, 39.9364], [20.06646, 39.93956], [20.06708, 39.94272], [20.0677, 39.94588], [20.06833, 39.94904], [20.06895, 39.9522], [20.06957, 39.95536], [20.0702, 39.95852], [20.07082, 39.96169], [20.07145, 39.96485], [20.07207, 39.96801], [20.07269, 39.97116], [20.07331, 39.97432], [20.07393, 39.97748], [20.07455, 39.98064], [20.07518, 39.9838], [20.07583, 39.98697], [20.07647, 39.99011]]}}, {"type": "Feature", "properties": {"ev": 1}, "geometry": {"type": "LineString", "coordinates": [[20.06334, 39.92377], [20.06802, 39.92441], [20.0727, 39.92505], [20.07738, 39.92569], [20.08205, 39.92633], [20.08673, 39.92698], [20.09141, 39.92763], [20.09609, 39.92827], [20.10077, 39.92892], [20.10545, 39.92956], [20.11013, 39.93021], [20.11481, 39.93085], [20.1195, 39.9315], [20.12418, 39.93214], [20.12887, 39.93278], [20.13355, 39.93343], [20.13823, 39.93407], [20.14292, 39.93472], [20.1476, 39.93536], [20.15228, 39.936], [20.15695, 39.93665], [20.16161, 39.93729]]}}, {"type": "Feature", "properties": {"ev": 1}, "geometry": {"type": "LineString", "coordinates": [[20.06334, 39.92377], [20.06802, 39.92441], [20.0727, 39.92505], [20.07738, 39.92569], [20.08205, 39.92633], [20.08673, 39.92698], [20.09141, 39.92763], [20.09609, 39.92827], [20.10077, 39.92892], [20.10545, 39.92956], [20.11013, 39.93021], [20.11481, 39.93085], [20.1195, 39.9315], [20.12418, 39.93214], [20.12887, 39.93278], [20.13355, 39.93343], [20.13823, 39.93407], [20.14292, 39.93472], [20.1476, 39.93536], [20.15228, 39.936], [20.15695, 39.93665], [20.16161, 39.93729]]}}, {"type": "Feature", "properties": {"ev": 1}, "geometry": {"type": "LineString", "coordinates": [[20.06334, 39.92377], [20.06882, 39.92465], [20.07429, 39.92554], [20.07977, 39.92642], [20.08524, 39.9273], [20.09072, 39.92819], [20.09619, 39.92908], [20.10167, 39.92997], [20.10714, 39.93085], [20.11262, 39.93174], [20.1181, 39.93263], [20.12357, 39.93351], [20.12906, 39.9344], [20.13455, 39.93529], [20.14002, 39.93618], [20.1455, 39.93706], [20.15098, 39.93795], [20.15646, 39.93884], [20.16194, 39.93972], [20.16741, 39.94061], [20.17289, 39.9415], [20.17834, 39.94238]]}}, {"type": "Feature", "properties": {"ev": 1}, "geometry": {"type": "LineString", "coordinates": [[20.06334, 39.92377], [20.06882, 39.92465], [20.07429, 39.92554], [20.07977, 39.92642], [20.08524, 39.9273], [20.09072, 39.92819], [20.09619, 39.92908], [20.10167, 39.92997], [20.10714, 39.93085], [20.11262, 39.93174], [20.1181, 39.93263], [20.12357, 39.93351], [20.12906, 39.9344], [20.13455, 39.93529], [20.14002, 39.93618], [20.1455, 39.93706], [20.15098, 39.93795], [20.15646, 39.93884], [20.16194, 39.93972], [20.16741, 39.94061], [20.17289, 39.9415], [20.17834, 39.94238]]}}, {"type": "Feature", "properties": {"ev": 1}, "geometry": {"type": "LineString", "coordinates": [[20.06334, 39.92377], [20.06983, 39.92318], [20.07631, 39.92258], [20.08279, 39.92199], [20.08928, 39.9214], [20.09576, 39.92081], [20.10224, 39.92022], [20.10873, 39.91963], [20.11521, 39.91904], [20.1217, 39.91845], [20.12818, 39.91786], [20.13466, 39.91727], [20.14116, 39.91668], [20.14765, 39.91609], [20.15414, 39.9155], [20.16062, 39.91491], [20.1671, 39.91431], [20.17358, 39.91372], [20.18006, 39.91312], [20.18655, 39.91253], [20.19303, 39.91193], [20.19949, 39.91135]]}}, {"type": "Feature", "properties": {"ev": 1}, "geometry": {"type": "LineString", "coordinates": [[20.06334, 39.92377], [20.06983, 39.92318], [20.07631, 39.92258], [20.08279, 39.92199], [20.08928, 39.9214], [20.09576, 39.92081], [20.10224, 39.92022], [20.10873, 39.91963], [20.11521, 39.91904], [20.1217, 39.91845], [20.12818, 39.91786], [20.13466, 39.91727], [20.14116, 39.91668], [20.14765, 39.91609], [20.15414, 39.9155], [20.16062, 39.91491], [20.1671, 39.91431], [20.17358, 39.91372], [20.18006, 39.91312], [20.18655, 39.91253], [20.19303, 39.91193], [20.19949, 39.91135]]}}, {"type": "Feature", "properties": {"ev": 1}, "geometry": {"type": "LineString", "coordinates": [[20.06334, 39.92377], [20.06777, 39.92001], [20.0722, 39.91624], [20.07662, 39.91248], [20.08105, 39.90872], [20.08547, 39.90496], [20.08989, 39.9012], [20.09431, 39.89744], [20.09874, 39.89367], [20.10316, 39.88991], [20.10758, 39.88615], [20.112, 39.88239], [20.11642, 39.87863], [20.12083, 39.87487], [20.12523, 39.87109], [20.12965, 39.86733], [20.13407, 39.86356], [20.1385, 39.85979], [20.14292, 39.85603], [20.14735, 39.85228], [20.15177, 39.84851], [20.1562, 39.84475]]}}, {"type": "Feature", "properties": {"ev": 1}, "geometry": {"type": "LineString", "coordinates": [[20.06334, 39.92377], [20.06777, 39.92001], [20.0722, 39.91624], [20.07662, 39.91248], [20.08105, 39.90872], [20.08547, 39.90496], [20.08989, 39.9012], [20.09431, 39.89744], [20.09874, 39.89367], [20.10316, 39.88991], [20.10758, 39.88615], [20.112, 39.88239], [20.11642, 39.87863], [20.12083, 39.87487], [20.12523, 39.87109], [20.12965, 39.86733], [20.13407, 39.86356], [20.1385, 39.85979], [20.14292, 39.85603], [20.14735, 39.85228], [20.15177, 39.84851], [20.1562, 39.84475]]}}, {"type": "Feature", "properties": {"ev": 1}, "geometry": {"type": "LineString", "coordinates": [[20.06334, 39.92377], [20.06952, 39.92789], [20.0757, 39.932], [20.08187, 39.93612], [20.08805, 39.94024], [20.09422, 39.94437], [20.1004, 39.94849], [20.10657, 39.95261], [20.11275, 39.95673], [20.11893, 39.96085], [20.12511, 39.96497], [20.13129, 39.96909], [20.13747, 39.97321], [20.14365, 39.97733], [20.14983, 39.98145], [20.15601, 39.98557], [20.16219, 39.98969], [20.16838, 39.99382], [20.17457, 39.99794], [20.18075, 40.00206], [20.18693, 40.00618], [20.19311, 40.0103]]}}, {"type": "Feature", "properties": {"ev": 1}, "geometry": {"type": "LineString", "coordinates": [[20.06334, 39.92377], [20.06952, 39.92789], [20.0757, 39.932], [20.08187, 39.93612], [20.08805, 39.94024], [20.09422, 39.94437], [20.1004, 39.94849], [20.10657, 39.95261], [20.11275, 39.95673], [20.11893, 39.96085], [20.12511, 39.96497], [20.13129, 39.96909], [20.13747, 39.97321], [20.14365, 39.97733], [20.14983, 39.98145], [20.15601, 39.98557], [20.16219, 39.98969], [20.16838, 39.99382], [20.17457, 39.99794], [20.18075, 40.00206], [20.18693, 40.00618], [20.19311, 40.0103]]}}, {"type": "Feature", "properties": {"ev": 2}, "geometry": {"type": "LineString", "coordinates": [[20.07521, 39.93449], [20.07712, 39.93397], [20.07904, 39.93345], [20.08095, 39.93294], [20.08287, 39.93243], [20.08479, 39.93193], [20.0867, 39.93141], [20.08861, 39.93088], [20.09052, 39.93035], [20.09245, 39.92981], [20.09437, 39.92928]]}}, {"type": "Feature", "properties": {"ev": 2}, "geometry": {"type": "LineString", "coordinates": [[20.07521, 39.93449], [20.07712, 39.93397], [20.07904, 39.93345], [20.08095, 39.93294], [20.08287, 39.93243], [20.08479, 39.93193], [20.0867, 39.93141], [20.08861, 39.93088], [20.09052, 39.93035], [20.09245, 39.92981], [20.09437, 39.92928]]}}, {"type": "Feature", "properties": {"ev": 2}, "geometry": {"type": "LineString", "coordinates": [[20.07521, 39.93449], [20.07436, 39.93524], [20.07351, 39.93599], [20.07265, 39.93674], [20.0718, 39.9375], [20.07096, 39.93826], [20.0701, 39.939], [20.06924, 39.93974], [20.06838, 39.94048], [20.06752, 39.94123], [20.06667, 39.94199]]}}, {"type": "Feature", "properties": {"ev": 2}, "geometry": {"type": "LineString", "coordinates": [[20.07521, 39.93449], [20.07436, 39.93524], [20.07351, 39.93599], [20.07265, 39.93674], [20.0718, 39.9375], [20.07096, 39.93826], [20.0701, 39.939], [20.06924, 39.93974], [20.06838, 39.94048], [20.06752, 39.94123], [20.06667, 39.94199]]}}, {"type": "Feature", "properties": {"ev": 2}, "geometry": {"type": "LineString", "coordinates": [[20.07521, 39.93449], [20.07698, 39.93525], [20.07876, 39.93602], [20.08053, 39.93679], [20.08231, 39.93756], [20.08409, 39.93833], [20.08586, 39.9391], [20.08763, 39.93985], [20.08939, 39.94061], [20.09117, 39.94138], [20.09293, 39.94215]]}}, {"type": "Feature", "properties": {"ev": 2}, "geometry": {"type": "LineString", "coordinates": [[20.07521, 39.93449], [20.07698, 39.93525], [20.07876, 39.93602], [20.08053, 39.93679], [20.08231, 39.93756], [20.08409, 39.93833], [20.08586, 39.9391], [20.08763, 39.93985], [20.08939, 39.94061], [20.09117, 39.94138], [20.09293, 39.94215]]}}, {"type": "Feature", "properties": {"ev": 2}, "geometry": {"type": "LineString", "coordinates": [[20.07521, 39.93449], [20.07839, 39.93336], [20.08157, 39.93224], [20.08475, 39.93111], [20.08794, 39.92999], [20.09114, 39.92887], [20.09431, 39.92774], [20.09748, 39.92661], [20.10065, 39.92546], [20.10385, 39.92432], [20.10704, 39.92318]]}}, {"type": "Feature", "properties": {"ev": 2}, "geometry": {"type": "LineString", "coordinates": [[20.07521, 39.93449], [20.07839, 39.93336], [20.08157, 39.93224], [20.08475, 39.93111], [20.08794, 39.92999], [20.09114, 39.92887], [20.09431, 39.92774], [20.09748, 39.92661], [20.10065, 39.92546], [20.10385, 39.92432], [20.10704, 39.92318]]}}, {"type": "Feature", "properties": {"ev": 2}, "geometry": {"type": "LineString", "coordinates": [[20.07521, 39.93449], [20.07528, 39.9366], [20.07535, 39.93871], [20.07542, 39.94081], [20.07549, 39.94293], [20.07557, 39.94505], [20.07563, 39.94716], [20.0757, 39.94926], [20.07575, 39.95136], [20.07582, 39.95348], [20.07589, 39.9556]]}}, {"type": "Feature", "properties": {"ev": 2}, "geometry": {"type": "LineString", "coordinates": [[20.07521, 39.93449], [20.07528, 39.9366], [20.07535, 39.93871], [20.07542, 39.94081], [20.07549, 39.94293], [20.07557, 39.94505], [20.07563, 39.94716], [20.0757, 39.94926], [20.07575, 39.95136], [20.07582, 39.95348], [20.07589, 39.9556]]}}, {"type": "Feature", "properties": {"ev": 2}, "geometry": {"type": "LineString", "coordinates": [[20.07521, 39.93449], [20.07862, 39.93492], [20.08204, 39.93536], [20.08545, 39.9358], [20.08887, 39.93624], [20.0923, 39.93669], [20.09572, 39.93713], [20.09912, 39.93755], [20.10253, 39.93798], [20.10596, 39.9384], [20.1094, 39.93882]]}}, {"type": "Feature", "properties": {"ev": 2}, "geometry": {"type": "LineString", "coordinates": [[20.07521, 39.93449], [20.07862, 39.93492], [20.08204, 39.93536], [20.08545, 39.9358], [20.08887, 39.93624], [20.0923, 39.93669], [20.09572, 39.93713], [20.09912, 39.93755], [20.10253, 39.93798], [20.10596, 39.9384], [20.1094, 39.93882]]}}, {"type": "Feature", "properties": {"ev": 2}, "geometry": {"type": "LineString", "coordinates": [[20.07521, 39.93449], [20.07216, 39.93609], [20.0691, 39.9377], [20.06604, 39.93932], [20.06299, 39.94093], [20.05993, 39.94255], [20.05688, 39.94416], [20.05385, 39.94577], [20.05084, 39.94741], [20.04778, 39.94903], [20.04472, 39.95064]]}}, {"type": "Feature", "properties": {"ev": 2}, "geometry": {"type": "LineString", "coordinates": [[20.07521, 39.93449], [20.07216, 39.93609], [20.0691, 39.9377], [20.06604, 39.93932], [20.06299, 39.94093], [20.05993, 39.94255], [20.05688, 39.94416], [20.05385, 39.94577], [20.05084, 39.94741], [20.04778, 39.94903], [20.04472, 39.95064]]}}, {"type": "Feature", "properties": {"ev": 2}, "geometry": {"type": "LineString", "coordinates": [[20.07521, 39.93449], [20.07908, 39.93563], [20.08294, 39.93677], [20.08681, 39.93791], [20.09068, 39.93906], [20.09456, 39.94021], [20.09844, 39.94135], [20.1023, 39.94247], [20.10617, 39.94361], [20.11003, 39.94476], [20.11397, 39.94596]]}}, {"type": "Feature", "properties": {"ev": 2}, "geometry": {"type": "LineString", "coordinates": [[20.07521, 39.93449], [20.07908, 39.93563], [20.08294, 39.93677], [20.08681, 39.93791], [20.09068, 39.93906], [20.09456, 39.94021], [20.09844, 39.94135], [20.1023, 39.94247], [20.10617, 39.94361], [20.11003, 39.94476], [20.11397, 39.94596]]}}, {"type": "Feature", "properties": {"ev": 2}, "geometry": {"type": "LineString", "coordinates": [[20.07521, 39.93449], [20.0802, 39.93472], [20.08519, 39.93495], [20.09019, 39.93519], [20.09519, 39.93543], [20.10019, 39.93568], [20.1052, 39.9359], [20.11019, 39.93612], [20.11519, 39.93633], [20.1202, 39.93654], [20.12528, 39.93682]]}}, {"type": "Feature", "properties": {"ev": 2}, "geometry": {"type": "LineString", "coordinates": [[20.07521, 39.93449], [20.0802, 39.93472], [20.08519, 39.93495], [20.09019, 39.93519], [20.09519, 39.93543], [20.10019, 39.93568], [20.1052, 39.9359], [20.11019, 39.93612], [20.11519, 39.93633], [20.1202, 39.93654], [20.12528, 39.93682]]}}, {"type": "Feature", "properties": {"ev": 2}, "geometry": {"type": "LineString", "coordinates": [[20.07521, 39.93449], [20.07928, 39.93647], [20.08335, 39.93845], [20.08742, 39.94044], [20.0915, 39.94243], [20.09557, 39.94442], [20.09966, 39.94641], [20.10373, 39.94839], [20.10783, 39.95039], [20.11194, 39.95241], [20.11603, 39.95442]]}}, {"type": "Feature", "properties": {"ev": 2}, "geometry": {"type": "LineString", "coordinates": [[20.07521, 39.93449], [20.07928, 39.93647], [20.08335, 39.93845], [20.08742, 39.94044], [20.0915, 39.94243], [20.09557, 39.94442], [20.09966, 39.94641], [20.10373, 39.94839], [20.10783, 39.95039], [20.11194, 39.95241], [20.11603, 39.95442]]}}, {"type": "Feature", "properties": {"ev": 2}, "geometry": {"type": "LineString", "coordinates": [[20.07521, 39.93449], [20.0774, 39.93774], [20.0796, 39.94099], [20.08179, 39.94424], [20.08399, 39.94749], [20.08619, 39.95075], [20.08839, 39.95401], [20.09058, 39.95726], [20.09276, 39.9605], [20.09499, 39.96378], [20.09724, 39.96707]]}}, {"type": "Feature", "properties": {"ev": 2}, "geometry": {"type": "LineString", "coordinates": [[20.07521, 39.93449], [20.0774, 39.93774], [20.0796, 39.94099], [20.08179, 39.94424], [20.08399, 39.94749], [20.08619, 39.95075], [20.08839, 39.95401], [20.09058, 39.95726], [20.09276, 39.9605], [20.09499, 39.96378], [20.09724, 39.96707]]}}, {"type": "Feature", "properties": {"ev": 2}, "geometry": {"type": "LineString", "coordinates": [[20.07521, 39.93449], [20.07539, 39.93821], [20.07556, 39.94192], [20.07574, 39.94564], [20.07592, 39.94937], [20.07611, 39.95309], [20.07628, 39.95682], [20.07645, 39.96053], [20.07661, 39.96425], [20.07679, 39.96798], [20.07696, 39.9717]]}}, {"type": "Feature", "properties": {"ev": 2}, "geometry": {"type": "LineString", "coordinates": [[20.07521, 39.93449], [20.07539, 39.93821], [20.07556, 39.94192], [20.07574, 39.94564], [20.07592, 39.94937], [20.07611, 39.95309], [20.07628, 39.95682], [20.07645, 39.96053], [20.07661, 39.96425], [20.07679, 39.96798], [20.07696, 39.9717]]}}, {"type": "Feature", "properties": {"ev": 2}, "geometry": {"type": "LineString", "coordinates": [[20.07521, 39.93449], [20.07023, 39.93641], [20.06526, 39.93832], [20.06028, 39.94025], [20.05533, 39.9422], [20.05037, 39.94414], [20.04541, 39.94608], [20.04045, 39.94801], [20.03548, 39.94993], [20.03049, 39.95185], [20.0255, 39.95377]]}}, {"type": "Feature", "properties": {"ev": 2}, "geometry": {"type": "LineString", "coordinates": [[20.07521, 39.93449], [20.07023, 39.93641], [20.06526, 39.93832], [20.06028, 39.94025], [20.05533, 39.9422], [20.05037, 39.94414], [20.04541, 39.94608], [20.04045, 39.94801], [20.03548, 39.94993], [20.03049, 39.95185], [20.0255, 39.95377]]}}, {"type": "Feature", "properties": {"ev": 2}, "geometry": {"type": "LineString", "coordinates": [[20.07521, 39.93449], [20.07436, 39.93884], [20.0735, 39.9432], [20.07265, 39.94756], [20.0718, 39.95193], [20.07095, 39.95629], [20.07008, 39.96067], [20.06922, 39.96502], [20.06835, 39.96938], [20.0675, 39.97374], [20.06664, 39.97811]]}}, {"type": "Feature", "properties": {"ev": 2}, "geometry": {"type": "LineString", "coordinates": [[20.07521, 39.93449], [20.07436, 39.93884], [20.0735, 39.9432], [20.07265, 39.94756], [20.0718, 39.95193], [20.07095, 39.95629], [20.07008, 39.96067], [20.06922, 39.96502], [20.06835, 39.96938], [20.0675, 39.97374], [20.06664, 39.97811]]}}, {"type": "Feature", "properties": {"ev": 2}, "geometry": {"type": "LineString", "coordinates": [[20.07521, 39.93449], [20.08175, 39.93548], [20.08829, 39.93648], [20.09483, 39.93748], [20.10138, 39.93849], [20.10792, 39.9395], [20.1145, 39.94051], [20.12107, 39.94151], [20.12764, 39.94252], [20.1342, 39.94352], [20.14075, 39.94452]]}}, {"type": "Feature", "properties": {"ev": 2}, "geometry": {"type": "LineString", "coordinates": [[20.07521, 39.93449], [20.08175, 39.93548], [20.08829, 39.93648], [20.09483, 39.93748], [20.10138, 39.93849], [20.10792, 39.9395], [20.1145, 39.94051], [20.12107, 39.94151], [20.12764, 39.94252], [20.1342, 39.94352], [20.14075, 39.94452]]}}, {"type": "Feature", "properties": {"ev": 2}, "geometry": {"type": "LineString", "coordinates": [[20.07521, 39.93449], [20.07739, 39.93924], [20.07956, 39.94398], [20.08174, 39.94874], [20.08392, 39.95349], [20.08611, 39.95826], [20.08829, 39.96302], [20.09046, 39.96778], [20.09271, 39.97255], [20.0949, 39.97731], [20.09708, 39.98205]]}}, {"type": "Feature", "properties": {"ev": 2}, "geometry": {"type": "LineString", "coordinates": [[20.07521, 39.93449], [20.07739, 39.93924], [20.07956, 39.94398], [20.08174, 39.94874], [20.08392, 39.95349], [20.08611, 39.95826], [20.08829, 39.96302], [20.09046, 39.96778], [20.09271, 39.97255], [20.0949, 39.97731], [20.09708, 39.98205]]}}, {"type": "Feature", "properties": {"ev": 2}, "geometry": {"type": "LineString", "coordinates": [[20.07521, 39.93449], [20.06822, 39.93328], [20.06125, 39.93209], [20.05426, 39.9309], [20.04726, 39.92971], [20.04027, 39.92851], [20.03328, 39.92731], [20.0263, 39.92612], [20.01933, 39.92492], [20.01232, 39.92369], [20.00531, 39.92247]]}}, {"type": "Feature", "properties": {"ev": 2}, "geometry": {"type": "LineString", "coordinates": [[20.07521, 39.93449], [20.06822, 39.93328], [20.06125, 39.93209], [20.05426, 39.9309], [20.04726, 39.92971], [20.04027, 39.92851], [20.03328, 39.92731], [20.0263, 39.92612], [20.01933, 39.92492], [20.01232, 39.92369], [20.00531, 39.92247]]}}, {"type": "Feature", "properties": {"ev": 2}, "geometry": {"type": "LineString", "coordinates": [[20.07521, 39.93449], [20.082, 39.93181], [20.08879, 39.92913], [20.09558, 39.92647], [20.10238, 39.9238], [20.10918, 39.92113], [20.11597, 39.91845], [20.12275, 39.91576], [20.12953, 39.91306], [20.13633, 39.91037], [20.14313, 39.90769]]}}, {"type": "Feature", "properties": {"ev": 2}, "geometry": {"type": "LineString", "coordinates": [[20.07521, 39.93449], [20.082, 39.93181], [20.08879, 39.92913], [20.09558, 39.92647], [20.10238, 39.9238], [20.10918, 39.92113], [20.11597, 39.91845], [20.12275, 39.91576], [20.12953, 39.91306], [20.13633, 39.91037], [20.14313, 39.90769]]}}, {"type": "Feature", "properties": {"ev": 2}, "geometry": {"type": "LineString", "coordinates": [[20.07521, 39.93449], [20.08034, 39.9299], [20.08547, 39.92532], [20.09061, 39.92074], [20.09576, 39.91617], [20.1009, 39.91159], [20.10602, 39.90702], [20.11113, 39.90242], [20.11625, 39.89782], [20.1214, 39.89323], [20.12654, 39.88865]]}}, {"type": "Feature", "properties": {"ev": 2}, "geometry": {"type": "LineString", "coordinates": [[20.07521, 39.93449], [20.08034, 39.9299], [20.08547, 39.92532], [20.09061, 39.92074], [20.09576, 39.91617], [20.1009, 39.91159], [20.10602, 39.90702], [20.11113, 39.90242], [20.11625, 39.89782], [20.1214, 39.89323], [20.12654, 39.88865]]}}, {"type": "Feature", "properties": {"ev": 2}, "geometry": {"type": "LineString", "coordinates": [[20.07521, 39.93449], [20.07534, 39.9398], [20.07547, 39.94511], [20.0756, 39.95042], [20.07573, 39.95574], [20.07586, 39.96105], [20.07599, 39.96639], [20.0761, 39.97171], [20.07622, 39.97701], [20.07634, 39.98232], [20.07658, 39.98767]]}}, {"type": "Feature", "properties": {"ev": 2}, "geometry": {"type": "LineString", "coordinates": [[20.07521, 39.93449], [20.07534, 39.9398], [20.07547, 39.94511], [20.0756, 39.95042], [20.07573, 39.95574], [20.07586, 39.96105], [20.07599, 39.96639], [20.0761, 39.97171], [20.07622, 39.97701], [20.07634, 39.98232], [20.07658, 39.98767]]}}, {"type": "Feature", "properties": {"ev": 2}, "geometry": {"type": "LineString", "coordinates": [[20.07521, 39.93449], [20.07181, 39.93917], [20.06841, 39.94386], [20.06501, 39.94854], [20.06161, 39.95324], [20.05821, 39.95792], [20.05479, 39.96263], [20.05137, 39.96731], [20.04796, 39.97199], [20.04457, 39.97668], [20.04119, 39.98137]]}}, {"type": "Feature", "properties": {"ev": 2}, "geometry": {"type": "LineString", "coordinates": [[20.07521, 39.93449], [20.07181, 39.93917], [20.06841, 39.94386], [20.06501, 39.94854], [20.06161, 39.95324], [20.05821, 39.95792], [20.05479, 39.96263], [20.05137, 39.96731], [20.04796, 39.97199], [20.04457, 39.97668], [20.04119, 39.98137]]}}, {"type": "Feature", "properties": {"ev": 2}, "geometry": {"type": "LineString", "coordinates": [[20.07521, 39.93449], [20.08345, 39.93476], [20.0917, 39.93504], [20.09994, 39.93533], [20.10819, 39.93562], [20.11643, 39.93591], [20.12473, 39.93619], [20.133, 39.93647], [20.14126, 39.93676], [20.14951, 39.93704], [20.15775, 39.93732]]}}, {"type": "Feature", "properties": {"ev": 2}, "geometry": {"type": "LineString", "coordinates": [[20.07521, 39.93449], [20.08345, 39.93476], [20.0917, 39.93504], [20.09994, 39.93533], [20.10819, 39.93562], [20.11643, 39.93591], [20.12473, 39.93619], [20.133, 39.93647], [20.14126, 39.93676], [20.14951, 39.93704], [20.15775, 39.93732]]}}, {"type": "Feature", "properties": {"ev": 2}, "geometry": {"type": "LineString", "coordinates": [[20.07521, 39.93449], [20.07945, 39.93384], [20.08369, 39.93319], [20.08793, 39.93254], [20.09217, 39.9319], [20.09641, 39.93125], [20.10065, 39.9306], [20.10489, 39.92995], [20.10913, 39.92931], [20.11337, 39.92866], [20.11761, 39.92801], [20.12186, 39.92736], [20.1261, 39.92671], [20.13035, 39.92606], [20.13459, 39.92542], [20.13883, 39.92477], [20.14307, 39.92412], [20.14731, 39.92347], [20.15155, 39.92282], [20.15579, 39.92217], [20.16002, 39.92152], [20.16426, 39.92087]]}}, {"type": "Feature", "properties": {"ev": 2}, "geometry": {"type": "LineString", "coordinates": [[20.07521, 39.93449], [20.07945, 39.93384], [20.08369, 39.93319], [20.08793, 39.93254], [20.09217, 39.9319], [20.09641, 39.93125], [20.10065, 39.9306], [20.10489, 39.92995], [20.10913, 39.92931], [20.11337, 39.92866], [20.11761, 39.92801], [20.12186, 39.92736], [20.1261, 39.92671], [20.13035, 39.92606], [20.13459, 39.92542], [20.13883, 39.92477], [20.14307, 39.92412], [20.14731, 39.92347], [20.15155, 39.92282], [20.15579, 39.92217], [20.16002, 39.92152], [20.16426, 39.92087]]}}, {"type": "Feature", "properties": {"ev": 2}, "geometry": {"type": "LineString", "coordinates": [[20.07521, 39.93449], [20.07973, 39.93426], [20.08426, 39.93404], [20.08878, 39.93381], [20.0933, 39.93358], [20.09782, 39.93336], [20.10234, 39.93313], [20.10686, 39.93291], [20.11138, 39.93268], [20.1159, 39.93246], [20.12042, 39.93223], [20.12496, 39.93201], [20.12949, 39.93178], [20.13401, 39.93155], [20.13853, 39.93133], [20.14305, 39.9311], [20.14757, 39.93087], [20.1521, 39.93065], [20.15662, 39.93042], [20.16114, 39.93019], [20.16566, 39.92997], [20.17015, 39.92974]]}}, {"type": "Feature", "properties": {"ev": 2}, "geometry": {"type": "LineString", "coordinates": [[20.07521, 39.93449], [20.07973, 39.93426], [20.08426, 39.93404], [20.08878, 39.93381], [20.0933, 39.93358], [20.09782, 39.93336], [20.10234, 39.93313], [20.10686, 39.93291], [20.11138, 39.93268], [20.1159, 39.93246], [20.12042, 39.93223], [20.12496, 39.93201], [20.12949, 39.93178], [20.13401, 39.93155], [20.13853, 39.93133], [20.14305, 39.9311], [20.14757, 39.93087], [20.1521, 39.93065], [20.15662, 39.93042], [20.16114, 39.93019], [20.16566, 39.92997], [20.17015, 39.92974]]}}, {"type": "Feature", "properties": {"ev": 2}, "geometry": {"type": "LineString", "coordinates": [[20.07521, 39.93449], [20.07494, 39.93768], [20.07467, 39.94086], [20.07441, 39.94405], [20.07414, 39.94724], [20.07387, 39.95043], [20.0736, 39.95362], [20.07333, 39.9568], [20.07306, 39.95999], [20.07279, 39.96318], [20.07253, 39.96637], [20.07225, 39.96957], [20.07198, 39.97276], [20.07171, 39.97594], [20.07144, 39.97913], [20.07117, 39.98232], [20.0709, 39.9855], [20.07063, 39.98869], [20.07039, 39.99188], [20.07014, 39.99507], [20.06987, 39.99825], [20.0696, 40.00143]]}}, {"type": "Feature", "properties": {"ev": 2}, "geometry": {"type": "LineString", "coordinates": [[20.07521, 39.93449], [20.07494, 39.93768], [20.07467, 39.94086], [20.07441, 39.94405], [20.07414, 39.94724], [20.07387, 39.95043], [20.0736, 39.95362], [20.07333, 39.9568], [20.07306, 39.95999], [20.07279, 39.96318], [20.07253, 39.96637], [20.07225, 39.96957], [20.07198, 39.97276], [20.07171, 39.97594], [20.07144, 39.97913], [20.07117, 39.98232], [20.0709, 39.9855], [20.07063, 39.98869], [20.07039, 39.99188], [20.07014, 39.99507], [20.06987, 39.99825], [20.0696, 40.00143]]}}, {"type": "Feature", "properties": {"ev": 2}, "geometry": {"type": "LineString", "coordinates": [[20.07521, 39.93449], [20.07799, 39.93149], [20.08077, 39.92849], [20.08355, 39.92549], [20.08633, 39.92249], [20.08911, 39.91949], [20.09189, 39.91649], [20.09467, 39.91349], [20.09745, 39.91049], [20.10023, 39.90749], [20.10301, 39.90449], [20.10579, 39.90149], [20.10856, 39.89849], [20.11133, 39.89549], [20.11411, 39.89249], [20.11688, 39.88949], [20.11966, 39.88649], [20.12244, 39.88348], [20.12522, 39.88049], [20.128, 39.87749], [20.13078, 39.87449], [20.13357, 39.87149]]}}, {"type": "Feature", "properties": {"ev": 2}, "geometry": {"type": "LineString", "coordinates": [[20.07521, 39.93449], [20.07799, 39.93149], [20.08077, 39.92849], [20.08355, 39.92549], [20.08633, 39.92249], [20.08911, 39.91949], [20.09189, 39.91649], [20.09467, 39.91349], [20.09745, 39.91049], [20.10023, 39.90749], [20.10301, 39.90449], [20.10579, 39.90149], [20.10856, 39.89849], [20.11133, 39.89549], [20.11411, 39.89249], [20.11688, 39.88949], [20.11966, 39.88649], [20.12244, 39.88348], [20.12522, 39.88049], [20.128, 39.87749], [20.13078, 39.87449], [20.13357, 39.87149]]}}, {"type": "Feature", "properties": {"ev": 2}, "geometry": {"type": "LineString", "coordinates": [[20.07521, 39.93449], [20.08013, 39.93487], [20.08505, 39.93525], [20.08997, 39.93564], [20.09489, 39.93602], [20.09981, 39.93641], [20.10473, 39.93679], [20.10965, 39.93717], [20.11457, 39.93756], [20.11948, 39.93794], [20.1244, 39.93832], [20.12934, 39.93871], [20.13426, 39.93909], [20.13918, 39.93948], [20.1441, 39.93986], [20.14902, 39.94025], [20.15395, 39.94063], [20.15887, 39.94101], [20.16379, 39.9414], [20.16871, 39.94178], [20.17363, 39.94217], [20.17852, 39.94255]]}}, {"type": "Feature", "properties": {"ev": 2}, "geometry": {"type": "LineString", "coordinates": [[20.07521, 39.93449], [20.08013, 39.93487], [20.08505, 39.93525], [20.08997, 39.93564], [20.09489, 39.93602], [20.09981, 39.93641], [20.10473, 39.93679], [20.10965, 39.93717], [20.11457, 39.93756], [20.11948, 39.93794], [20.1244, 39.93832], [20.12934, 39.93871], [20.13426, 39.93909], [20.13918, 39.93948], [20.1441, 39.93986], [20.14902, 39.94025], [20.15395, 39.94063], [20.15887, 39.94101], [20.16379, 39.9414], [20.16871, 39.94178], [20.17363, 39.94217], [20.17852, 39.94255]]}}, {"type": "Feature", "properties": {"ev": 2}, "geometry": {"type": "LineString", "coordinates": [[20.07521, 39.93449], [20.08114, 39.93339], [20.08707, 39.9323], [20.093, 39.93121], [20.09892, 39.93011], [20.10485, 39.92902], [20.11078, 39.92793], [20.11671, 39.92683], [20.12263, 39.92574], [20.12856, 39.92465], [20.13449, 39.92356], [20.14043, 39.92246], [20.14636, 39.92137], [20.15229, 39.92027], [20.15822, 39.91918], [20.16414, 39.91809], [20.17007, 39.91699], [20.17599, 39.9159], [20.18192, 39.9148], [20.18784, 39.9137], [20.19377, 39.91261], [20.19968, 39.91151]]}}, {"type": "Feature", "properties": {"ev": 2}, "geometry": {"type": "LineString", "coordinates": [[20.07521, 39.93449], [20.08114, 39.93339], [20.08707, 39.9323], [20.093, 39.93121], [20.09892, 39.93011], [20.10485, 39.92902], [20.11078, 39.92793], [20.11671, 39.92683], [20.12263, 39.92574], [20.12856, 39.92465], [20.13449, 39.92356], [20.14043, 39.92246], [20.14636, 39.92137], [20.15229, 39.92027], [20.15822, 39.91918], [20.16414, 39.91809], [20.17007, 39.91699], [20.17599, 39.9159], [20.18192, 39.9148], [20.18784, 39.9137], [20.19377, 39.91261], [20.19968, 39.91151]]}}, {"type": "Feature", "properties": {"ev": 2}, "geometry": {"type": "LineString", "coordinates": [[20.07521, 39.93449], [20.08072, 39.93724], [20.08622, 39.93999], [20.09172, 39.94274], [20.09723, 39.94549], [20.10273, 39.94824], [20.10823, 39.95099], [20.11374, 39.95374], [20.11924, 39.95649], [20.12475, 39.95924], [20.13025, 39.96199], [20.13577, 39.96475], [20.14127, 39.9675], [20.14678, 39.97025], [20.15228, 39.973], [20.15779, 39.97575], [20.1633, 39.9785], [20.16881, 39.98126], [20.17432, 39.98401], [20.17983, 39.98676], [20.18534, 39.98951], [20.19085, 39.99226]]}}, {"type": "Feature", "properties": {"ev": 2}, "geometry": {"type": "LineString", "coordinates": [[20.07521, 39.93449], [20.08072, 39.93724], [20.08622, 39.93999], [20.09172, 39.94274], [20.09723, 39.94549], [20.10273, 39.94824], [20.10823, 39.95099], [20.11374, 39.95374], [20.11924, 39.95649], [20.12475, 39.95924], [20.13025, 39.96199], [20.13577, 39.96475], [20.14127, 39.9675], [20.14678, 39.97025], [20.15228, 39.973], [20.15779, 39.97575], [20.1633, 39.9785], [20.16881, 39.98126], [20.17432, 39.98401], [20.17983, 39.98676], [20.18534, 39.98951], [20.19085, 39.99226]]}}, {"type": "Feature", "properties": {"ev": 3}, "geometry": {"type": "LineString", "coordinates": [[20.01242, 40.00813], [20.01777, 40.0076], [20.02312, 40.00707], [20.02847, 40.00654], [20.03382, 40.006], [20.03919, 40.00547], [20.04454, 40.00495], [20.04989, 40.00442], [20.05522, 40.00389], [20.06061, 40.00339], [20.06596, 40.00287]]}}, {"type": "Feature", "properties": {"ev": 3}, "geometry": {"type": "LineString", "coordinates": [[20.01242, 40.00813], [20.01777, 40.0076], [20.02312, 40.00707], [20.02847, 40.00654], [20.03382, 40.006], [20.03919, 40.00547], [20.04454, 40.00495], [20.04989, 40.00442], [20.05522, 40.00389], [20.06061, 40.00339], [20.06596, 40.00287]]}}, {"type": "Feature", "properties": {"ev": 3}, "geometry": {"type": "LineString", "coordinates": [[20.01242, 40.00813], [20.01746, 40.00558], [20.0225, 40.00304], [20.02753, 40.00049], [20.03257, 39.99794], [20.03761, 39.99539], [20.04266, 39.99284], [20.04769, 39.99028], [20.05272, 39.98774], [20.05774, 39.9852], [20.06278, 39.98266]]}}, {"type": "Feature", "properties": {"ev": 3}, "geometry": {"type": "LineString", "coordinates": [[20.01242, 40.00813], [20.01746, 40.00558], [20.0225, 40.00304], [20.02753, 40.00049], [20.03257, 39.99794], [20.03761, 39.99539], [20.04266, 39.99284], [20.04769, 39.99028], [20.05272, 39.98774], [20.05774, 39.9852], [20.06278, 39.98266]]}}, {"type": "Feature", "properties": {"ev": 3}, "geometry": {"type": "LineString", "coordinates": [[20.01242, 40.00813], [20.01526, 40.00284], [20.01809, 39.99754], [20.02092, 39.99224], [20.02376, 39.98695], [20.02659, 39.98164], [20.02943, 39.97633], [20.03225, 39.97103], [20.03507, 39.96572], [20.038, 39.96048], [20.04084, 39.95519]]}}, {"type": "Feature", "properties": {"ev": 3}, "geometry": {"type": "LineString", "coordinates": [[20.01242, 40.00813], [20.01526, 40.00284], [20.01809, 39.99754], [20.02092, 39.99224], [20.02376, 39.98695], [20.02659, 39.98164], [20.02943, 39.97633], [20.03225, 39.97103], [20.03507, 39.96572], [20.038, 39.96048], [20.04084, 39.95519]]}}, {"type": "Feature", "properties": {"ev": 3}, "geometry": {"type": "LineString", "coordinates": [[20.01242, 40.00813], [20.01849, 40.00494], [20.02456, 40.00175], [20.03062, 39.99857], [20.03669, 39.99538], [20.04278, 39.99218], [20.04885, 39.98898], [20.05491, 39.98578], [20.06095, 39.9826], [20.06701, 39.97942], [20.07308, 39.97625]]}}, {"type": "Feature", "properties": {"ev": 3}, "geometry": {"type": "LineString", "coordinates": [[20.01242, 40.00813], [20.01849, 40.00494], [20.02456, 40.00175], [20.03062, 39.99857], [20.03669, 39.99538], [20.04278, 39.99218], [20.04885, 39.98898], [20.05491, 39.98578], [20.06095, 39.9826], [20.06701, 39.97942], [20.07308, 39.97625]]}}, {"type": "Feature", "properties": {"ev": 3}, "geometry": {"type": "LineString", "coordinates": [[20.01242, 40.00813], [20.02049, 40.00597], [20.02856, 40.00381], [20.03662, 40.00166], [20.04469, 39.9995], [20.05279, 39.99733], [20.06087, 39.99517], [20.06896, 39.99303], [20.07703, 39.99093], [20.08511, 39.98881], [20.09316, 39.98668]]}}, {"type": "Feature", "properties": {"ev": 3}, "geometry": {"type": "LineString", "coordinates": [[20.01242, 40.00813], [20.02049, 40.00597], [20.02856, 40.00381], [20.03662, 40.00166], [20.04469, 39.9995], [20.05279, 39.99733], [20.06087, 39.99517], [20.06896, 39.99303], [20.07703, 39.99093], [20.08511, 39.98881], [20.09316, 39.98668]]}}, {"type": "Feature", "properties": {"ev": 3}, "geometry": {"type": "LineString", "coordinates": [[20.01242, 40.00813], [20.01494, 40.00506], [20.01746, 40.00198], [20.01998, 39.9989], [20.0225, 39.99583], [20.02502, 39.99275], [20.02754, 39.98967], [20.03006, 39.9866], [20.03258, 39.98352], [20.0351, 39.98044], [20.03761, 39.97736], [20.04014, 39.97428], [20.04265, 39.9712], [20.04517, 39.96812], [20.04768, 39.96505], [20.0502, 39.96197], [20.05272, 39.95889], [20.05524, 39.95581], [20.05776, 39.95273], [20.06028, 39.94965], [20.06279, 39.94658], [20.06531, 39.9435]]}}, {"type": "Feature", "properties": {"ev": 3}, "geometry": {"type": "LineString", "coordinates": [[20.01242, 40.00813], [20.01494, 40.00506], [20.01746, 40.00198], [20.01998, 39.9989], [20.0225, 39.99583], [20.02502, 39.99275], [20.02754, 39.98967], [20.03006, 39.9866], [20.03258, 39.98352], [20.0351, 39.98044], [20.03761, 39.97736], [20.04014, 39.97428], [20.04265, 39.9712], [20.04517, 39.96812], [20.04768, 39.96505], [20.0502, 39.96197], [20.05272, 39.95889], [20.05524, 39.95581], [20.05776, 39.95273], [20.06028, 39.94965], [20.06279, 39.94658], [20.06531, 39.9435]]}}, {"type": "Feature", "properties": {"ev": 3}, "geometry": {"type": "LineString", "coordinates": [[20.01242, 40.00813], [20.01647, 40.00631], [20.02051, 40.00448], [20.02455, 40.00265], [20.02859, 40.00082], [20.03264, 39.999], [20.03668, 39.99717], [20.04072, 39.99534], [20.04476, 39.99352], [20.04881, 39.99169], [20.05286, 39.98985], [20.0569, 39.98803], [20.06095, 39.98619], [20.06499, 39.98437], [20.06903, 39.98254], [20.07306, 39.98071], [20.0771, 39.97889], [20.08114, 39.97706], [20.08521, 39.97525], [20.08926, 39.97344], [20.09331, 39.97161], [20.09732, 39.9698]]}}, {"type": "Feature", "properties": {"ev": 3}, "geometry": {"type": "LineString", "coordinates": [[20.01242, 40.00813], [20.01647, 40.00631], [20.02051, 40.00448], [20.02455, 40.00265], [20.02859, 40.00082], [20.03264, 39.999], [20.03668, 39.99717], [20.04072, 39.99534], [20.04476, 39.99352], [20.04881, 39.99169], [20.05286, 39.98985], [20.0569, 39.98803], [20.06095, 39.98619], [20.06499, 39.98437], [20.06903, 39.98254], [20.07306, 39.98071], [20.0771, 39.97889], [20.08114, 39.97706], [20.08521, 39.97525], [20.08926, 39.97344], [20.09331, 39.97161], [20.09732, 39.9698]]}}, {"type": "Feature", "properties": {"ev": 3}, "geometry": {"type": "LineString", "coordinates": [[20.01242, 40.00813], [20.01187, 40.00408], [20.01132, 40.00003], [20.01077, 39.99598], [20.01022, 39.99192], [20.00968, 39.98787], [20.00913, 39.98382], [20.00858, 39.97976], [20.00803, 39.97571], [20.00749, 39.97166], [20.00694, 39.9676], [20.00639, 39.96354], [20.00584, 39.95949], [20.00529, 39.95544], [20.00474, 39.95139], [20.00419, 39.94733], [20.00364, 39.94329], [20.00309, 39.93924], [20.0025, 39.93518], [20.00195, 39.93113], [20.00139, 39.92707], [20.00084, 39.92302]]}}, {"type": "Feature", "properties": {"ev": 3}, "geometry": {"type": "LineString", "coordinates": [[20.01242, 40.00813], [20.01187, 40.00408], [20.01132, 40.00003], [20.01077, 39.99598], [20.01022, 39.99192], [20.00968, 39.98787], [20.00913, 39.98382], [20.00858, 39.97976], [20.00803, 39.97571], [20.00749, 39.97166], [20.00694, 39.9676], [20.00639, 39.96354], [20.00584, 39.95949], [20.00529, 39.95544], [20.00474, 39.95139], [20.00419, 39.94733], [20.00364, 39.94329], [20.00309, 39.93924], [20.0025, 39.93518], [20.00195, 39.93113], [20.00139, 39.92707], [20.00084, 39.92302]]}}, {"type": "Feature", "properties": {"ev": 3}, "geometry": {"type": "LineString", "coordinates": [[20.01242, 40.00813], [20.01741, 40.00599], [20.02239, 40.00385], [20.02737, 40.00171], [20.03234, 39.99957], [20.03732, 39.99743], [20.0423, 39.99529], [20.04728, 39.99315], [20.05226, 39.99101], [20.05724, 39.98887], [20.06224, 39.98672], [20.06722, 39.98458], [20.0722, 39.98244], [20.07718, 39.9803], [20.08218, 39.97817], [20.08716, 39.97605], [20.09214, 39.97392], [20.09712, 39.97178], [20.10211, 39.96964], [20.10709, 39.96751], [20.11207, 39.96537], [20.11701, 39.96325]]}}, {"type": "Feature", "properties": {"ev": 3}, "geometry": {"type": "LineString", "coordinates": [[20.01242, 40.00813], [20.01741, 40.00599], [20.02239, 40.00385], [20.02737, 40.00171], [20.03234, 39.99957], [20.03732, 39.99743], [20.0423, 39.99529], [20.04728, 39.99315], [20.05226, 39.99101], [20.05724, 39.98887], [20.06224, 39.98672], [20.06722, 39.98458], [20.0722, 39.98244], [20.07718, 39.9803], [20.08218, 39.97817], [20.08716, 39.97605], [20.09214, 39.97392], [20.09712, 39.97178], [20.10211, 39.96964], [20.10709, 39.96751], [20.11207, 39.96537], [20.11701, 39.96325]]}}, {"type": "Feature", "properties": {"ev": 3}, "geometry": {"type": "LineString", "coordinates": [[20.01242, 40.00813], [20.01741, 40.00567], [20.02239, 40.00321], [20.02737, 40.00075], [20.03234, 39.99829], [20.03732, 39.99583], [20.0423, 39.99337], [20.04728, 39.99091], [20.05226, 39.98845], [20.05724, 39.98599], [20.06224, 39.98352], [20.06722, 39.98106], [20.0722, 39.9786], [20.07718, 39.97614], [20.08216, 39.97367], [20.08713, 39.97121], [20.09214, 39.96878], [20.09713, 39.96633], [20.10211, 39.96387], [20.1071, 39.96142], [20.11208, 39.95897], [20.11701, 39.95653]]}}, {"type": "Feature", "properties": {"ev": 3}, "geometry": {"type": "LineString", "coordinates": [[20.01242, 40.00813], [20.01741, 40.00567], [20.02239, 40.00321], [20.02737, 40.00075], [20.03234, 39.99829], [20.03732, 39.99583], [20.0423, 39.99337], [20.04728, 39.99091], [20.05226, 39.98845], [20.05724, 39.98599], [20.06224, 39.98352], [20.06722, 39.98106], [20.0722, 39.9786], [20.07718, 39.97614], [20.08216, 39.97367], [20.08713, 39.97121], [20.09214, 39.96878], [20.09713, 39.96633], [20.10211, 39.96387], [20.1071, 39.96142], [20.11208, 39.95897], [20.11701, 39.95653]]}}, {"type": "Feature", "properties": {"ev": 3}, "geometry": {"type": "LineString", "coordinates": [[20.01242, 40.00813], [20.01667, 40.00355], [20.02097, 39.99912], [20.02532, 39.99485], [20.0297, 39.99074], [20.03413, 39.98676], [20.0386, 39.98291], [20.0431, 39.97919], [20.04765, 39.97559], [20.05222, 39.97211], [20.05684, 39.96874], [20.06148, 39.96549], [20.06617, 39.96235], [20.07089, 39.95932], [20.07564, 39.95641], [20.08042, 39.95362], [20.08524, 39.95095], [20.0901, 39.94841], [20.09501, 39.94601], [20.09995, 39.94376], [20.10494, 39.94167], [20.10995, 39.93977]]}}, {"type": "Feature", "properties": {"ev": 3}, "geometry": {"type": "LineString", "coordinates": [[20.01242, 40.00813], [20.01667, 40.00355], [20.02097, 39.99912], [20.02532, 39.99485], [20.0297, 39.99074], [20.03413, 39.98676], [20.0386, 39.98291], [20.0431, 39.97919], [20.04765, 39.97559], [20.05222, 39.97211], [20.05684, 39.96874], [20.06148, 39.96549], [20.06617, 39.96235], [20.07089, 39.95932], [20.07564, 39.95641], [20.08042, 39.95362], [20.08524, 39.95095], [20.0901, 39.94841], [20.09501, 39.94601], [20.09995, 39.94376], [20.10494, 39.94167], [20.10995, 39.93977]]}}, {"type": "Feature", "properties": {"ev": 3}, "geometry": {"type": "LineString", "coordinates": [[20.01242, 40.00813], [20.01593, 40.00365], [20.01943, 39.99916], [20.02293, 39.99468], [20.02644, 39.9902], [20.02994, 39.98572], [20.03344, 39.98124], [20.03694, 39.97675], [20.04045, 39.97227], [20.04395, 39.96778], [20.04745, 39.9633], [20.05096, 39.95881], [20.05446, 39.95433], [20.05796, 39.94984], [20.06146, 39.94536], [20.06495, 39.94088], [20.06846, 39.93638], [20.07197, 39.93189], [20.07547, 39.9274], [20.07897, 39.92291], [20.08248, 39.91843], [20.08598, 39.91394]]}}, {"type": "Feature", "properties": {"ev": 3}, "geometry": {"type": "LineString", "coordinates": [[20.01242, 40.00813], [20.01593, 40.00365], [20.01943, 39.99916], [20.02293, 39.99468], [20.02644, 39.9902], [20.02994, 39.98572], [20.03344, 39.98124], [20.03694, 39.97675], [20.04045, 39.97227], [20.04395, 39.96778], [20.04745, 39.9633], [20.05096, 39.95881], [20.05446, 39.95433], [20.05796, 39.94984], [20.06146, 39.94536], [20.06495, 39.94088], [20.06846, 39.93638], [20.07197, 39.93189], [20.07547, 39.9274], [20.07897, 39.92291], [20.08248, 39.91843], [20.08598, 39.91394]]}}, {"type": "Feature", "properties": {"ev": 3}, "geometry": {"type": "LineString", "coordinates": [[20.01242, 40.00813], [20.01241, 40.01306], [20.0124, 40.01798], [20.01239, 40.02291], [20.01238, 40.02783], [20.01237, 40.03275], [20.01235, 40.03767], [20.01234, 40.0426], [20.01233, 40.04752], [20.01232, 40.05244], [20.0123, 40.05737], [20.01229, 40.0623], [20.01228, 40.06722], [20.01226, 40.07214], [20.01225, 40.07707], [20.01224, 40.08199], [20.01223, 40.08692], [20.01222, 40.09184], [20.01221, 40.09677], [20.0122, 40.10169], [20.01219, 40.10661], [20.01217, 40.11153]]}}, {"type": "Feature", "properties": {"ev": 3}, "geometry": {"type": "LineString", "coordinates": [[20.01242, 40.00813], [20.01241, 40.01306], [20.0124, 40.01798], [20.01239, 40.02291], [20.01238, 40.02783], [20.01237, 40.03275], [20.01235, 40.03767], [20.01234, 40.0426], [20.01233, 40.04752], [20.01232, 40.05244], [20.0123, 40.05737], [20.01229, 40.0623], [20.01228, 40.06722], [20.01226, 40.07214], [20.01225, 40.07707], [20.01224, 40.08199], [20.01223, 40.08692], [20.01222, 40.09184], [20.01221, 40.09677], [20.0122, 40.10169], [20.01219, 40.10661], [20.01217, 40.11153]]}}, {"type": "Feature", "properties": {"ev": 3}, "geometry": {"type": "LineString", "coordinates": [[20.01242, 40.00813], [20.01631, 40.00285], [20.02028, 39.99771], [20.02432, 39.99272], [20.02843, 39.98787], [20.0326, 39.98316], [20.03684, 39.97857], [20.04114, 39.97409], [20.0455, 39.96973], [20.04991, 39.96548], [20.05439, 39.96135], [20.05891, 39.95731], [20.0635, 39.95338], [20.06814, 39.94957], [20.07282, 39.94585], [20.07756, 39.94226], [20.08237, 39.93877], [20.08725, 39.9354], [20.09219, 39.93217], [20.0972, 39.92907], [20.10228, 39.92613], [20.10743, 39.92337]]}}, {"type": "Feature", "properties": {"ev": 3}, "geometry": {"type": "LineString", "coordinates": [[20.01242, 40.00813], [20.01631, 40.00285], [20.02028, 39.99771], [20.02432, 39.99272], [20.02843, 39.98787], [20.0326, 39.98316], [20.03684, 39.97857], [20.04114, 39.97409], [20.0455, 39.96973], [20.04991, 39.96548], [20.05439, 39.96135], [20.05891, 39.95731], [20.0635, 39.95338], [20.06814, 39.94957], [20.07282, 39.94585], [20.07756, 39.94226], [20.08237, 39.93877], [20.08725, 39.9354], [20.09219, 39.93217], [20.0972, 39.92907], [20.10228, 39.92613], [20.10743, 39.92337]]}}, {"type": "Feature", "properties": {"ev": 3}, "geometry": {"type": "LineString", "coordinates": [[20.01242, 40.00813], [20.0196, 40.00473], [20.02666, 40.00137], [20.0336, 39.99807], [20.04045, 39.99482], [20.04719, 39.99162], [20.05383, 39.98846], [20.06039, 39.98534], [20.06686, 39.98227], [20.07325, 39.97923], [20.07956, 39.97623], [20.08579, 39.97328], [20.09195, 39.97035], [20.09803, 39.96747], [20.10402, 39.96463], [20.10993, 39.96183], [20.11574, 39.95908], [20.12147, 39.95637], [20.1271, 39.9537], [20.13263, 39.95108], [20.13803, 39.94851], [20.14327, 39.94602]]}}, {"type": "Feature", "properties": {"ev": 3}, "geometry": {"type": "LineString", "coordinates": [[20.01242, 40.00813], [20.0196, 40.00473], [20.02666, 40.00137], [20.0336, 39.99807], [20.04045, 39.99482], [20.04719, 39.99162], [20.05383, 39.98846], [20.06039, 39.98534], [20.06686, 39.98227], [20.07325, 39.97923], [20.07956, 39.97623], [20.08579, 39.97328], [20.09195, 39.97035], [20.09803, 39.96747], [20.10402, 39.96463], [20.10993, 39.96183], [20.11574, 39.95908], [20.12147, 39.95637], [20.1271, 39.9537], [20.13263, 39.95108], [20.13803, 39.94851], [20.14327, 39.94602]]}}, {"type": "Feature", "properties": {"ev": 3}, "geometry": {"type": "LineString", "coordinates": [[20.01242, 40.00813], [20.01761, 40.01196], [20.0228, 40.01578], [20.02799, 40.0196], [20.03318, 40.02342], [20.03837, 40.02724], [20.04356, 40.03106], [20.04875, 40.03489], [20.05394, 40.03871], [20.05913, 40.04253], [20.06432, 40.04635], [20.06951, 40.05018], [20.0747, 40.054], [20.0799, 40.05782], [20.08509, 40.06164], [20.09029, 40.06546], [20.09549, 40.06929], [20.10068, 40.07311], [20.10588, 40.07693], [20.11106, 40.08075], [20.11625, 40.08457], [20.12145, 40.08839]]}}, {"type": "Feature", "properties": {"ev": 3}, "geometry": {"type": "LineString", "coordinates": [[20.01242, 40.00813], [20.01761, 40.01196], [20.0228, 40.01578], [20.02799, 40.0196], [20.03318, 40.02342], [20.03837, 40.02724], [20.04356, 40.03106], [20.04875, 40.03489], [20.05394, 40.03871], [20.05913, 40.04253], [20.06432, 40.04635], [20.06951, 40.05018], [20.0747, 40.054], [20.0799, 40.05782], [20.08509, 40.06164], [20.09029, 40.06546], [20.09549, 40.06929], [20.10068, 40.07311], [20.10588, 40.07693], [20.11106, 40.08075], [20.11625, 40.08457], [20.12145, 40.08839]]}}, {"type": "Feature", "properties": {"ev": 3}, "geometry": {"type": "LineString", "coordinates": [[20.01242, 40.00813], [20.01705, 40.00325], [20.02168, 39.99837], [20.02631, 39.99348], [20.03094, 39.98861], [20.03556, 39.98372], [20.04019, 39.97884], [20.04482, 39.97396], [20.04944, 39.96908], [20.05407, 39.9642], [20.05871, 39.95931], [20.06334, 39.95443], [20.06797, 39.94954], [20.07259, 39.94466], [20.07721, 39.93977], [20.08183, 39.93489], [20.08646, 39.92999], [20.0911, 39.9251], [20.09572, 39.92022], [20.10035, 39.91533], [20.10498, 39.91045], [20.1096, 39.90558]]}}, {"type": "Feature", "properties": {"ev": 3}, "geometry": {"type": "LineString", "coordinates": [[20.01242, 40.00813], [20.01705, 40.00325], [20.02168, 39.99837], [20.02631, 39.99348], [20.03094, 39.98861], [20.03556, 39.98372], [20.04019, 39.97884], [20.04482, 39.97396], [20.04944, 39.96908], [20.05407, 39.9642], [20.05871, 39.95931], [20.06334, 39.95443], [20.06797, 39.94954], [20.07259, 39.94466], [20.07721, 39.93977], [20.08183, 39.93489], [20.08646, 39.92999], [20.0911, 39.9251], [20.09572, 39.92022], [20.10035, 39.91533], [20.10498, 39.91045], [20.1096, 39.90558]]}}, {"type": "Feature", "properties": {"ev": 3}, "geometry": {"type": "LineString", "coordinates": [[20.01242, 40.00813], [20.01986, 40.00388], [20.02725, 39.99974], [20.0346, 39.99571], [20.0419, 39.99178], [20.04917, 39.98795], [20.0564, 39.98421], [20.06359, 39.98056], [20.07076, 39.977], [20.07789, 39.97351], [20.085, 39.97011], [20.09207, 39.96679], [20.09913, 39.96353], [20.10616, 39.96037], [20.11314, 39.95729], [20.12009, 39.95429], [20.127, 39.95139], [20.13389, 39.94856], [20.14073, 39.94584], [20.14753, 39.94321], [20.15428, 39.94069], [20.16094, 39.93831]]}}, {"type": "Feature", "properties": {"ev": 3}, "geometry": {"type": "LineString", "coordinates": [[20.01242, 40.00813], [20.01986, 40.00388], [20.02725, 39.99974], [20.0346, 39.99571], [20.0419, 39.99178], [20.04917, 39.98795], [20.0564, 39.98421], [20.06359, 39.98056], [20.07076, 39.977], [20.07789, 39.97351], [20.085, 39.97011], [20.09207, 39.96679], [20.09913, 39.96353], [20.10616, 39.96037], [20.11314, 39.95729], [20.12009, 39.95429], [20.127, 39.95139], [20.13389, 39.94856], [20.14073, 39.94584], [20.14753, 39.94321], [20.15428, 39.94069], [20.16094, 39.93831]]}}, {"type": "Feature", "properties": {"ev": 3}, "geometry": {"type": "LineString", "coordinates": [[20.01242, 40.00813], [20.02071, 40.00416], [20.02895, 40.0003], [20.03714, 39.99654], [20.04528, 39.99288], [20.05338, 39.98931], [20.06143, 39.98583], [20.06944, 39.98244], [20.07742, 39.97912], [20.08537, 39.97589], [20.09327, 39.97274], [20.10114, 39.96965], [20.10899, 39.96664], [20.1168, 39.96371], [20.12457, 39.96087], [20.13229, 39.9581], [20.13998, 39.95543], [20.14763, 39.95283], [20.15524, 39.95032], [20.16279, 39.94791], [20.17028, 39.9456], [20.1777, 39.94342]]}}, {"type": "Feature", "properties": {"ev": 3}, "geometry": {"type": "LineString", "coordinates": [[20.01242, 40.00813], [20.02071, 40.00416], [20.02895, 40.0003], [20.03714, 39.99654], [20.04528, 39.99288], [20.05338, 39.98931], [20.06143, 39.98583], [20.06944, 39.98244], [20.07742, 39.97912], [20.08537, 39.97589], [20.09327, 39.97274], [20.10114, 39.96965], [20.10899, 39.96664], [20.1168, 39.96371], [20.12457, 39.96087], [20.13229, 39.9581], [20.13998, 39.95543], [20.14763, 39.95283], [20.15524, 39.95032], [20.16279, 39.94791], [20.17028, 39.9456], [20.1777, 39.94342]]}}, {"type": "Feature", "properties": {"ev": 3}, "geometry": {"type": "LineString", "coordinates": [[20.01242, 40.00813], [20.01794, 40.00239], [20.02345, 39.99665], [20.02896, 39.99091], [20.03447, 39.98516], [20.03997, 39.97942], [20.04548, 39.97368], [20.05099, 39.96794], [20.05651, 39.9622], [20.06203, 39.95646], [20.06755, 39.95072], [20.07306, 39.94497], [20.07856, 39.93923], [20.08407, 39.93349], [20.08957, 39.92774], [20.09506, 39.92199], [20.10059, 39.91623], [20.1061, 39.91048], [20.11161, 39.90474], [20.11712, 39.89901], [20.12263, 39.89327], [20.12815, 39.88753]]}}, {"type": "Feature", "properties": {"ev": 3}, "geometry": {"type": "LineString", "coordinates": [[20.01242, 40.00813], [20.01794, 40.00239], [20.02345, 39.99665], [20.02896, 39.99091], [20.03447, 39.98516], [20.03997, 39.97942], [20.04548, 39.97368], [20.05099, 39.96794], [20.05651, 39.9622], [20.06203, 39.95646], [20.06755, 39.95072], [20.07306, 39.94497], [20.07856, 39.93923], [20.08407, 39.93349], [20.08957, 39.92774], [20.09506, 39.92199], [20.10059, 39.91623], [20.1061, 39.91048], [20.11161, 39.90474], [20.11712, 39.89901], [20.12263, 39.89327], [20.12815, 39.88753]]}}, {"type": "Feature", "properties": {"ev": 3}, "geometry": {"type": "LineString", "coordinates": [[20.01242, 40.00813], [20.01815, 40.00168], [20.02387, 39.99523], [20.02959, 39.98877], [20.03531, 39.98232], [20.04103, 39.97587], [20.04675, 39.96942], [20.05247, 39.96297], [20.0582, 39.95652], [20.06393, 39.95007], [20.06966, 39.94361], [20.07538, 39.93716], [20.08109, 39.93071], [20.0868, 39.92425], [20.09251, 39.91779], [20.09822, 39.91133], [20.10395, 39.90486], [20.10967, 39.8984], [20.1154, 39.89195], [20.12112, 39.88551], [20.12683, 39.87907], [20.13257, 39.87261]]}}, {"type": "Feature", "properties": {"ev": 3}, "geometry": {"type": "LineString", "coordinates": [[20.01242, 40.00813], [20.01815, 40.00168], [20.02387, 39.99523], [20.02959, 39.98877], [20.03531, 39.98232], [20.04103, 39.97587], [20.04675, 39.96942], [20.05247, 39.96297], [20.0582, 39.95652], [20.06393, 39.95007], [20.06966, 39.94361], [20.07538, 39.93716], [20.08109, 39.93071], [20.0868, 39.92425], [20.09251, 39.91779], [20.09822, 39.91133], [20.10395, 39.90486], [20.10967, 39.8984], [20.1154, 39.89195], [20.12112, 39.88551], [20.12683, 39.87907], [20.13257, 39.87261]]}}, {"type": "Feature", "properties": {"ev": 3}, "geometry": {"type": "LineString", "coordinates": [[20.01242, 40.00813], [20.02091, 40.00233], [20.02945, 39.99667], [20.03802, 39.99116], [20.04664, 39.98579], [20.0553, 39.98054], [20.06399, 39.97543], [20.07273, 39.97043], [20.0815, 39.96554], [20.0903, 39.96077], [20.09914, 39.9561], [20.108, 39.95154], [20.11693, 39.94706], [20.12588, 39.94272], [20.13484, 39.93848], [20.14384, 39.93436], [20.15287, 39.93035], [20.16194, 39.92646], [20.17103, 39.92268], [20.18017, 39.91904], [20.18935, 39.91555], [20.19855, 39.91224]]}}, {"type": "Feature", "properties": {"ev": 3}, "geometry": {"type": "LineString", "coordinates": [[20.01242, 40.00813], [20.02091, 40.00233], [20.02945, 39.99667], [20.03802, 39.99116], [20.04664, 39.98579], [20.0553, 39.98054], [20.06399, 39.97543], [20.07273, 39.97043], [20.0815, 39.96554], [20.0903, 39.96077], [20.09914, 39.9561], [20.108, 39.95154], [20.11693, 39.94706], [20.12588, 39.94272], [20.13484, 39.93848], [20.14384, 39.93436], [20.15287, 39.93035], [20.16194, 39.92646], [20.17103, 39.92268], [20.18017, 39.91904], [20.18935, 39.91555], [20.19855, 39.91224]]}}, {"type": "Feature", "properties": {"ev": 3}, "geometry": {"type": "LineString", "coordinates": [[20.01242, 40.00813], [20.01583, 40.00428], [20.01924, 40.00042], [20.02264, 39.99656], [20.02605, 39.9927], [20.02946, 39.98884], [20.03286, 39.98498], [20.03627, 39.98112], [20.03967, 39.97726], [20.04308, 39.9734], [20.04648, 39.96955], [20.04989, 39.96569], [20.0533, 39.96183], [20.0567, 39.95797], [20.06011, 39.95411], [20.06352, 39.95025], [20.06692, 39.9464], [20.07033, 39.94254], [20.07374, 39.93868], [20.07714, 39.93482], [20.08055, 39.93097], [20.08395, 39.9271], [20.08735, 39.92324], [20.09075, 39.91938], [20.09415, 39.91552], [20.09756, 39.91167], [20.10096, 39.90781], [20.10436, 39.90395], [20.10776, 39.90009], [20.11116, 39.89622], [20.11456, 39.89236], [20.11797, 39.8885], [20.12137, 39.88465], [20.12477, 39.88079], [20.12818, 39.87693], [20.13158, 39.87307], [20.13498, 39.86922], [20.13839, 39.86536], [20.14179, 39.8615], [20.14519, 39.85764], [20.14859, 39.85379], [20.152, 39.84993], [20.1554, 39.84607]]}}, {"type": "Feature", "properties": {"ev": 3}, "geometry": {"type": "LineString", "coordinates": [[20.01242, 40.00813], [20.01583, 40.00428], [20.01924, 40.00042], [20.02264, 39.99656], [20.02605, 39.9927], [20.02946, 39.98884], [20.03286, 39.98498], [20.03627, 39.98112], [20.03967, 39.97726], [20.04308, 39.9734], [20.04648, 39.96955], [20.04989, 39.96569], [20.0533, 39.96183], [20.0567, 39.95797], [20.06011, 39.95411], [20.06352, 39.95025], [20.06692, 39.9464], [20.07033, 39.94254], [20.07374, 39.93868], [20.07714, 39.93482], [20.08055, 39.93097], [20.08395, 39.9271], [20.08735, 39.92324], [20.09075, 39.91938], [20.09415, 39.91552], [20.09756, 39.91167], [20.10096, 39.90781], [20.10436, 39.90395], [20.10776, 39.90009], [20.11116, 39.89622], [20.11456, 39.89236], [20.11797, 39.8885], [20.12137, 39.88465], [20.12477, 39.88079], [20.12818, 39.87693], [20.13158, 39.87307], [20.13498, 39.86922], [20.13839, 39.86536], [20.14179, 39.8615], [20.14519, 39.85764], [20.14859, 39.85379], [20.152, 39.84993], [20.1554, 39.84607]]}}, {"type": "Feature", "properties": {"ev": 4}, "geometry": {"type": "LineString", "coordinates": [[20.00721, 39.99456], [20.01007, 39.98714], [20.0129, 39.97972], [20.01571, 39.97231], [20.01851, 39.96489], [20.0213, 39.95747]]}}, {"type": "Feature", "properties": {"ev": 4}, "geometry": {"type": "LineString", "coordinates": [[20.00721, 39.99456], [20.01007, 39.98714], [20.0129, 39.97972], [20.01571, 39.97231], [20.01851, 39.96489], [20.0213, 39.95747]]}}, {"type": "Feature", "properties": {"ev": 4}, "geometry": {"type": "LineString", "coordinates": [[20.00721, 39.99456], [20.01274, 39.99327], [20.01826, 39.992], [20.02379, 39.99073], [20.02932, 39.98946], [20.03485, 39.98819], [20.04037, 39.98692], [20.0459, 39.98565], [20.05143, 39.98438], [20.05696, 39.9831], [20.06247, 39.98184]]}}, {"type": "Feature", "properties": {"ev": 4}, "geometry": {"type": "LineString", "coordinates": [[20.00721, 39.99456], [20.01274, 39.99327], [20.01826, 39.992], [20.02379, 39.99073], [20.02932, 39.98946], [20.03485, 39.98819], [20.04037, 39.98692], [20.0459, 39.98565], [20.05143, 39.98438], [20.05696, 39.9831], [20.06247, 39.98184]]}}, {"type": "Feature", "properties": {"ev": 4}, "geometry": {"type": "LineString", "coordinates": [[20.00721, 39.99456], [20.01055, 39.99054], [20.01388, 39.98652], [20.01721, 39.9825], [20.02054, 39.97848], [20.02387, 39.97446], [20.02719, 39.97044], [20.03052, 39.96642], [20.03384, 39.96239], [20.03716, 39.95837], [20.04048, 39.95435]]}}, {"type": "Feature", "properties": {"ev": 4}, "geometry": {"type": "LineString", "coordinates": [[20.00721, 39.99456], [20.01055, 39.99054], [20.01388, 39.98652], [20.01721, 39.9825], [20.02054, 39.97848], [20.02387, 39.97446], [20.02719, 39.97044], [20.03052, 39.96642], [20.03384, 39.96239], [20.03716, 39.95837], [20.04048, 39.95435]]}}, {"type": "Feature", "properties": {"ev": 4}, "geometry": {"type": "LineString", "coordinates": [[20.00721, 39.99456], [20.01305, 39.99529], [20.0189, 39.99604], [20.02474, 39.99678], [20.03057, 39.99753], [20.03641, 39.99827], [20.04225, 39.99902], [20.04809, 39.99976], [20.05393, 40.00051], [20.05976, 40.00126], [20.0656, 40.00201]]}}, {"type": "Feature", "properties": {"ev": 4}, "geometry": {"type": "LineString", "coordinates": [[20.00721, 39.99456], [20.01305, 39.99529], [20.0189, 39.99604], [20.02474, 39.99678], [20.03057, 39.99753], [20.03641, 39.99827], [20.04225, 39.99902], [20.04809, 39.99976], [20.05393, 40.00051], [20.05976, 40.00126], [20.0656, 40.00201]]}}, {"type": "Feature", "properties": {"ev": 5}, "geometry": {"type": "LineString", "coordinates": [[20.01991, 40.00688], [20.02457, 40.00647], [20.02921, 40.00605], [20.03385, 40.00564], [20.03849, 40.00522], [20.04314, 40.00481], [20.04781, 40.00439], [20.05246, 40.00398], [20.05709, 40.00357], [20.06178, 40.0032], [20.06643, 40.0028]]}}, {"type": "Feature", "properties": {"ev": 5}, "geometry": {"type": "LineString", "coordinates": [[20.01991, 40.00688], [20.02457, 40.00647], [20.02921, 40.00605], [20.03385, 40.00564], [20.03849, 40.00522], [20.04314, 40.00481], [20.04781, 40.00439], [20.05246, 40.00398], [20.05709, 40.00357], [20.06178, 40.0032], [20.06643, 40.0028]]}}, {"type": "Feature", "properties": {"ev": 5}, "geometry": {"type": "LineString", "coordinates": [[20.01991, 40.00688], [20.02425, 40.00445], [20.02858, 40.00202], [20.03291, 39.99959], [20.03724, 39.99716], [20.04157, 39.99473], [20.04592, 39.99229], [20.05026, 39.98985], [20.05458, 39.98742], [20.0589, 39.98499], [20.06323, 39.98257]]}}, {"type": "Feature", "properties": {"ev": 5}, "geometry": {"type": "LineString", "coordinates": [[20.01991, 40.00688], [20.02425, 40.00445], [20.02858, 40.00202], [20.03291, 39.99959], [20.03724, 39.99716], [20.04157, 39.99473], [20.04592, 39.99229], [20.05026, 39.98985], [20.05458, 39.98742], [20.0589, 39.98499], [20.06323, 39.98257]]}}, {"type": "Feature", "properties": {"ev": 5}, "geometry": {"type": "LineString", "coordinates": [[20.01991, 40.00688], [20.0226, 40.00534], [20.02528, 40.00381], [20.02796, 40.00228], [20.03065, 40.00074], [20.03333, 39.99921], [20.03601, 39.99767], [20.03869, 39.99614], [20.04138, 39.99461], [20.04406, 39.99307], [20.04674, 39.99154], [20.04943, 39.99001], [20.05212, 39.98846], [20.0548, 39.98693], [20.05749, 39.98539], [20.06017, 39.98386], [20.06285, 39.98232], [20.06552, 39.98079], [20.06821, 39.97926], [20.07089, 39.97773], [20.07357, 39.9762], [20.07624, 39.97468]]}}, {"type": "Feature", "properties": {"ev": 5}, "geometry": {"type": "LineString", "coordinates": [[20.01991, 40.00688], [20.0226, 40.00534], [20.02528, 40.00381], [20.02796, 40.00228], [20.03065, 40.00074], [20.03333, 39.99921], [20.03601, 39.99767], [20.03869, 39.99614], [20.04138, 39.99461], [20.04406, 39.99307], [20.04674, 39.99154], [20.04943, 39.99001], [20.05212, 39.98846], [20.0548, 39.98693], [20.05749, 39.98539], [20.06017, 39.98386], [20.06285, 39.98232], [20.06552, 39.98079], [20.06821, 39.97926], [20.07089, 39.97773], [20.07357, 39.9762], [20.07624, 39.97468]]}}, {"type": "Feature", "properties": {"ev": 5}, "geometry": {"type": "LineString", "coordinates": [[20.01991, 40.00688], [20.0236, 40.00586], [20.02728, 40.00484], [20.03096, 40.00382], [20.03465, 40.0028], [20.03833, 40.00179], [20.04201, 40.00077], [20.04569, 39.99975], [20.04938, 39.99873], [20.05306, 39.99771], [20.05674, 39.9967], [20.06042, 39.99568], [20.06413, 39.99465], [20.06782, 39.99364], [20.07151, 39.99263], [20.0752, 39.99162], [20.07887, 39.9906], [20.08256, 39.98959], [20.08624, 39.98857], [20.08992, 39.98756], [20.0936, 39.98655], [20.09727, 39.98553]]}}, {"type": "Feature", "properties": {"ev": 5}, "geometry": {"type": "LineString", "coordinates": [[20.01991, 40.00688], [20.0236, 40.00586], [20.02728, 40.00484], [20.03096, 40.00382], [20.03465, 40.0028], [20.03833, 40.00179], [20.04201, 40.00077], [20.04569, 39.99975], [20.04938, 39.99873], [20.05306, 39.99771], [20.05674, 39.9967], [20.06042, 39.99568], [20.06413, 39.99465], [20.06782, 39.99364], [20.07151, 39.99263], [20.0752, 39.99162], [20.07887, 39.9906], [20.08256, 39.98959], [20.08624, 39.98857], [20.08992, 39.98756], [20.0936, 39.98655], [20.09727, 39.98553]]}}, {"type": "Feature", "properties": {"ev": 5}, "geometry": {"type": "LineString", "coordinates": [[20.01991, 40.00688], [20.02307, 40.00245], [20.02622, 39.99802], [20.02937, 39.9936], [20.03252, 39.98918], [20.03567, 39.98476], [20.03882, 39.98033], [20.04197, 39.97591], [20.04512, 39.97149], [20.04827, 39.96706], [20.05142, 39.96264], [20.05458, 39.95821], [20.05773, 39.95379], [20.06089, 39.94936], [20.06404, 39.94493], [20.06718, 39.94051], [20.07032, 39.93608], [20.07348, 39.93164], [20.07664, 39.9272], [20.07979, 39.92277], [20.08294, 39.91834], [20.0861, 39.91392]]}}, {"type": "Feature", "properties": {"ev": 5}, "geometry": {"type": "LineString", "coordinates": [[20.01991, 40.00688], [20.02307, 40.00245], [20.02622, 39.99802], [20.02937, 39.9936], [20.03252, 39.98918], [20.03567, 39.98476], [20.03882, 39.98033], [20.04197, 39.97591], [20.04512, 39.97149], [20.04827, 39.96706], [20.05142, 39.96264], [20.05458, 39.95821], [20.05773, 39.95379], [20.06089, 39.94936], [20.06404, 39.94493], [20.06718, 39.94051], [20.07032, 39.93608], [20.07348, 39.93164], [20.07664, 39.9272], [20.07979, 39.92277], [20.08294, 39.91834], [20.0861, 39.91392]]}}, {"type": "Feature", "properties": {"ev": 5}, "geometry": {"type": "LineString", "coordinates": [[20.01991, 40.00688], [20.01954, 40.01186], [20.01918, 40.01685], [20.01882, 40.02183], [20.01846, 40.02681], [20.0181, 40.03179], [20.01773, 40.03677], [20.01737, 40.04176], [20.01701, 40.04673], [20.01664, 40.05172], [20.01628, 40.0567], [20.01591, 40.06168], [20.01555, 40.06667], [20.01519, 40.07165], [20.01483, 40.07664], [20.01446, 40.08162], [20.0141, 40.08661], [20.01374, 40.09159], [20.01338, 40.09657], [20.01302, 40.10155], [20.01265, 40.10654], [20.01229, 40.11152]]}}, {"type": "Feature", "properties": {"ev": 5}, "geometry": {"type": "LineString", "coordinates": [[20.01991, 40.00688], [20.01954, 40.01186], [20.01918, 40.01685], [20.01882, 40.02183], [20.01846, 40.02681], [20.0181, 40.03179], [20.01773, 40.03677], [20.01737, 40.04176], [20.01701, 40.04673], [20.01664, 40.05172], [20.01628, 40.0567], [20.01591, 40.06168], [20.01555, 40.06667], [20.01519, 40.07165], [20.01483, 40.07664], [20.01446, 40.08162], [20.0141, 40.08661], [20.01374, 40.09159], [20.01338, 40.09657], [20.01302, 40.10155], [20.01265, 40.10654], [20.01229, 40.11152]]}}, {"type": "Feature", "properties": {"ev": 5}, "geometry": {"type": "LineString", "coordinates": [[20.01991, 40.00688], [20.02508, 40.00119], [20.03024, 39.9955], [20.0354, 39.98983], [20.04056, 39.98415], [20.04571, 39.97847], [20.05087, 39.97278], [20.05603, 39.9671], [20.06119, 39.96141], [20.06635, 39.95573], [20.07152, 39.95005], [20.07668, 39.94437], [20.08185, 39.93869], [20.08701, 39.93301], [20.09216, 39.92732], [20.0973, 39.92163], [20.10245, 39.91594], [20.10761, 39.91023], [20.11277, 39.90455], [20.11793, 39.89887], [20.12309, 39.89319], [20.12827, 39.8875]]}}, {"type": "Feature", "properties": {"ev": 5}, "geometry": {"type": "LineString", "coordinates": [[20.01991, 40.00688], [20.02508, 40.00119], [20.03024, 39.9955], [20.0354, 39.98983], [20.04056, 39.98415], [20.04571, 39.97847], [20.05087, 39.97278], [20.05603, 39.9671], [20.06119, 39.96141], [20.06635, 39.95573], [20.07152, 39.95005], [20.07668, 39.94437], [20.08185, 39.93869], [20.08701, 39.93301], [20.09216, 39.92732], [20.0973, 39.92163], [20.10245, 39.91594], [20.10761, 39.91023], [20.11277, 39.90455], [20.11793, 39.89887], [20.12309, 39.89319], [20.12827, 39.8875]]}}, {"type": "Feature", "properties": {"ev": 6}, "geometry": {"type": "LineString", "coordinates": [[20.01587, 40.00629], [20.0209, 40.00593], [20.02592, 40.00557], [20.03095, 40.00521], [20.03597, 40.00485], [20.04101, 40.00449], [20.04605, 40.00414], [20.05107, 40.00378], [20.05608, 40.00343], [20.06115, 40.00311], [20.06617, 40.00276]]}}, {"type": "Feature", "properties": {"ev": 6}, "geometry": {"type": "LineString", "coordinates": [[20.01587, 40.00629], [20.0209, 40.00593], [20.02592, 40.00557], [20.03095, 40.00521], [20.03597, 40.00485], [20.04101, 40.00449], [20.04605, 40.00414], [20.05107, 40.00378], [20.05608, 40.00343], [20.06115, 40.00311], [20.06617, 40.00276]]}}, {"type": "Feature", "properties": {"ev": 6}, "geometry": {"type": "LineString", "coordinates": [[20.01587, 40.00629], [20.02059, 40.00391], [20.0253, 40.00154], [20.03001, 39.99916], [20.03472, 39.99679], [20.03943, 39.99442], [20.04417, 39.99203], [20.04888, 39.98965], [20.05357, 39.98727], [20.05828, 39.98491], [20.06299, 39.98254]]}}, {"type": "Feature", "properties": {"ev": 6}, "geometry": {"type": "LineString", "coordinates": [[20.01587, 40.00629], [20.02059, 40.00391], [20.0253, 40.00154], [20.03001, 39.99916], [20.03472, 39.99679], [20.03943, 39.99442], [20.04417, 39.99203], [20.04888, 39.98965], [20.05357, 39.98727], [20.05828, 39.98491], [20.06299, 39.98254]]}}, {"type": "Feature", "properties": {"ev": 6}, "geometry": {"type": "LineString", "coordinates": [[20.01587, 40.00629], [20.02162, 40.00327], [20.02736, 40.00026], [20.0331, 39.99724], [20.03884, 39.99422], [20.04458, 39.99121], [20.05035, 39.98817], [20.0561, 39.98515], [20.06181, 39.98213], [20.06755, 39.97913], [20.07329, 39.97613]]}}, {"type": "Feature", "properties": {"ev": 6}, "geometry": {"type": "LineString", "coordinates": [[20.01587, 40.00629], [20.02162, 40.00327], [20.02736, 40.00026], [20.0331, 39.99724], [20.03884, 39.99422], [20.04458, 39.99121], [20.05035, 39.98817], [20.0561, 39.98515], [20.06181, 39.98213], [20.06755, 39.97913], [20.07329, 39.97613]]}}, {"type": "Feature", "properties": {"ev": 6}, "geometry": {"type": "LineString", "coordinates": [[20.01587, 40.00629], [20.01975, 40.00529], [20.02362, 40.00431], [20.02749, 40.00331], [20.03137, 40.00232], [20.03524, 40.00133], [20.03911, 40.00034], [20.04298, 39.99935], [20.04685, 39.99836], [20.05073, 39.99737], [20.05461, 39.99638], [20.05849, 39.99538], [20.06236, 39.9944], [20.06623, 39.9934], [20.07012, 39.99242], [20.07399, 39.99144], [20.07786, 39.99046], [20.08173, 39.98947], [20.08561, 39.98848], [20.08948, 39.9875], [20.09334, 39.98651], [20.09721, 39.98552]]}}, {"type": "Feature", "properties": {"ev": 6}, "geometry": {"type": "LineString", "coordinates": [[20.01587, 40.00629], [20.01975, 40.00529], [20.02362, 40.00431], [20.02749, 40.00331], [20.03137, 40.00232], [20.03524, 40.00133], [20.03911, 40.00034], [20.04298, 39.99935], [20.04685, 39.99836], [20.05073, 39.99737], [20.05461, 39.99638], [20.05849, 39.99538], [20.06236, 39.9944], [20.06623, 39.9934], [20.07012, 39.99242], [20.07399, 39.99144], [20.07786, 39.99046], [20.08173, 39.98947], [20.08561, 39.98848], [20.08948, 39.9875], [20.09334, 39.98651], [20.09721, 39.98552]]}}, {"type": "Feature", "properties": {"ev": 6}, "geometry": {"type": "LineString", "coordinates": [[20.01587, 40.00629], [20.01954, 40.0033], [20.02321, 40.00032], [20.02688, 39.99734], [20.03055, 39.99435], [20.03422, 39.99137], [20.03789, 39.98839], [20.04156, 39.9854], [20.04523, 39.98243], [20.0489, 39.97944], [20.05257, 39.97646], [20.05624, 39.97347], [20.05992, 39.97049], [20.06358, 39.9675], [20.06725, 39.96452], [20.07092, 39.96153], [20.07459, 39.95854], [20.07826, 39.95556], [20.08193, 39.95258], [20.08559, 39.94959], [20.08926, 39.94661], [20.0929, 39.94365]]}}, {"type": "Feature", "properties": {"ev": 6}, "geometry": {"type": "LineString", "coordinates": [[20.01587, 40.00629], [20.01954, 40.0033], [20.02321, 40.00032], [20.02688, 39.99734], [20.03055, 39.99435], [20.03422, 39.99137], [20.03789, 39.98839], [20.04156, 39.9854], [20.04523, 39.98243], [20.0489, 39.97944], [20.05257, 39.97646], [20.05624, 39.97347], [20.05992, 39.97049], [20.06358, 39.9675], [20.06725, 39.96452], [20.07092, 39.96153], [20.07459, 39.95854], [20.07826, 39.95556], [20.08193, 39.95258], [20.08559, 39.94959], [20.08926, 39.94661], [20.0929, 39.94365]]}}, {"type": "Feature", "properties": {"ev": 6}, "geometry": {"type": "LineString", "coordinates": [[20.01587, 40.00629], [20.02069, 40.00423], [20.02551, 40.00218], [20.03033, 40.00013], [20.03515, 39.99807], [20.03997, 39.99602], [20.04478, 39.99397], [20.0496, 39.99191], [20.05442, 39.98986], [20.05923, 39.9878], [20.06405, 39.98575], [20.06889, 39.98369], [20.07371, 39.98163], [20.07853, 39.97958], [20.08336, 39.97754], [20.08819, 39.97549], [20.093, 39.97345], [20.09782, 39.9714], [20.10264, 39.96935], [20.10747, 39.9673], [20.11229, 39.96526], [20.11706, 39.96322]]}}, {"type": "Feature", "properties": {"ev": 6}, "geometry": {"type": "LineString", "coordinates": [[20.01587, 40.00629], [20.02069, 40.00423], [20.02551, 40.00218], [20.03033, 40.00013], [20.03515, 39.99807], [20.03997, 39.99602], [20.04478, 39.99397], [20.0496, 39.99191], [20.05442, 39.98986], [20.05923, 39.9878], [20.06405, 39.98575], [20.06889, 39.98369], [20.07371, 39.98163], [20.07853, 39.97958], [20.08336, 39.97754], [20.08819, 39.97549], [20.093, 39.97345], [20.09782, 39.9714], [20.10264, 39.96935], [20.10747, 39.9673], [20.11229, 39.96526], [20.11706, 39.96322]]}}, {"type": "Feature", "properties": {"ev": 6}, "geometry": {"type": "LineString", "coordinates": [[20.01587, 40.00629], [20.02069, 40.00391], [20.02551, 40.00154], [20.03033, 39.99916], [20.03515, 39.99679], [20.03997, 39.99442], [20.04478, 39.99204], [20.0496, 39.98967], [20.05441, 39.9873], [20.05923, 39.98492], [20.06405, 39.98255], [20.06889, 39.98017], [20.07371, 39.97779], [20.07853, 39.97541], [20.08334, 39.97304], [20.08816, 39.97066], [20.093, 39.96832], [20.09783, 39.96595], [20.10265, 39.96358], [20.10747, 39.96122], [20.1123, 39.95885], [20.11706, 39.9565]]}}, {"type": "Feature", "properties": {"ev": 6}, "geometry": {"type": "LineString", "coordinates": [[20.01587, 40.00629], [20.02069, 40.00391], [20.02551, 40.00154], [20.03033, 39.99916], [20.03515, 39.99679], [20.03997, 39.99442], [20.04478, 39.99204], [20.0496, 39.98967], [20.05441, 39.9873], [20.05923, 39.98492], [20.06405, 39.98255], [20.06889, 39.98017], [20.07371, 39.97779], [20.07853, 39.97541], [20.08334, 39.97304], [20.08816, 39.97066], [20.093, 39.96832], [20.09783, 39.96595], [20.10265, 39.96358], [20.10747, 39.96122], [20.1123, 39.95885], [20.11706, 39.9565]]}}, {"type": "Feature", "properties": {"ev": 6}, "geometry": {"type": "LineString", "coordinates": [[20.01587, 40.00629], [20.02114, 40.00431], [20.0264, 40.00233], [20.03167, 40.00036], [20.03693, 39.99838], [20.04219, 39.99641], [20.04745, 39.99443], [20.05272, 39.99246], [20.05798, 39.99048], [20.06324, 39.98851], [20.06851, 39.98653], [20.07379, 39.98455], [20.07907, 39.98258], [20.08434, 39.98061], [20.0896, 39.97864], [20.09487, 39.97667], [20.10013, 39.9747], [20.10539, 39.97274], [20.11066, 39.97076], [20.11593, 39.9688], [20.12118, 39.96683], [20.12641, 39.96486]]}}, {"type": "Feature", "properties": {"ev": 6}, "geometry": {"type": "LineString", "coordinates": [[20.01587, 40.00629], [20.02114, 40.00431], [20.0264, 40.00233], [20.03167, 40.00036], [20.03693, 39.99838], [20.04219, 39.99641], [20.04745, 39.99443], [20.05272, 39.99246], [20.05798, 39.99048], [20.06324, 39.98851], [20.06851, 39.98653], [20.07379, 39.98455], [20.07907, 39.98258], [20.08434, 39.98061], [20.0896, 39.97864], [20.09487, 39.97667], [20.10013, 39.9747], [20.10539, 39.97274], [20.11066, 39.97076], [20.11593, 39.9688], [20.12118, 39.96683], [20.12641, 39.96486]]}}, {"type": "Feature", "properties": {"ev": 6}, "geometry": {"type": "LineString", "coordinates": [[20.01587, 40.00629], [20.02036, 40.00314], [20.02485, 39.99999], [20.02935, 39.99685], [20.03383, 39.9937], [20.03832, 39.99055], [20.04281, 39.9874], [20.0473, 39.98426], [20.05179, 39.98111], [20.05628, 39.97796], [20.06077, 39.97482], [20.06527, 39.97166], [20.06977, 39.96851], [20.07425, 39.96536], [20.07874, 39.96221], [20.08323, 39.95906], [20.08772, 39.95591], [20.09221, 39.95276], [20.09669, 39.94961], [20.10118, 39.94646], [20.10567, 39.94332], [20.11011, 39.9402]]}}, {"type": "Feature", "properties": {"ev": 6}, "geometry": {"type": "LineString", "coordinates": [[20.01587, 40.00629], [20.02036, 40.00314], [20.02485, 39.99999], [20.02935, 39.99685], [20.03383, 39.9937], [20.03832, 39.99055], [20.04281, 39.9874], [20.0473, 39.98426], [20.05179, 39.98111], [20.05628, 39.97796], [20.06077, 39.97482], [20.06527, 39.97166], [20.06977, 39.96851], [20.07425, 39.96536], [20.07874, 39.96221], [20.08323, 39.95906], [20.08772, 39.95591], [20.09221, 39.95276], [20.09669, 39.94961], [20.10118, 39.94646], [20.10567, 39.94332], [20.11011, 39.9402]]}}, {"type": "Feature", "properties": {"ev": 6}, "geometry": {"type": "LineString", "coordinates": [[20.01587, 40.00629], [20.01922, 40.00189], [20.02256, 39.99749], [20.0259, 39.9931], [20.02924, 39.9887], [20.03258, 39.9843], [20.03592, 39.9799], [20.03926, 39.97551], [20.0426, 39.97112], [20.04594, 39.96672], [20.04928, 39.96232], [20.05263, 39.95792], [20.05597, 39.95352], [20.05931, 39.94912], [20.06264, 39.94473], [20.06598, 39.94033], [20.06932, 39.93592], [20.07267, 39.93151], [20.07601, 39.92711], [20.07935, 39.92271], [20.08269, 39.91831], [20.08603, 39.91391]]}}, {"type": "Feature", "properties": {"ev": 6}, "geometry": {"type": "LineString", "coordinates": [[20.01587, 40.00629], [20.01922, 40.00189], [20.02256, 39.99749], [20.0259, 39.9931], [20.02924, 39.9887], [20.03258, 39.9843], [20.03592, 39.9799], [20.03926, 39.97551], [20.0426, 39.97112], [20.04594, 39.96672], [20.04928, 39.96232], [20.05263, 39.95792], [20.05597, 39.95352], [20.05931, 39.94912], [20.06264, 39.94473], [20.06598, 39.94033], [20.06932, 39.93592], [20.07267, 39.93151], [20.07601, 39.92711], [20.07935, 39.92271], [20.08269, 39.91831], [20.08603, 39.91391]]}}, {"type": "Feature", "properties": {"ev": 6}, "geometry": {"type": "LineString", "coordinates": [[20.01587, 40.00629], [20.0157, 40.0113], [20.01552, 40.01631], [20.01535, 40.02132], [20.01518, 40.02633], [20.01501, 40.03134], [20.01483, 40.03635], [20.01466, 40.04136], [20.01449, 40.04636], [20.01431, 40.05138], [20.01413, 40.05639], [20.01396, 40.0614], [20.01378, 40.06641], [20.01361, 40.07142], [20.01344, 40.07643], [20.01326, 40.08144], [20.01309, 40.08646], [20.01292, 40.09147], [20.01275, 40.09648], [20.01258, 40.10149], [20.0124, 40.1065], [20.01223, 40.1115]]}}, {"type": "Feature", "properties": {"ev": 6}, "geometry": {"type": "LineString", "coordinates": [[20.01587, 40.00629], [20.0157, 40.0113], [20.01552, 40.01631], [20.01535, 40.02132], [20.01518, 40.02633], [20.01501, 40.03134], [20.01483, 40.03635], [20.01466, 40.04136], [20.01449, 40.04636], [20.01431, 40.05138], [20.01413, 40.05639], [20.01396, 40.0614], [20.01378, 40.06641], [20.01361, 40.07142], [20.01344, 40.07643], [20.01326, 40.08144], [20.01309, 40.08646], [20.01292, 40.09147], [20.01275, 40.09648], [20.01258, 40.10149], [20.0124, 40.1065], [20.01223, 40.1115]]}}, {"type": "Feature", "properties": {"ev": 6}, "geometry": {"type": "LineString", "coordinates": [[20.01587, 40.00629], [20.0209, 40.0102], [20.02593, 40.01411], [20.03095, 40.01801], [20.03598, 40.02192], [20.04101, 40.02583], [20.04603, 40.02974], [20.05106, 40.03365], [20.05609, 40.03755], [20.06112, 40.04146], [20.06615, 40.04537], [20.07118, 40.04928], [20.07621, 40.05319], [20.08124, 40.0571], [20.08627, 40.061], [20.09131, 40.06491], [20.09635, 40.06882], [20.10139, 40.07273], [20.10641, 40.07664], [20.11144, 40.08055], [20.11647, 40.08445], [20.12151, 40.08837]]}}, {"type": "Feature", "properties": {"ev": 6}, "geometry": {"type": "LineString", "coordinates": [[20.01587, 40.00629], [20.0209, 40.0102], [20.02593, 40.01411], [20.03095, 40.01801], [20.03598, 40.02192], [20.04101, 40.02583], [20.04603, 40.02974], [20.05106, 40.03365], [20.05609, 40.03755], [20.06112, 40.04146], [20.06615, 40.04537], [20.07118, 40.04928], [20.07621, 40.05319], [20.08124, 40.0571], [20.08627, 40.061], [20.09131, 40.06491], [20.09635, 40.06882], [20.10139, 40.07273], [20.10641, 40.07664], [20.11144, 40.08055], [20.11647, 40.08445], [20.12151, 40.08837]]}}, {"type": "Feature", "properties": {"ev": 6}, "geometry": {"type": "LineString", "coordinates": [[20.01587, 40.00629], [20.02034, 40.00149], [20.02481, 39.9967], [20.02927, 39.9919], [20.03374, 39.9871], [20.03821, 39.98231], [20.04267, 39.97751], [20.04713, 39.97272], [20.0516, 39.96793], [20.05607, 39.96313], [20.06054, 39.95834], [20.06501, 39.95354], [20.06948, 39.94874], [20.07394, 39.94394], [20.0784, 39.93914], [20.08286, 39.93435], [20.08732, 39.92953], [20.0918, 39.92472], [20.09626, 39.91993], [20.10073, 39.91513], [20.10519, 39.91034], [20.10966, 39.90555]]}}, {"type": "Feature", "properties": {"ev": 6}, "geometry": {"type": "LineString", "coordinates": [[20.01587, 40.00629], [20.02034, 40.00149], [20.02481, 39.9967], [20.02927, 39.9919], [20.03374, 39.9871], [20.03821, 39.98231], [20.04267, 39.97751], [20.04713, 39.97272], [20.0516, 39.96793], [20.05607, 39.96313], [20.06054, 39.95834], [20.06501, 39.95354], [20.06948, 39.94874], [20.07394, 39.94394], [20.0784, 39.93914], [20.08286, 39.93435], [20.08732, 39.92953], [20.0918, 39.92472], [20.09626, 39.91993], [20.10073, 39.91513], [20.10519, 39.91034], [20.10966, 39.90555]]}}, {"type": "Feature", "properties": {"ev": 7}, "geometry": {"type": "LineString", "coordinates": [[20.01987, 40.00857], [20.02452, 40.008], [20.02917, 40.00742], [20.03382, 40.00685], [20.03848, 40.00628], [20.04314, 40.00571], [20.0478, 40.00514], [20.05244, 40.00457], [20.0571, 40.00401], [20.06177, 40.00346], [20.06642, 40.0029]]}}, {"type": "Feature", "properties": {"ev": 7}, "geometry": {"type": "LineString", "coordinates": [[20.01987, 40.00857], [20.02452, 40.008], [20.02917, 40.00742], [20.03382, 40.00685], [20.03848, 40.00628], [20.04314, 40.00571], [20.0478, 40.00514], [20.05244, 40.00457], [20.0571, 40.00401], [20.06177, 40.00346], [20.06642, 40.0029]]}}, {"type": "Feature", "properties": {"ev": 7}, "geometry": {"type": "LineString", "coordinates": [[20.01987, 40.00857], [20.02421, 40.00598], [20.02854, 40.00339], [20.03288, 40.0008], [20.03722, 39.99822], [20.04157, 39.99562], [20.04592, 39.99303], [20.05025, 39.99044], [20.05457, 39.98785], [20.05891, 39.98527], [20.06325, 39.98269]]}}, {"type": "Feature", "properties": {"ev": 7}, "geometry": {"type": "LineString", "coordinates": [[20.01987, 40.00857], [20.02421, 40.00598], [20.02854, 40.00339], [20.03288, 40.0008], [20.03722, 39.99822], [20.04157, 39.99562], [20.04592, 39.99303], [20.05025, 39.99044], [20.05457, 39.98785], [20.05891, 39.98527], [20.06325, 39.98269]]}}, {"type": "Feature", "properties": {"ev": 7}, "geometry": {"type": "LineString", "coordinates": [[20.01987, 40.00857], [20.02008, 40.00354], [20.02029, 39.99852], [20.02051, 39.9935], [20.02073, 39.98847], [20.02095, 39.98344], [20.0212, 39.97842], [20.02145, 39.9734], [20.02167, 39.96838], [20.02188, 39.96336], [20.02208, 39.95835]]}}, {"type": "Feature", "properties": {"ev": 7}, "geometry": {"type": "LineString", "coordinates": [[20.01987, 40.00857], [20.02008, 40.00354], [20.02029, 39.99852], [20.02051, 39.9935], [20.02073, 39.98847], [20.02095, 39.98344], [20.0212, 39.97842], [20.02145, 39.9734], [20.02167, 39.96838], [20.02188, 39.96336], [20.02208, 39.95835]]}}, {"type": "Feature", "properties": {"ev": 7}, "geometry": {"type": "LineString", "coordinates": [[20.01987, 40.00857], [20.02524, 40.00534], [20.03061, 40.00211], [20.03597, 39.99888], [20.04134, 39.99565], [20.04673, 39.99241], [20.0521, 39.98917], [20.05746, 39.98594], [20.06281, 39.98271], [20.06817, 39.97949], [20.07352, 39.97629]]}}, {"type": "Feature", "properties": {"ev": 7}, "geometry": {"type": "LineString", "coordinates": [[20.01987, 40.00857], [20.02524, 40.00534], [20.03061, 40.00211], [20.03597, 39.99888], [20.04134, 39.99565], [20.04673, 39.99241], [20.0521, 39.98917], [20.05746, 39.98594], [20.06281, 39.98271], [20.06817, 39.97949], [20.07352, 39.97629]]}}, {"type": "Feature", "properties": {"ev": 7}, "geometry": {"type": "LineString", "coordinates": [[20.01987, 40.00857], [20.02513, 40.00373], [20.03038, 39.99889], [20.03564, 39.99405], [20.0409, 39.98922], [20.04618, 39.98436], [20.05144, 39.9795], [20.05668, 39.97466], [20.06193, 39.96982], [20.06719, 39.96498], [20.07245, 39.96015]]}}, {"type": "Feature", "properties": {"ev": 7}, "geometry": {"type": "LineString", "coordinates": [[20.01987, 40.00857], [20.02513, 40.00373], [20.03038, 39.99889], [20.03564, 39.99405], [20.0409, 39.98922], [20.04618, 39.98436], [20.05144, 39.9795], [20.05668, 39.97466], [20.06193, 39.96982], [20.06719, 39.96498], [20.07245, 39.96015]]}}, {"type": "Feature", "properties": {"ev": 7}, "geometry": {"type": "LineString", "coordinates": [[20.01987, 40.00857], [20.02724, 40.00637], [20.03461, 40.00417], [20.04197, 40.00197], [20.04934, 39.99977], [20.05674, 39.99757], [20.06412, 39.99536], [20.07154, 39.99321], [20.0789, 39.99104], [20.08627, 39.98887], [20.09362, 39.9867]]}}, {"type": "Feature", "properties": {"ev": 7}, "geometry": {"type": "LineString", "coordinates": [[20.01987, 40.00857], [20.02724, 40.00637], [20.03461, 40.00417], [20.04197, 40.00197], [20.04934, 39.99977], [20.05674, 39.99757], [20.06412, 39.99536], [20.07154, 39.99321], [20.0789, 39.99104], [20.08627, 39.98887], [20.09362, 39.9867]]}}, {"type": "Feature", "properties": {"ev": 7}, "geometry": {"type": "LineString", "coordinates": [[20.01987, 40.00857], [20.01897, 40.00449], [20.01807, 40.00042], [20.01717, 39.99635], [20.01627, 39.99228], [20.01537, 39.9882], [20.01448, 39.98413], [20.01358, 39.98006], [20.01269, 39.97598], [20.01179, 39.97191], [20.01089, 39.96783], [20.00999, 39.96375], [20.00909, 39.95968], [20.00819, 39.9556], [20.00729, 39.95153], [20.0064, 39.94746], [20.0055, 39.9434], [20.0046, 39.93933], [20.00367, 39.93525], [20.00276, 39.93118], [20.00186, 39.9271], [20.00096, 39.92303]]}}, {"type": "Feature", "properties": {"ev": 7}, "geometry": {"type": "LineString", "coordinates": [[20.01987, 40.00857], [20.01897, 40.00449], [20.01807, 40.00042], [20.01717, 39.99635], [20.01627, 39.99228], [20.01537, 39.9882], [20.01448, 39.98413], [20.01358, 39.98006], [20.01269, 39.97598], [20.01179, 39.97191], [20.01089, 39.96783], [20.00999, 39.96375], [20.00909, 39.95968], [20.00819, 39.9556], [20.00729, 39.95153], [20.0064, 39.94746], [20.0055, 39.9434], [20.0046, 39.93933], [20.00367, 39.93525], [20.00276, 39.93118], [20.00186, 39.9271], [20.00096, 39.92303]]}}, {"type": "Feature", "properties": {"ev": 7}, "geometry": {"type": "LineString", "coordinates": [[20.01987, 40.00857], [20.02335, 40.00548], [20.02684, 40.00239], [20.03032, 39.9993], [20.0338, 39.99621], [20.03728, 39.99312], [20.04076, 39.99003], [20.04425, 39.98694], [20.04773, 39.98385], [20.05121, 39.98076], [20.0547, 39.97766], [20.05818, 39.97457], [20.06166, 39.97148], [20.06514, 39.96839], [20.06862, 39.9653], [20.0721, 39.9622], [20.07558, 39.95911], [20.07907, 39.95602], [20.08255, 39.95293], [20.08603, 39.94984], [20.08951, 39.94675], [20.09297, 39.94369]]}}, {"type": "Feature", "properties": {"ev": 7}, "geometry": {"type": "LineString", "coordinates": [[20.01987, 40.00857], [20.02335, 40.00548], [20.02684, 40.00239], [20.03032, 39.9993], [20.0338, 39.99621], [20.03728, 39.99312], [20.04076, 39.99003], [20.04425, 39.98694], [20.04773, 39.98385], [20.05121, 39.98076], [20.0547, 39.97766], [20.05818, 39.97457], [20.06166, 39.97148], [20.06514, 39.96839], [20.06862, 39.9653], [20.0721, 39.9622], [20.07558, 39.95911], [20.07907, 39.95602], [20.08255, 39.95293], [20.08603, 39.94984], [20.08951, 39.94675], [20.09297, 39.94369]]}}, {"type": "Feature", "properties": {"ev": 7}, "geometry": {"type": "LineString", "coordinates": [[20.01987, 40.00857], [20.0245, 40.00609], [20.02913, 40.0036], [20.03376, 40.00113], [20.03839, 39.99865], [20.04302, 39.99617], [20.04766, 39.99368], [20.05228, 39.9912], [20.05692, 39.98872], [20.06154, 39.98624], [20.06619, 39.98375], [20.07083, 39.98127], [20.07546, 39.97879], [20.08009, 39.9763], [20.08471, 39.97382], [20.08937, 39.97137], [20.094, 39.96889], [20.09864, 39.96642], [20.10327, 39.96394], [20.10791, 39.96147], [20.11254, 39.95899], [20.11712, 39.95654]]}}, {"type": "Feature", "properties": {"ev": 7}, "geometry": {"type": "LineString", "coordinates": [[20.01987, 40.00857], [20.0245, 40.00609], [20.02913, 40.0036], [20.03376, 40.00113], [20.03839, 39.99865], [20.04302, 39.99617], [20.04766, 39.99368], [20.05228, 39.9912], [20.05692, 39.98872], [20.06154, 39.98624], [20.06619, 39.98375], [20.07083, 39.98127], [20.07546, 39.97879], [20.08009, 39.9763], [20.08471, 39.97382], [20.08937, 39.97137], [20.094, 39.96889], [20.09864, 39.96642], [20.10327, 39.96394], [20.10791, 39.96147], [20.11254, 39.95899], [20.11712, 39.95654]]}}, {"type": "Feature", "properties": {"ev": 7}, "geometry": {"type": "LineString", "coordinates": [[20.01987, 40.00857], [20.0237, 40.00397], [20.0276, 39.99953], [20.03154, 39.99525], [20.03553, 39.99112], [20.03958, 39.98712], [20.04367, 39.98326], [20.0478, 39.97952], [20.05197, 39.9759], [20.05619, 39.9724], [20.06045, 39.96902], [20.06475, 39.96574], [20.06909, 39.96258], [20.07347, 39.95953], [20.07788, 39.9566], [20.08234, 39.95378], [20.08683, 39.9511], [20.09138, 39.94853], [20.09598, 39.94611], [20.10062, 39.94383], [20.10532, 39.94172], [20.11004, 39.93978]]}}, {"type": "Feature", "properties": {"ev": 7}, "geometry": {"type": "LineString", "coordinates": [[20.01987, 40.00857], [20.0237, 40.00397], [20.0276, 39.99953], [20.03154, 39.99525], [20.03553, 39.99112], [20.03958, 39.98712], [20.04367, 39.98326], [20.0478, 39.97952], [20.05197, 39.9759], [20.05619, 39.9724], [20.06045, 39.96902], [20.06475, 39.96574], [20.06909, 39.96258], [20.07347, 39.95953], [20.07788, 39.9566], [20.08234, 39.95378], [20.08683, 39.9511], [20.09138, 39.94853], [20.09598, 39.94611], [20.10062, 39.94383], [20.10532, 39.94172], [20.11004, 39.93978]]}}, {"type": "Feature", "properties": {"ev": 7}, "geometry": {"type": "LineString", "coordinates": [[20.01987, 40.00857], [20.02302, 40.00406], [20.02618, 39.99956], [20.02933, 39.99506], [20.03249, 39.99055], [20.03564, 39.98605], [20.03879, 39.98155], [20.04195, 39.97704], [20.0451, 39.97254], [20.04825, 39.96804], [20.05141, 39.96353], [20.05456, 39.95902], [20.05772, 39.95452], [20.06087, 39.95001], [20.06402, 39.94551], [20.06716, 39.94101], [20.07032, 39.93649], [20.07348, 39.93198], [20.07663, 39.92747], [20.07979, 39.92296], [20.08294, 39.91846], [20.08609, 39.91396]]}}, {"type": "Feature", "properties": {"ev": 7}, "geometry": {"type": "LineString", "coordinates": [[20.01987, 40.00857], [20.02302, 40.00406], [20.02618, 39.99956], [20.02933, 39.99506], [20.03249, 39.99055], [20.03564, 39.98605], [20.03879, 39.98155], [20.04195, 39.97704], [20.0451, 39.97254], [20.04825, 39.96804], [20.05141, 39.96353], [20.05456, 39.95902], [20.05772, 39.95452], [20.06087, 39.95001], [20.06402, 39.94551], [20.06716, 39.94101], [20.07032, 39.93649], [20.07348, 39.93198], [20.07663, 39.92747], [20.07979, 39.92296], [20.08294, 39.91846], [20.08609, 39.91396]]}}, {"type": "Feature", "properties": {"ev": 7}, "geometry": {"type": "LineString", "coordinates": [[20.01987, 40.00857], [20.02458, 40.00387], [20.02933, 39.99933], [20.03413, 39.99495], [20.03897, 39.99072], [20.04385, 39.98662], [20.04877, 39.98266], [20.05372, 39.97882], [20.0587, 39.9751], [20.06373, 39.9715], [20.06878, 39.96801], [20.07388, 39.96463], [20.07901, 39.96136], [20.08416, 39.95821], [20.08934, 39.95518], [20.09455, 39.95226], [20.09981, 39.94946], [20.1051, 39.9468], [20.11043, 39.94427], [20.11583, 39.9419], [20.12128, 39.9397], [20.12669, 39.93769]]}}, {"type": "Feature", "properties": {"ev": 7}, "geometry": {"type": "LineString", "coordinates": [[20.01987, 40.00857], [20.02458, 40.00387], [20.02933, 39.99933], [20.03413, 39.99495], [20.03897, 39.99072], [20.04385, 39.98662], [20.04877, 39.98266], [20.05372, 39.97882], [20.0587, 39.9751], [20.06373, 39.9715], [20.06878, 39.96801], [20.07388, 39.96463], [20.07901, 39.96136], [20.08416, 39.95821], [20.08934, 39.95518], [20.09455, 39.95226], [20.09981, 39.94946], [20.1051, 39.9468], [20.11043, 39.94427], [20.11583, 39.9419], [20.12128, 39.9397], [20.12669, 39.93769]]}}, {"type": "Feature", "properties": {"ev": 7}, "geometry": {"type": "LineString", "coordinates": [[20.01987, 40.00857], [20.01951, 40.01347], [20.01915, 40.01838], [20.01879, 40.02328], [20.01842, 40.02818], [20.01807, 40.03308], [20.01771, 40.03799], [20.01735, 40.04289], [20.01698, 40.04779], [20.01662, 40.05269], [20.01626, 40.0576], [20.0159, 40.06251], [20.01554, 40.06741], [20.01517, 40.07232], [20.01481, 40.07722], [20.01445, 40.08212], [20.01409, 40.08703], [20.01373, 40.09193], [20.01337, 40.09683], [20.01301, 40.10174], [20.01265, 40.10664], [20.01229, 40.11154]]}}, {"type": "Feature", "properties": {"ev": 7}, "geometry": {"type": "LineString", "coordinates": [[20.01987, 40.00857], [20.01951, 40.01347], [20.01915, 40.01838], [20.01879, 40.02328], [20.01842, 40.02818], [20.01807, 40.03308], [20.01771, 40.03799], [20.01735, 40.04289], [20.01698, 40.04779], [20.01662, 40.05269], [20.01626, 40.0576], [20.0159, 40.06251], [20.01554, 40.06741], [20.01517, 40.07232], [20.01481, 40.07722], [20.01445, 40.08212], [20.01409, 40.08703], [20.01373, 40.09193], [20.01337, 40.09683], [20.01301, 40.10174], [20.01265, 40.10664], [20.01229, 40.11154]]}}, {"type": "Feature", "properties": {"ev": 7}, "geometry": {"type": "LineString", "coordinates": [[20.01987, 40.00857], [20.02471, 40.01237], [20.02955, 40.01617], [20.03439, 40.01997], [20.03923, 40.02377], [20.04407, 40.02758], [20.04891, 40.03138], [20.05375, 40.03518], [20.05859, 40.03898], [20.06343, 40.04278], [20.06827, 40.04659], [20.07312, 40.05039], [20.07796, 40.05419], [20.08281, 40.05799], [20.08765, 40.06179], [20.0925, 40.06559], [20.09735, 40.0694], [20.1022, 40.0732], [20.10703, 40.077], [20.11188, 40.0808], [20.11672, 40.0846], [20.12156, 40.0884]]}}, {"type": "Feature", "properties": {"ev": 7}, "geometry": {"type": "LineString", "coordinates": [[20.01987, 40.00857], [20.02471, 40.01237], [20.02955, 40.01617], [20.03439, 40.01997], [20.03923, 40.02377], [20.04407, 40.02758], [20.04891, 40.03138], [20.05375, 40.03518], [20.05859, 40.03898], [20.06343, 40.04278], [20.06827, 40.04659], [20.07312, 40.05039], [20.07796, 40.05419], [20.08281, 40.05799], [20.08765, 40.06179], [20.0925, 40.06559], [20.09735, 40.0694], [20.1022, 40.0732], [20.10703, 40.077], [20.11188, 40.0808], [20.11672, 40.0846], [20.12156, 40.0884]]}}, {"type": "Feature", "properties": {"ev": 7}, "geometry": {"type": "LineString", "coordinates": [[20.01987, 40.00857], [20.02415, 40.00367], [20.02843, 39.99876], [20.03271, 39.99386], [20.03699, 39.98896], [20.04126, 39.98405], [20.04554, 39.97915], [20.04982, 39.97425], [20.0541, 39.96935], [20.05838, 39.96445], [20.06267, 39.95954], [20.06695, 39.95464], [20.07122, 39.94973], [20.0755, 39.94483], [20.07977, 39.93993], [20.08404, 39.93502], [20.08833, 39.9301], [20.09261, 39.92519], [20.09689, 39.92028], [20.10116, 39.91539], [20.10544, 39.91048], [20.10972, 39.90559]]}}, {"type": "Feature", "properties": {"ev": 7}, "geometry": {"type": "LineString", "coordinates": [[20.01987, 40.00857], [20.02415, 40.00367], [20.02843, 39.99876], [20.03271, 39.99386], [20.03699, 39.98896], [20.04126, 39.98405], [20.04554, 39.97915], [20.04982, 39.97425], [20.0541, 39.96935], [20.05838, 39.96445], [20.06267, 39.95954], [20.06695, 39.95464], [20.07122, 39.94973], [20.0755, 39.94483], [20.07977, 39.93993], [20.08404, 39.93502], [20.08833, 39.9301], [20.09261, 39.92519], [20.09689, 39.92028], [20.10116, 39.91539], [20.10544, 39.91048], [20.10972, 39.90559]]}}, {"type": "Feature", "properties": {"ev": 7}, "geometry": {"type": "LineString", "coordinates": [[20.01987, 40.00857], [20.02693, 40.00428], [20.03395, 40.00011], [20.04093, 39.99605], [20.04788, 39.9921], [20.05478, 39.98824], [20.06165, 39.98448], [20.06849, 39.9808], [20.0753, 39.97721], [20.08208, 39.97371], [20.08884, 39.97028], [20.09556, 39.96694], [20.10228, 39.96366], [20.10895, 39.96048], [20.11559, 39.95738], [20.1222, 39.95437], [20.12877, 39.95145], [20.13532, 39.94861], [20.14183, 39.94587], [20.14829, 39.94323], [20.15471, 39.9407], [20.16105, 39.93831]]}}, {"type": "Feature", "properties": {"ev": 7}, "geometry": {"type": "LineString", "coordinates": [[20.01987, 40.00857], [20.02693, 40.00428], [20.03395, 40.00011], [20.04093, 39.99605], [20.04788, 39.9921], [20.05478, 39.98824], [20.06165, 39.98448], [20.06849, 39.9808], [20.0753, 39.97721], [20.08208, 39.97371], [20.08884, 39.97028], [20.09556, 39.96694], [20.10228, 39.96366], [20.10895, 39.96048], [20.11559, 39.95738], [20.1222, 39.95437], [20.12877, 39.95145], [20.13532, 39.94861], [20.14183, 39.94587], [20.14829, 39.94323], [20.15471, 39.9407], [20.16105, 39.93831]]}}, {"type": "Feature", "properties": {"ev": 7}, "geometry": {"type": "LineString", "coordinates": [[20.01987, 40.00857], [20.02046, 40.00215], [20.02105, 39.99574], [20.02164, 39.98932], [20.02223, 39.9829], [20.02285, 39.97649], [20.02346, 39.97007], [20.02406, 39.96366], [20.02465, 39.95724], [20.02524, 39.95082], [20.02584, 39.9444], [20.02643, 39.93798], [20.02703, 39.93156], [20.02763, 39.92514], [20.02823, 39.91872], [20.02883, 39.9123], [20.02934, 39.90588], [20.02991, 39.89946], [20.03051, 39.89304], [20.0311, 39.88663], [20.0317, 39.88021], [20.03229, 39.87379]]}}, {"type": "Feature", "properties": {"ev": 7}, "geometry": {"type": "LineString", "coordinates": [[20.01987, 40.00857], [20.02046, 40.00215], [20.02105, 39.99574], [20.02164, 39.98932], [20.02223, 39.9829], [20.02285, 39.97649], [20.02346, 39.97007], [20.02406, 39.96366], [20.02465, 39.95724], [20.02524, 39.95082], [20.02584, 39.9444], [20.02643, 39.93798], [20.02703, 39.93156], [20.02763, 39.92514], [20.02823, 39.91872], [20.02883, 39.9123], [20.02934, 39.90588], [20.02991, 39.89946], [20.03051, 39.89304], [20.0311, 39.88663], [20.0317, 39.88021], [20.03229, 39.87379]]}}, {"type": "Feature", "properties": {"ev": 7}, "geometry": {"type": "LineString", "coordinates": [[20.01987, 40.00857], [20.02503, 40.0028], [20.03019, 39.99704], [20.03535, 39.99128], [20.04051, 39.98552], [20.04567, 39.97976], [20.05083, 39.974], [20.056, 39.96824], [20.06116, 39.96247], [20.06633, 39.95671], [20.0715, 39.95095], [20.07667, 39.94518], [20.08182, 39.93942], [20.08697, 39.93365], [20.09212, 39.92789], [20.09727, 39.92212], [20.10245, 39.91634], [20.10761, 39.91058], [20.11277, 39.90482], [20.11793, 39.89906], [20.12309, 39.8933], [20.12827, 39.88754]]}}, {"type": "Feature", "properties": {"ev": 7}, "geometry": {"type": "LineString", "coordinates": [[20.01987, 40.00857], [20.02503, 40.0028], [20.03019, 39.99704], [20.03535, 39.99128], [20.04051, 39.98552], [20.04567, 39.97976], [20.05083, 39.974], [20.056, 39.96824], [20.06116, 39.96247], [20.06633, 39.95671], [20.0715, 39.95095], [20.07667, 39.94518], [20.08182, 39.93942], [20.08697, 39.93365], [20.09212, 39.92789], [20.09727, 39.92212], [20.10245, 39.91634], [20.10761, 39.91058], [20.11277, 39.90482], [20.11793, 39.89906], [20.12309, 39.8933], [20.12827, 39.88754]]}}, {"type": "Feature", "properties": {"ev": 7}, "geometry": {"type": "LineString", "coordinates": [[20.01987, 40.00857], [20.02524, 40.00209], [20.03061, 39.99562], [20.03599, 39.98915], [20.04136, 39.98267], [20.04672, 39.9762], [20.0521, 39.96973], [20.05747, 39.96326], [20.06285, 39.95679], [20.06823, 39.95032], [20.07362, 39.94384], [20.07899, 39.93737], [20.08435, 39.93089], [20.08971, 39.92442], [20.09507, 39.91794], [20.10043, 39.91146], [20.10581, 39.90497], [20.11119, 39.89849], [20.11656, 39.89202], [20.12193, 39.88556], [20.1273, 39.8791], [20.13269, 39.87262]]}}, {"type": "Feature", "properties": {"ev": 7}, "geometry": {"type": "LineString", "coordinates": [[20.01987, 40.00857], [20.02524, 40.00209], [20.03061, 39.99562], [20.03599, 39.98915], [20.04136, 39.98267], [20.04672, 39.9762], [20.0521, 39.96973], [20.05747, 39.96326], [20.06285, 39.95679], [20.06823, 39.95032], [20.07362, 39.94384], [20.07899, 39.93737], [20.08435, 39.93089], [20.08971, 39.92442], [20.09507, 39.91794], [20.10043, 39.91146], [20.10581, 39.90497], [20.11119, 39.89849], [20.11656, 39.89202], [20.12193, 39.88556], [20.1273, 39.8791], [20.13269, 39.87262]]}}, {"type": "Feature", "properties": {"ev": 8}, "geometry": {"type": "LineString", "coordinates": [[20.00706, 40.00892], [20.01292, 40.00831], [20.01878, 40.00771], [20.02464, 40.0071], [20.03049, 40.0065], [20.03634, 40.0059], [20.04219, 40.0053], [20.04804, 40.0047], [20.05389, 40.00409], [20.05976, 40.00351], [20.0656, 40.00291]]}}, {"type": "Feature", "properties": {"ev": 8}, "geometry": {"type": "LineString", "coordinates": [[20.00706, 40.00892], [20.01292, 40.00831], [20.01878, 40.00771], [20.02464, 40.0071], [20.03049, 40.0065], [20.03634, 40.0059], [20.04219, 40.0053], [20.04804, 40.0047], [20.05389, 40.00409], [20.05976, 40.00351], [20.0656, 40.00291]]}}, {"type": "Feature", "properties": {"ev": 8}, "geometry": {"type": "LineString", "coordinates": [[20.00706, 40.00892], [20.0126, 40.0063], [20.01815, 40.00367], [20.02369, 40.00105], [20.02923, 39.99843], [20.03477, 39.99581], [20.04031, 39.99319], [20.04585, 39.99057], [20.05138, 39.98795], [20.05692, 39.98534], [20.06245, 39.98272]]}}, {"type": "Feature", "properties": {"ev": 8}, "geometry": {"type": "LineString", "coordinates": [[20.00706, 40.00892], [20.0126, 40.0063], [20.01815, 40.00367], [20.02369, 40.00105], [20.02923, 39.99843], [20.03477, 39.99581], [20.04031, 39.99319], [20.04585, 39.99057], [20.05138, 39.98795], [20.05692, 39.98534], [20.06245, 39.98272]]}}, {"type": "Feature", "properties": {"ev": 8}, "geometry": {"type": "LineString", "coordinates": [[20.00706, 40.00892], [20.01359, 40.00725], [20.02012, 40.00558], [20.02665, 40.00391], [20.03318, 40.00224], [20.0397, 40.00058], [20.04622, 39.99891], [20.05274, 39.99725], [20.05926, 39.99558], [20.06579, 39.99392], [20.07232, 39.99229]]}}, {"type": "Feature", "properties": {"ev": 8}, "geometry": {"type": "LineString", "coordinates": [[20.00706, 40.00892], [20.01359, 40.00725], [20.02012, 40.00558], [20.02665, 40.00391], [20.03318, 40.00224], [20.0397, 40.00058], [20.04622, 39.99891], [20.05274, 39.99725], [20.05926, 39.99558], [20.06579, 39.99392], [20.07232, 39.99229]]}}, {"type": "Feature", "properties": {"ev": 8}, "geometry": {"type": "LineString", "coordinates": [[20.00706, 40.00892], [20.00848, 40.00386], [20.0099, 39.9988], [20.01131, 39.99374], [20.01274, 39.98869], [20.01418, 39.98364], [20.01561, 39.97859], [20.01702, 39.97353], [20.01844, 39.96848], [20.01985, 39.96342], [20.02126, 39.95837]]}}, {"type": "Feature", "properties": {"ev": 8}, "geometry": {"type": "LineString", "coordinates": [[20.00706, 40.00892], [20.00848, 40.00386], [20.0099, 39.9988], [20.01131, 39.99374], [20.01274, 39.98869], [20.01418, 39.98364], [20.01561, 39.97859], [20.01702, 39.97353], [20.01844, 39.96848], [20.01985, 39.96342], [20.02126, 39.95837]]}}, {"type": "Feature", "properties": {"ev": 8}, "geometry": {"type": "LineString", "coordinates": [[20.00706, 40.00892], [20.01363, 40.00565], [20.02021, 40.00239], [20.02679, 39.99912], [20.03336, 39.99586], [20.03993, 39.9926], [20.04649, 39.98933], [20.05306, 39.98607], [20.05963, 39.98281], [20.0662, 39.97956], [20.07274, 39.97632]]}}, {"type": "Feature", "properties": {"ev": 8}, "geometry": {"type": "LineString", "coordinates": [[20.00706, 40.00892], [20.01363, 40.00565], [20.02021, 40.00239], [20.02679, 39.99912], [20.03336, 39.99586], [20.03993, 39.9926], [20.04649, 39.98933], [20.05306, 39.98607], [20.05963, 39.98281], [20.0662, 39.97956], [20.07274, 39.97632]]}}, {"type": "Feature", "properties": {"ev": 8}, "geometry": {"type": "LineString", "coordinates": [[20.00706, 40.00892], [20.01563, 40.00668], [20.02422, 40.00445], [20.0328, 40.00222], [20.04137, 39.99998], [20.04994, 39.99775], [20.0585, 39.99553], [20.06708, 39.99332], [20.07568, 39.99113], [20.08426, 39.98893], [20.09279, 39.98671]]}}, {"type": "Feature", "properties": {"ev": 8}, "geometry": {"type": "LineString", "coordinates": [[20.00706, 40.00892], [20.01563, 40.00668], [20.02422, 40.00445], [20.0328, 40.00222], [20.04137, 39.99998], [20.04994, 39.99775], [20.0585, 39.99553], [20.06708, 39.99332], [20.07568, 39.99113], [20.08426, 39.98893], [20.09279, 39.98671]]}}, {"type": "Feature", "properties": {"ev": 8}, "geometry": {"type": "LineString", "coordinates": [[20.00706, 40.00892], [20.00647, 40.00074], [20.00591, 39.99255], [20.00533, 39.98436], [20.00473, 39.97618], [20.00414, 39.968], [20.00355, 39.95982], [20.00295, 39.95166], [20.00235, 39.9435], [20.00168, 39.93531], [20.00105, 39.92713]]}}, {"type": "Feature", "properties": {"ev": 8}, "geometry": {"type": "LineString", "coordinates": [[20.00706, 40.00892], [20.00647, 40.00074], [20.00591, 39.99255], [20.00533, 39.98436], [20.00473, 39.97618], [20.00414, 39.968], [20.00355, 39.95982], [20.00295, 39.95166], [20.00235, 39.9435], [20.00168, 39.93531], [20.00105, 39.92713]]}}, {"type": "Feature", "properties": {"ev": 8}, "geometry": {"type": "LineString", "coordinates": [[20.00706, 40.00892], [20.01266, 40.00584], [20.01822, 40.00287], [20.02374, 40.00001], [20.02921, 39.99724], [20.03465, 39.99457], [20.04005, 39.99198], [20.04542, 39.98948], [20.05075, 39.98706], [20.05606, 39.98471], [20.06132, 39.98244], [20.06656, 39.98026], [20.07177, 39.97814], [20.07694, 39.9761], [20.08208, 39.97414], [20.08719, 39.97227], [20.09228, 39.9705], [20.09733, 39.96879], [20.10233, 39.96718], [20.10729, 39.96566], [20.11222, 39.96425], [20.11704, 39.96296]]}}, {"type": "Feature", "properties": {"ev": 8}, "geometry": {"type": "LineString", "coordinates": [[20.00706, 40.00892], [20.01266, 40.00584], [20.01822, 40.00287], [20.02374, 40.00001], [20.02921, 39.99724], [20.03465, 39.99457], [20.04005, 39.99198], [20.04542, 39.98948], [20.05075, 39.98706], [20.05606, 39.98471], [20.06132, 39.98244], [20.06656, 39.98026], [20.07177, 39.97814], [20.07694, 39.9761], [20.08208, 39.97414], [20.08719, 39.97227], [20.09228, 39.9705], [20.09733, 39.96879], [20.10233, 39.96718], [20.10729, 39.96566], [20.11222, 39.96425], [20.11704, 39.96296]]}}, {"type": "Feature", "properties": {"ev": 8}, "geometry": {"type": "LineString", "coordinates": [[20.00706, 40.00892], [20.0073, 40.01381], [20.00754, 40.0187], [20.00778, 40.02359], [20.00802, 40.02847], [20.00826, 40.03336], [20.0085, 40.03825], [20.00874, 40.04313], [20.00898, 40.04802], [20.00922, 40.05291], [20.00945, 40.05779], [20.00969, 40.06268], [20.00993, 40.06757], [20.01017, 40.07246], [20.01041, 40.07734], [20.01065, 40.08223], [20.01089, 40.08711], [20.01113, 40.092], [20.01137, 40.09689], [20.01161, 40.10177], [20.01185, 40.10666], [20.01209, 40.11154]]}}, {"type": "Feature", "properties": {"ev": 8}, "geometry": {"type": "LineString", "coordinates": [[20.00706, 40.00892], [20.0073, 40.01381], [20.00754, 40.0187], [20.00778, 40.02359], [20.00802, 40.02847], [20.00826, 40.03336], [20.0085, 40.03825], [20.00874, 40.04313], [20.00898, 40.04802], [20.00922, 40.05291], [20.00945, 40.05779], [20.00969, 40.06268], [20.00993, 40.06757], [20.01017, 40.07246], [20.01041, 40.07734], [20.01065, 40.08223], [20.01089, 40.08711], [20.01113, 40.092], [20.01137, 40.09689], [20.01161, 40.10177], [20.01185, 40.10666], [20.01209, 40.11154]]}}, {"type": "Feature", "properties": {"ev": 8}, "geometry": {"type": "LineString", "coordinates": [[20.00706, 40.00892], [20.01418, 40.00563], [20.02122, 40.00237], [20.02819, 39.99915], [20.03509, 39.99596], [20.04192, 39.9928], [20.04868, 39.98967], [20.05539, 39.98657], [20.06204, 39.98349], [20.06863, 39.98045], [20.07516, 39.97743], [20.08164, 39.97443], [20.08806, 39.97147], [20.09444, 39.96854], [20.10075, 39.96563], [20.10701, 39.96275], [20.1132, 39.95989], [20.11933, 39.95707], [20.12539, 39.95427], [20.13139, 39.9515], [20.1373, 39.94876], [20.14308, 39.94608]]}}, {"type": "Feature", "properties": {"ev": 8}, "geometry": {"type": "LineString", "coordinates": [[20.00706, 40.00892], [20.01418, 40.00563], [20.02122, 40.00237], [20.02819, 39.99915], [20.03509, 39.99596], [20.04192, 39.9928], [20.04868, 39.98967], [20.05539, 39.98657], [20.06204, 39.98349], [20.06863, 39.98045], [20.07516, 39.97743], [20.08164, 39.97443], [20.08806, 39.97147], [20.09444, 39.96854], [20.10075, 39.96563], [20.10701, 39.96275], [20.1132, 39.95989], [20.11933, 39.95707], [20.12539, 39.95427], [20.13139, 39.9515], [20.1373, 39.94876], [20.14308, 39.94608]]}}, {"type": "Feature", "properties": {"ev": 8}, "geometry": {"type": "LineString", "coordinates": [[20.00706, 40.00892], [20.01184, 40.00215], [20.01673, 39.99549], [20.02173, 39.98894], [20.02685, 39.98251], [20.03206, 39.97618], [20.03738, 39.96994], [20.04279, 39.9638], [20.04828, 39.95775], [20.05386, 39.95179], [20.05953, 39.94592], [20.06527, 39.94012], [20.0711, 39.93441], [20.07701, 39.92879], [20.083, 39.92325], [20.0891, 39.91778], [20.09529, 39.91241], [20.10156, 39.90715], [20.10793, 39.902], [20.11441, 39.89695], [20.12101, 39.89202], [20.12775, 39.88721]]}}, {"type": "Feature", "properties": {"ev": 9}, "geometry": {"type": "LineString", "coordinates": [[20.00869, 40.00068], [20.00996, 39.99639], [20.01122, 39.99211], [20.01251, 39.98782], [20.01378, 39.98354], [20.01505, 39.97926], [20.01632, 39.97498], [20.01759, 39.9707], [20.01885, 39.96642], [20.02011, 39.96214], [20.02136, 39.95786]]}}, {"type": "Feature", "properties": {"ev": 9}, "geometry": {"type": "LineString", "coordinates": [[20.00869, 40.00068], [20.00996, 39.99639], [20.01122, 39.99211], [20.01251, 39.98782], [20.01378, 39.98354], [20.01505, 39.97926], [20.01632, 39.97498], [20.01759, 39.9707], [20.01885, 39.96642], [20.02011, 39.96214], [20.02136, 39.95786]]}}, {"type": "Feature", "properties": {"ev": 9}, "geometry": {"type": "LineString", "coordinates": [[20.00869, 40.00068], [20.01408, 39.99883], [20.01947, 39.99697], [20.02487, 39.99512], [20.03026, 39.99327], [20.03564, 39.99143], [20.04103, 39.98958], [20.04641, 39.98774], [20.05179, 39.98589], [20.05718, 39.98405], [20.06256, 39.98221]]}}, {"type": "Feature", "properties": {"ev": 9}, "geometry": {"type": "LineString", "coordinates": [[20.00869, 40.00068], [20.01408, 39.99883], [20.01947, 39.99697], [20.02487, 39.99512], [20.03026, 39.99327], [20.03564, 39.99143], [20.04103, 39.98958], [20.04641, 39.98774], [20.05179, 39.98589], [20.05718, 39.98405], [20.06256, 39.98221]]}}, {"type": "Feature", "properties": {"ev": 9}, "geometry": {"type": "LineString", "coordinates": [[20.00869, 40.00068], [20.0144, 40.00084], [20.0201, 40.001], [20.02581, 40.00117], [20.03151, 40.00135], [20.03721, 40.00152], [20.04291, 40.00169], [20.0486, 40.00186], [20.0543, 40.00203], [20.06001, 40.00222], [20.0657, 40.0024]]}}, {"type": "Feature", "properties": {"ev": 9}, "geometry": {"type": "LineString", "coordinates": [[20.00869, 40.00068], [20.0144, 40.00084], [20.0201, 40.001], [20.02581, 40.00117], [20.03151, 40.00135], [20.03721, 40.00152], [20.04291, 40.00169], [20.0486, 40.00186], [20.0543, 40.00203], [20.06001, 40.00222], [20.0657, 40.0024]]}}, {"type": "Feature", "properties": {"ev": 9}, "geometry": {"type": "LineString", "coordinates": [[20.00869, 40.00068], [20.01511, 39.99818], [20.02153, 39.99569], [20.02796, 39.9932], [20.03438, 39.9907], [20.0408, 39.98821], [20.04721, 39.98572], [20.05362, 39.98324], [20.06004, 39.98075], [20.06645, 39.97828], [20.07285, 39.9758]]}}, {"type": "Feature", "properties": {"ev": 9}, "geometry": {"type": "LineString", "coordinates": [[20.00869, 40.00068], [20.01511, 39.99818], [20.02153, 39.99569], [20.02796, 39.9932], [20.03438, 39.9907], [20.0408, 39.98821], [20.04721, 39.98572], [20.05362, 39.98324], [20.06004, 39.98075], [20.06645, 39.97828], [20.07285, 39.9758]]}}, {"type": "Feature", "properties": {"ev": 9}, "geometry": {"type": "LineString", "coordinates": [[20.00869, 40.00068], [20.01711, 39.99921], [20.02553, 39.99775], [20.03397, 39.99628], [20.04239, 39.99483], [20.05082, 39.99337], [20.05922, 39.99192], [20.06763, 39.99046], [20.07608, 39.98906], [20.08451, 39.98764], [20.09289, 39.9862]]}}, {"type": "Feature", "properties": {"ev": 9}, "geometry": {"type": "LineString", "coordinates": [[20.00869, 40.00068], [20.01711, 39.99921], [20.02553, 39.99775], [20.03397, 39.99628], [20.04239, 39.99483], [20.05082, 39.99337], [20.05922, 39.99192], [20.06763, 39.99046], [20.07608, 39.98906], [20.08451, 39.98764], [20.09289, 39.9862]]}}, {"type": "Feature", "properties": {"ev": 10}, "geometry": {"type": "LineString", "coordinates": [[20.01138, 40.00569], [20.01683, 40.00539], [20.02228, 40.00508], [20.02773, 40.00478], [20.03319, 40.00448], [20.03864, 40.00418], [20.04409, 40.00388], [20.04952, 40.00358], [20.05497, 40.00328], [20.06044, 40.00301], [20.06588, 40.00272]]}}, {"type": "Feature", "properties": {"ev": 10}, "geometry": {"type": "LineString", "coordinates": [[20.01138, 40.00569], [20.01683, 40.00539], [20.02228, 40.00508], [20.02773, 40.00478], [20.03319, 40.00448], [20.03864, 40.00418], [20.04409, 40.00388], [20.04952, 40.00358], [20.05497, 40.00328], [20.06044, 40.00301], [20.06588, 40.00272]]}}, {"type": "Feature", "properties": {"ev": 10}, "geometry": {"type": "LineString", "coordinates": [[20.01138, 40.00569], [20.01652, 40.00337], [20.02165, 40.00105], [20.02678, 39.99873], [20.03193, 39.99641], [20.03707, 39.99409], [20.04221, 39.99177], [20.04733, 39.98945], [20.05246, 39.98714], [20.05759, 39.98483], [20.06273, 39.98251]]}}, {"type": "Feature", "properties": {"ev": 10}, "geometry": {"type": "LineString", "coordinates": [[20.01138, 40.00569], [20.01652, 40.00337], [20.02165, 40.00105], [20.02678, 39.99873], [20.03193, 39.99641], [20.03707, 39.99409], [20.04221, 39.99177], [20.04733, 39.98945], [20.05246, 39.98714], [20.05759, 39.98483], [20.06273, 39.98251]]}}, {"type": "Feature", "properties": {"ev": 10}, "geometry": {"type": "LineString", "coordinates": [[20.01138, 40.00569], [20.01239, 40.00093], [20.0134, 39.99618], [20.01442, 39.99143], [20.01543, 39.98667], [20.01648, 39.98192], [20.01751, 39.97717], [20.01853, 39.97242], [20.01954, 39.96767], [20.02054, 39.96292], [20.02154, 39.95817]]}}, {"type": "Feature", "properties": {"ev": 10}, "geometry": {"type": "LineString", "coordinates": [[20.01138, 40.00569], [20.01239, 40.00093], [20.0134, 39.99618], [20.01442, 39.99143], [20.01543, 39.98667], [20.01648, 39.98192], [20.01751, 39.97717], [20.01853, 39.97242], [20.01954, 39.96767], [20.02054, 39.96292], [20.02154, 39.95817]]}}, {"type": "Feature", "properties": {"ev": 10}, "geometry": {"type": "LineString", "coordinates": [[20.01138, 40.00569], [20.01755, 40.00273], [20.02371, 39.99977], [20.02987, 39.99681], [20.03606, 39.99384], [20.04223, 39.99088], [20.04839, 39.98792], [20.05455, 39.98495], [20.0607, 39.982], [20.06686, 39.97905], [20.07301, 39.97611]]}}, {"type": "Feature", "properties": {"ev": 10}, "geometry": {"type": "LineString", "coordinates": [[20.01138, 40.00569], [20.01755, 40.00273], [20.02371, 39.99977], [20.02987, 39.99681], [20.03606, 39.99384], [20.04223, 39.99088], [20.04839, 39.98792], [20.05455, 39.98495], [20.0607, 39.982], [20.06686, 39.97905], [20.07301, 39.97611]]}}, {"type": "Feature", "properties": {"ev": 10}, "geometry": {"type": "LineString", "coordinates": [[20.01138, 40.00569], [20.01955, 40.00376], [20.02771, 40.00183], [20.03587, 39.9999], [20.04407, 39.99797], [20.05224, 39.99603], [20.06041, 39.9941], [20.06857, 39.99221], [20.07676, 39.99032], [20.08494, 39.98843], [20.09307, 39.98652]]}}, {"type": "Feature", "properties": {"ev": 10}, "geometry": {"type": "LineString", "coordinates": [[20.01138, 40.00569], [20.01955, 40.00376], [20.02771, 40.00183], [20.03587, 39.9999], [20.04407, 39.99797], [20.05224, 39.99603], [20.06041, 39.9941], [20.06857, 39.99221], [20.07676, 39.99032], [20.08494, 39.98843], [20.09307, 39.98652]]}}, {"type": "Feature", "properties": {"ev": 10}, "geometry": {"type": "LineString", "coordinates": [[20.01138, 40.00569], [20.01596, 40.00351], [20.02055, 40.00133], [20.02513, 39.99915], [20.02972, 39.99696], [20.0343, 39.99478], [20.03888, 39.9926], [20.04347, 39.99042], [20.04806, 39.98823], [20.05265, 39.98605], [20.05723, 39.98386], [20.06181, 39.98168], [20.06639, 39.9795], [20.07098, 39.97732], [20.07556, 39.97514], [20.08014, 39.97295], [20.08472, 39.97078], [20.0893, 39.96859], [20.09391, 39.96644], [20.09851, 39.96427], [20.1031, 39.96209], [20.10764, 39.95993]]}}, {"type": "Feature", "properties": {"ev": 10}, "geometry": {"type": "LineString", "coordinates": [[20.01138, 40.00569], [20.01596, 40.00351], [20.02055, 40.00133], [20.02513, 39.99915], [20.02972, 39.99696], [20.0343, 39.99478], [20.03888, 39.9926], [20.04347, 39.99042], [20.04806, 39.98823], [20.05265, 39.98605], [20.05723, 39.98386], [20.06181, 39.98168], [20.06639, 39.9795], [20.07098, 39.97732], [20.07556, 39.97514], [20.08014, 39.97295], [20.08472, 39.97078], [20.0893, 39.96859], [20.09391, 39.96644], [20.09851, 39.96427], [20.1031, 39.96209], [20.10764, 39.95993]]}}, {"type": "Feature", "properties": {"ev": 10}, "geometry": {"type": "LineString", "coordinates": [[20.01138, 40.00569], [20.01088, 40.00175], [20.01038, 39.99781], [20.00987, 39.99387], [20.00938, 39.98994], [20.00888, 39.986], [20.00838, 39.98206], [20.00788, 39.97812], [20.00738, 39.97418], [20.00688, 39.97024], [20.00638, 39.9663], [20.00588, 39.96236], [20.00538, 39.95842], [20.00488, 39.95448], [20.00438, 39.95055], [20.00388, 39.94661], [20.00337, 39.94268], [20.00287, 39.93874], [20.00234, 39.9348], [20.00183, 39.93086], [20.00133, 39.92692], [20.00083, 39.92298]]}}, {"type": "Feature", "properties": {"ev": 10}, "geometry": {"type": "LineString", "coordinates": [[20.01138, 40.00569], [20.01088, 40.00175], [20.01038, 39.99781], [20.00987, 39.99387], [20.00938, 39.98994], [20.00888, 39.986], [20.00838, 39.98206], [20.00788, 39.97812], [20.00738, 39.97418], [20.00688, 39.97024], [20.00638, 39.9663], [20.00588, 39.96236], [20.00538, 39.95842], [20.00488, 39.95448], [20.00438, 39.95055], [20.00388, 39.94661], [20.00337, 39.94268], [20.00287, 39.93874], [20.00234, 39.9348], [20.00183, 39.93086], [20.00133, 39.92692], [20.00083, 39.92298]]}}, {"type": "Feature", "properties": {"ev": 10}, "geometry": {"type": "LineString", "coordinates": [[20.01138, 40.00569], [20.01526, 40.00274], [20.01914, 39.99978], [20.02302, 39.99683], [20.0269, 39.99387], [20.03078, 39.99092], [20.03466, 39.98796], [20.03854, 39.98501], [20.04243, 39.98205], [20.04631, 39.97909], [20.05019, 39.97613], [20.05407, 39.97318], [20.05795, 39.97022], [20.06183, 39.96727], [20.06571, 39.96431], [20.06959, 39.96135], [20.07347, 39.9584], [20.07735, 39.95544], [20.08123, 39.95249], [20.08511, 39.94953], [20.08899, 39.94658], [20.09284, 39.94364]]}}, {"type": "Feature", "properties": {"ev": 10}, "geometry": {"type": "LineString", "coordinates": [[20.01138, 40.00569], [20.01526, 40.00274], [20.01914, 39.99978], [20.02302, 39.99683], [20.0269, 39.99387], [20.03078, 39.99092], [20.03466, 39.98796], [20.03854, 39.98501], [20.04243, 39.98205], [20.04631, 39.97909], [20.05019, 39.97613], [20.05407, 39.97318], [20.05795, 39.97022], [20.06183, 39.96727], [20.06571, 39.96431], [20.06959, 39.96135], [20.07347, 39.9584], [20.07735, 39.95544], [20.08123, 39.95249], [20.08511, 39.94953], [20.08899, 39.94658], [20.09284, 39.94364]]}}, {"type": "Feature", "properties": {"ev": 10}, "geometry": {"type": "LineString", "coordinates": [[20.01138, 40.00569], [20.01641, 40.00367], [20.02144, 40.00164], [20.02647, 39.99961], [20.0315, 39.99759], [20.03653, 39.99556], [20.04155, 39.99354], [20.04658, 39.99151], [20.05162, 39.98948], [20.05666, 39.98745], [20.06169, 39.98542], [20.06671, 39.9834], [20.07174, 39.98137], [20.07677, 39.97934], [20.08179, 39.97732], [20.08684, 39.97532], [20.09188, 39.9733], [20.09691, 39.97129], [20.10194, 39.96926], [20.10697, 39.96724], [20.11198, 39.96523], [20.11699, 39.96321]]}}, {"type": "Feature", "properties": {"ev": 10}, "geometry": {"type": "LineString", "coordinates": [[20.01138, 40.00569], [20.01641, 40.00367], [20.02144, 40.00164], [20.02647, 39.99961], [20.0315, 39.99759], [20.03653, 39.99556], [20.04155, 39.99354], [20.04658, 39.99151], [20.05162, 39.98948], [20.05666, 39.98745], [20.06169, 39.98542], [20.06671, 39.9834], [20.07174, 39.98137], [20.07677, 39.97934], [20.08179, 39.97732], [20.08684, 39.97532], [20.09188, 39.9733], [20.09691, 39.97129], [20.10194, 39.96926], [20.10697, 39.96724], [20.11198, 39.96523], [20.11699, 39.96321]]}}, {"type": "Feature", "properties": {"ev": 10}, "geometry": {"type": "LineString", "coordinates": [[20.01138, 40.00569], [20.01566, 40.00126], [20.01998, 39.99697], [20.02436, 39.99285], [20.02878, 39.98887], [20.03324, 39.98502], [20.03775, 39.98131], [20.0423, 39.97771], [20.04688, 39.97424], [20.0515, 39.97088], [20.05617, 39.96762], [20.06087, 39.96449], [20.0656, 39.96146], [20.07036, 39.95854], [20.07516, 39.95574], [20.08, 39.95305], [20.08489, 39.95048], [20.08981, 39.94804], [20.09478, 39.94574], [20.09979, 39.94358], [20.10485, 39.94157], [20.10993, 39.93974]]}}, {"type": "Feature", "properties": {"ev": 10}, "geometry": {"type": "LineString", "coordinates": [[20.01138, 40.00569], [20.01566, 40.00126], [20.01998, 39.99697], [20.02436, 39.99285], [20.02878, 39.98887], [20.03324, 39.98502], [20.03775, 39.98131], [20.0423, 39.97771], [20.04688, 39.97424], [20.0515, 39.97088], [20.05617, 39.96762], [20.06087, 39.96449], [20.0656, 39.96146], [20.07036, 39.95854], [20.07516, 39.95574], [20.08, 39.95305], [20.08489, 39.95048], [20.08981, 39.94804], [20.09478, 39.94574], [20.09979, 39.94358], [20.10485, 39.94157], [20.10993, 39.93974]]}}, {"type": "Feature", "properties": {"ev": 10}, "geometry": {"type": "LineString", "coordinates": [[20.01138, 40.00569], [20.01493, 40.00132], [20.01848, 39.99695], [20.02204, 39.99258], [20.02559, 39.98822], [20.02914, 39.98385], [20.03269, 39.97948], [20.03625, 39.97511], [20.0398, 39.97074], [20.04335, 39.96636], [20.0469, 39.96199], [20.05045, 39.95763], [20.054, 39.95325], [20.05755, 39.94889], [20.0611, 39.94452], [20.06465, 39.94014], [20.06821, 39.93576], [20.07176, 39.93139], [20.07531, 39.92702], [20.07886, 39.92265], [20.08241, 39.91828], [20.08596, 39.91391]]}}, {"type": "Feature", "properties": {"ev": 10}, "geometry": {"type": "LineString", "coordinates": [[20.01138, 40.00569], [20.01493, 40.00132], [20.01848, 39.99695], [20.02204, 39.99258], [20.02559, 39.98822], [20.02914, 39.98385], [20.03269, 39.97948], [20.03625, 39.97511], [20.0398, 39.97074], [20.04335, 39.96636], [20.0469, 39.96199], [20.05045, 39.95763], [20.054, 39.95325], [20.05755, 39.94889], [20.0611, 39.94452], [20.06465, 39.94014], [20.06821, 39.93576], [20.07176, 39.93139], [20.07531, 39.92702], [20.07886, 39.92265], [20.08241, 39.91828], [20.08596, 39.91391]]}}, {"type": "Feature", "properties": {"ev": 10}, "geometry": {"type": "LineString", "coordinates": [[20.01138, 40.00569], [20.01142, 40.01073], [20.01146, 40.01577], [20.01149, 40.02081], [20.01153, 40.02584], [20.01157, 40.03088], [20.01161, 40.03592], [20.01164, 40.04096], [20.01168, 40.046], [20.01172, 40.05104], [20.01175, 40.05608], [20.01178, 40.06112], [20.01182, 40.06615], [20.01186, 40.07119], [20.01189, 40.07623], [20.01193, 40.08127], [20.01197, 40.08631], [20.01201, 40.09135], [20.01204, 40.09638], [20.01208, 40.10142], [20.01212, 40.10646], [20.01216, 40.11149]]}}, {"type": "Feature", "properties": {"ev": 10}, "geometry": {"type": "LineString", "coordinates": [[20.01138, 40.00569], [20.01142, 40.01073], [20.01146, 40.01577], [20.01149, 40.02081], [20.01153, 40.02584], [20.01157, 40.03088], [20.01161, 40.03592], [20.01164, 40.04096], [20.01168, 40.046], [20.01172, 40.05104], [20.01175, 40.05608], [20.01178, 40.06112], [20.01182, 40.06615], [20.01186, 40.07119], [20.01189, 40.07623], [20.01193, 40.08127], [20.01197, 40.08631], [20.01201, 40.09135], [20.01204, 40.09638], [20.01208, 40.10142], [20.01212, 40.10646], [20.01216, 40.11149]]}}, {"type": "Feature", "properties": {"ev": 10}, "geometry": {"type": "LineString", "coordinates": [[20.01138, 40.00569], [20.01651, 40.00116], [20.02169, 39.99678], [20.0269, 39.99255], [20.03216, 39.98847], [20.03745, 39.98453], [20.04278, 39.98071], [20.04814, 39.97702], [20.05353, 39.97344], [20.05896, 39.96998], [20.06442, 39.96662], [20.06991, 39.96338], [20.07543, 39.96025], [20.08097, 39.95723], [20.08654, 39.95432], [20.09215, 39.95153], [20.09779, 39.94886], [20.10347, 39.94632], [20.10919, 39.94391], [20.11494, 39.94163], [20.12078, 39.93956], [20.12654, 39.93766]]}}, {"type": "Feature", "properties": {"ev": 10}, "geometry": {"type": "LineString", "coordinates": [[20.01138, 40.00569], [20.01651, 40.00116], [20.02169, 39.99678], [20.0269, 39.99255], [20.03216, 39.98847], [20.03745, 39.98453], [20.04278, 39.98071], [20.04814, 39.97702], [20.05353, 39.97344], [20.05896, 39.96998], [20.06442, 39.96662], [20.06991, 39.96338], [20.07543, 39.96025], [20.08097, 39.95723], [20.08654, 39.95432], [20.09215, 39.95153], [20.09779, 39.94886], [20.10347, 39.94632], [20.10919, 39.94391], [20.11494, 39.94163], [20.12078, 39.93956], [20.12654, 39.93766]]}}, {"type": "Feature", "properties": {"ev": 10}, "geometry": {"type": "LineString", "coordinates": [[20.01138, 40.00569], [20.01851, 40.00246], [20.02554, 39.99927], [20.03247, 39.99613], [20.0393, 39.99304], [20.04604, 39.98998], [20.0527, 39.98697], [20.05927, 39.98399], [20.06577, 39.98104], [20.07219, 39.97813], [20.07854, 39.97526], [20.08484, 39.97241], [20.09105, 39.9696], [20.09719, 39.96682], [20.10324, 39.96409], [20.10922, 39.96138], [20.11513, 39.95872], [20.12095, 39.95609], [20.12668, 39.9535], [20.13232, 39.95095], [20.13785, 39.94844], [20.14322, 39.946]]}}, {"type": "Feature", "properties": {"ev": 10}, "geometry": {"type": "LineString", "coordinates": [[20.01138, 40.00569], [20.01851, 40.00246], [20.02554, 39.99927], [20.03247, 39.99613], [20.0393, 39.99304], [20.04604, 39.98998], [20.0527, 39.98697], [20.05927, 39.98399], [20.06577, 39.98104], [20.07219, 39.97813], [20.07854, 39.97526], [20.08484, 39.97241], [20.09105, 39.9696], [20.09719, 39.96682], [20.10324, 39.96409], [20.10922, 39.96138], [20.11513, 39.95872], [20.12095, 39.95609], [20.12668, 39.9535], [20.13232, 39.95095], [20.13785, 39.94844], [20.14322, 39.946]]}}, {"type": "Feature", "properties": {"ev": 10}, "geometry": {"type": "LineString", "coordinates": [[20.01138, 40.00569], [20.01928, 40.00214], [20.02709, 39.99862], [20.03481, 39.99516], [20.04244, 39.99173], [20.04999, 39.98833], [20.05746, 39.98497], [20.06486, 39.98165], [20.07219, 39.97836], [20.07945, 39.9751], [20.08665, 39.97187], [20.0938, 39.96865], [20.10087, 39.96548], [20.10787, 39.96235], [20.1148, 39.95924], [20.12165, 39.95617], [20.12844, 39.95313], [20.13516, 39.95012], [20.14178, 39.94714], [20.14832, 39.9442], [20.15476, 39.9413], [20.16107, 39.93846]]}}, {"type": "Feature", "properties": {"ev": 10}, "geometry": {"type": "LineString", "coordinates": [[20.01138, 40.00569], [20.01928, 40.00214], [20.02709, 39.99862], [20.03481, 39.99516], [20.04244, 39.99173], [20.04999, 39.98833], [20.05746, 39.98497], [20.06486, 39.98165], [20.07219, 39.97836], [20.07945, 39.9751], [20.08665, 39.97187], [20.0938, 39.96865], [20.10087, 39.96548], [20.10787, 39.96235], [20.1148, 39.95924], [20.12165, 39.95617], [20.12844, 39.95313], [20.13516, 39.95012], [20.14178, 39.94714], [20.14832, 39.9442], [20.15476, 39.9413], [20.16107, 39.93846]]}}, {"type": "Feature", "properties": {"ev": 10}, "geometry": {"type": "LineString", "coordinates": [[20.01138, 40.00569], [20.01988, 40.0051], [20.02838, 40.00451], [20.03687, 40.00392], [20.04537, 40.00333], [20.05387, 40.00275], [20.06236, 40.00216], [20.07086, 40.00157], [20.07938, 40.00098], [20.08788, 40.0004], [20.09638, 39.99982], [20.10487, 39.99923], [20.11337, 39.99865], [20.12186, 39.99807], [20.13036, 39.99748], [20.13886, 39.99689], [20.14736, 39.9963], [20.15586, 39.99572], [20.16435, 39.99513], [20.17285, 39.99454], [20.18136, 39.99396], [20.18986, 39.99336]]}}, {"type": "Feature", "properties": {"ev": 10}, "geometry": {"type": "LineString", "coordinates": [[20.01138, 40.00569], [20.01988, 40.0051], [20.02838, 40.00451], [20.03687, 40.00392], [20.04537, 40.00333], [20.05387, 40.00275], [20.06236, 40.00216], [20.07086, 40.00157], [20.07938, 40.00098], [20.08788, 40.0004], [20.09638, 39.99982], [20.10487, 39.99923], [20.11337, 39.99865], [20.12186, 39.99807], [20.13036, 39.99748], [20.13886, 39.99689], [20.14736, 39.9963], [20.15586, 39.99572], [20.16435, 39.99513], [20.17285, 39.99454], [20.18136, 39.99396], [20.18986, 39.99336]]}}, {"type": "Feature", "properties": {"ev": 10}, "geometry": {"type": "LineString", "coordinates": [[20.01138, 40.00569], [20.02008, 40.00244], [20.02868, 39.99922], [20.0372, 39.99604], [20.04562, 39.99289], [20.05396, 39.98978], [20.06223, 39.98669], [20.07043, 39.98363], [20.07855, 39.98059], [20.08661, 39.97759], [20.0946, 39.97461], [20.10255, 39.97164], [20.11041, 39.96871], [20.1182, 39.96581], [20.12593, 39.96293], [20.13358, 39.96008], [20.14117, 39.95726], [20.14869, 39.95446], [20.15611, 39.95169], [20.16345, 39.94894], [20.17069, 39.94624], [20.1778, 39.94358]]}}, {"type": "Feature", "properties": {"ev": 10}, "geometry": {"type": "LineString", "coordinates": [[20.01138, 40.00569], [20.02008, 40.00244], [20.02868, 39.99922], [20.0372, 39.99604], [20.04562, 39.99289], [20.05396, 39.98978], [20.06223, 39.98669], [20.07043, 39.98363], [20.07855, 39.98059], [20.08661, 39.97759], [20.0946, 39.97461], [20.10255, 39.97164], [20.11041, 39.96871], [20.1182, 39.96581], [20.12593, 39.96293], [20.13358, 39.96008], [20.14117, 39.95726], [20.14869, 39.95446], [20.15611, 39.95169], [20.16345, 39.94894], [20.17069, 39.94624], [20.1778, 39.94358]]}}, {"type": "Feature", "properties": {"ev": 10}, "geometry": {"type": "LineString", "coordinates": [[20.01138, 40.00569], [20.01963, 40.00177], [20.0278, 39.9979], [20.03587, 39.99406], [20.04387, 39.99027], [20.05179, 39.98651], [20.05964, 39.98279], [20.06742, 39.9791], [20.07513, 39.97544], [20.08278, 39.97182], [20.09037, 39.96822], [20.09792, 39.96464], [20.10539, 39.9611], [20.11279, 39.9576], [20.12013, 39.95412], [20.12741, 39.95068], [20.13462, 39.94727], [20.14175, 39.94389], [20.14881, 39.94054], [20.15578, 39.93723], [20.16265, 39.93396], [20.16941, 39.93074]]}}, {"type": "Feature", "properties": {"ev": 10}, "geometry": {"type": "LineString", "coordinates": [[20.01138, 40.00569], [20.01963, 40.00177], [20.0278, 39.9979], [20.03587, 39.99406], [20.04387, 39.99027], [20.05179, 39.98651], [20.05964, 39.98279], [20.06742, 39.9791], [20.07513, 39.97544], [20.08278, 39.97182], [20.09037, 39.96822], [20.09792, 39.96464], [20.10539, 39.9611], [20.11279, 39.9576], [20.12013, 39.95412], [20.12741, 39.95068], [20.13462, 39.94727], [20.14175, 39.94389], [20.14881, 39.94054], [20.15578, 39.93723], [20.16265, 39.93396], [20.16941, 39.93074]]}}, {"type": "Feature", "properties": {"ev": 10}, "geometry": {"type": "LineString", "coordinates": [[20.01138, 40.00569], [20.01604, 39.99898], [20.0208, 39.99239], [20.02566, 39.98594], [20.03063, 39.9796], [20.03569, 39.97338], [20.04084, 39.96726], [20.04607, 39.96124], [20.05139, 39.95532], [20.05679, 39.94949], [20.06227, 39.94376], [20.06782, 39.93812], [20.07343, 39.93257], [20.07913, 39.92711], [20.08489, 39.92174], [20.09074, 39.91647], [20.09669, 39.91128], [20.10273, 39.9062], [20.10885, 39.90125], [20.11506, 39.89641], [20.12139, 39.8917], [20.12785, 39.88713]]}}, {"type": "Feature", "properties": {"ev": 10}, "geometry": {"type": "LineString", "coordinates": [[20.01138, 40.00569], [20.01604, 39.99898], [20.0208, 39.99239], [20.02566, 39.98594], [20.03063, 39.9796], [20.03569, 39.97338], [20.04084, 39.96726], [20.04607, 39.96124], [20.05139, 39.95532], [20.05679, 39.94949], [20.06227, 39.94376], [20.06782, 39.93812], [20.07343, 39.93257], [20.07913, 39.92711], [20.08489, 39.92174], [20.09074, 39.91647], [20.09669, 39.91128], [20.10273, 39.9062], [20.10885, 39.90125], [20.11506, 39.89641], [20.12139, 39.8917], [20.12785, 39.88713]]}}, {"type": "Feature", "properties": {"ev": 10}, "geometry": {"type": "LineString", "coordinates": [[20.01138, 40.00569], [20.01715, 39.99935], [20.02292, 39.99301], [20.02869, 39.98668], [20.03446, 39.98034], [20.04023, 39.974], [20.046, 39.96766], [20.05177, 39.96133], [20.05755, 39.95499], [20.06333, 39.94864], [20.0691, 39.94231], [20.07486, 39.93597], [20.08062, 39.92963], [20.08638, 39.92329], [20.09214, 39.91695], [20.09792, 39.91058], [20.1037, 39.90424], [20.10947, 39.89791], [20.11523, 39.89157], [20.121, 39.88525], [20.12677, 39.87892], [20.13256, 39.87258]]}}, {"type": "Feature", "properties": {"ev": 10}, "geometry": {"type": "LineString", "coordinates": [[20.01138, 40.00569], [20.01715, 39.99935], [20.02292, 39.99301], [20.02869, 39.98668], [20.03446, 39.98034], [20.04023, 39.974], [20.046, 39.96766], [20.05177, 39.96133], [20.05755, 39.95499], [20.06333, 39.94864], [20.0691, 39.94231], [20.07486, 39.93597], [20.08062, 39.92963], [20.08638, 39.92329], [20.09214, 39.91695], [20.09792, 39.91058], [20.1037, 39.90424], [20.10947, 39.89791], [20.11523, 39.89157], [20.121, 39.88525], [20.12677, 39.87892], [20.13256, 39.87258]]}}, {"type": "Feature", "properties": {"ev": 10}, "geometry": {"type": "LineString", "coordinates": [[20.01138, 40.00569], [20.0204, 40.00042], [20.02942, 39.99525], [20.03841, 39.99018], [20.0474, 39.9852], [20.05638, 39.98031], [20.06535, 39.9755], [20.07431, 39.97078], [20.08326, 39.96612], [20.09221, 39.96154], [20.10114, 39.95703], [20.11009, 39.95257], [20.11901, 39.9482], [20.12792, 39.9439], [20.13682, 39.93968], [20.1457, 39.93553], [20.15457, 39.93145], [20.16343, 39.92745], [20.17228, 39.92353], [20.1811, 39.91969], [20.18992, 39.91595], [20.19869, 39.91234]]}}, {"type": "Feature", "properties": {"ev": 10}, "geometry": {"type": "LineString", "coordinates": [[20.01138, 40.00569], [20.0204, 40.00042], [20.02942, 39.99525], [20.03841, 39.99018], [20.0474, 39.9852], [20.05638, 39.98031], [20.06535, 39.9755], [20.07431, 39.97078], [20.08326, 39.96612], [20.09221, 39.96154], [20.10114, 39.95703], [20.11009, 39.95257], [20.11901, 39.9482], [20.12792, 39.9439], [20.13682, 39.93968], [20.1457, 39.93553], [20.15457, 39.93145], [20.16343, 39.92745], [20.17228, 39.92353], [20.1811, 39.91969], [20.18992, 39.91595], [20.19869, 39.91234]]}}]}