{"type": "block", "layer": 12, "block": 472, "features": [{"geom": {"pts": [[-756.8101071789861, 11822.671639960725, 170.1348876953125]], "r": 15}, "mtl": 1, "prop": ["61374", "1841", "1613", "22,7356472", "37,755497", "270,699", "1,392", "0,956", "0,8063", "0,323", "1,039", "2,343", "2,778", "3,213", "3,929", "4,308", "4,118", "4,461", "3,8", "3,356", "3,878", "4,092", "4,1", "7,996", "7,614", "10,912", "8,609", "9,699", "10,349", "11,816", "11,225", "11,264", "8,081", "6,401", "4,105", "4,526", "5,643", "3,79", "3,237", "9,079", "7,624", "11,107", "9,367", "11,777", "10,935", "12,043", "11,292", "11,378", "13,146", "7,467", "2,049", "-0,247", "1,696", "2,748", "3,523", "4,532", "1,782", "2,48", "2,849", "2,024", "0,543", "1,843", "1,332", "3,251", "2,504", "1,251", "5,208", "3,04", "4,398", "3,847", "6,166", "5,863", "6,434", "6,539", "5,093", "7,346", "11,434", "9,978", "12,671", "14,013", "10,68", "12,524", "12,663", "9,277", "9,231", "10,218", "10,703", "6,425", "6,096", "4,299", "5,982", "7,988", "2,615", "3,866", "3,571", "6,96", "6,138", "5,807", "12,447", "14,05", "13,747", "14,294", "14,492", "13,331", "14,574", "17,488", "20,637", "19,833"]}, {"geom": {"pts": [[-752.7640134153771, 11823.460376844276, 170.74435424804688]], "r": 15}, "mtl": 1, "prop": ["61375", "1842", "1613", "22,735693", "37,7555046", "270,621", "1,698", "0,981", "0,9498", "0,331", "1,039", "2,343", "2,778", "3,213", "3,928", "4,309", "4,118", "4,458", "3,809", "3,348", "3,86", "4,17", "3,991", "7,926", "8,278", "9,637", "8,831", "11,12", "12,889", "13,792", "11,14", "11,456", "10,532", "7,168", "4,302", "3,267", "5,113", "4,102", "2,44", "9,874", "8,144", "11,051", "7,011", "7,773", "7,918", "10,592", "10,307", "9,905", "13,879", "8,591", "3,907", "0,4", "1,71", "1,973", "3,746", "4,872", "2,396", "4,304", "2,683", "1,635", "-0,526", "2,539", "3,841", "4,914", "2,955", "3,285", "5,62", "3,44", "5", "4,379", "6,81", "6,137", "7,703", "6,296", "6,884", "8,047", "12,213", "11,659", "13,313", "14,592", "11,229", "12,81", "13,636", "10,95", "10,257", "10,315", "13,448", "7,152", "6,765", "5,876", "8,534", "7,867", "3,628", "4,273", "4,954", "7,492", "6,172", "6,994", "10,545", "13,67", "14,248", "15,375", "15,509", "14,172", "16,082", "19,326", "22,031", "24,207"]}, {"geom": {"pts": [[-814.395366138895, 11826.834729723167, 170.2362823486328]], "r": 15}, "mtl": 1, "prop": ["61393", "1828", "1614", "22,734993", "37,7555275", "269,582", "-1,688", "1,172", "1,2845", "0,396", "1,039", "2,342", "2,778", "3,213", "3,928", "4,309", "4,118", "4,455", "3,814", "3,347", "3,85", "4,203", "3,955", "7,818", "8,619", "8,982", "8,621", "8,387", "9,041", "15,819", "8,635", "8,262", "7,791", "3,385", "5,623", "2,755", "5,588", "2,71", "-6,193", "9,938", "4,689", "8,467", "10,156", "12,304", "12,969", "9,934", "11,17", "15,819", "12,294", "4,897", "3,215", "1,6", "1,666", "2,061", "-0,132", "0,37", "0,087", "-0,621", "1,506", "1,657", "-2,793", "-4,618", "-4,999", "-4,214", "-4,792", "-5,338", "-4,434", "-5,027", "-5,416", "-2,662", "-2,574", "-6,279", "-2,71", "-4,483", "-4,395", "-3,075", "-0,597", "-3,015", "2,086", "3,279", "-0,695", "2,747", "4,935", "0,381", "2,526", "0,342", "1,879", "-3,325", "-2,036", "-5,852", "-1,921", "-2,59", "-8,885", "-6,458", "-4,012", "-3,418", "-2,763", "-3,102", "-1,32", "1,183", "1,495", "5,345", "2,952", "4,085", "4,38", "8,049", "10,791", "13,617"]}, {"geom": {"pts": [[-754.425222436199, 11837.45458705863, 171.20777893066406]], "r": 15}, "mtl": 1, "prop": ["61394", "1842", "1614", "22,735672", "37,7556305", "271,172", "1,277", "1,02", "0,902", "0,344", "1,039", "2,343", "2,778", "3,213", "3,928", "4,309", "4,118", "4,457", "3,81", "3,352", "3,844", "4,191", "4,007", "7,788", "8,548", "9,573", "7,774", "10,365", "12,319", "12,808", "10,5", "11,421", "8,736", "5,806", "4,861", "3,508", "5,398", "4,192", "2,462", "10,795", "7,684", "10,565", "8,625", "10,678", "10,035", "11,096", "8,917", "11,181", "12,446", "6,877", "2,819", "-0,743", "0,532", "1,573", "2,409", "3,082", "0,544", "2,721", "1,59", "0,662", "-2,012", "2,405", "3,069", "3,555", "1,756", "2,429", "4,022", "2,798", "3,511", "2,565", "5,062", "4,887", "6,384", "5,209", "5,472", "6,872", "10,859", "10,063", "13,035", "13,57", "9,782", "11,985", "12,13", "9,611", "9,393", "9,069", "11,395", "5,39", "5,713", "4,331", "6,663", "6,427", "2,522", "3,423", "3,961", "5,309", "3,765", "6,3", "6,617", "13,504", "13,139", "14,41", "13,766", "13,445", "13,72", "17,861", "20,218", "23,724"]}, {"geom": {"pts": [[-750.3848332745256, 11837.82169662835, 171.7592010498047]], "r": 15}, "mtl": 1, "prop": ["61395", "1843", "1614", "22,7357178", "37,7556343", "271,119", "0,952", "1,001", "0,8047", "0,338", "1,039", "2,343", "2,778", "3,213", "3,928", "4,309", "4,117", "4,458", "3,81", "3,347", "3,858", "4,182", "3,97", "7,922", "8,395", "9,393", "8,929", "10,104", "11,837", "13,295", "9,932", "11,487", "9,125", "6,299", "5,248", "6,119", "6,911", "4,739", "2,197", "10,007", "6,475", "9,401", "8,704", "10,229", "10,134", "9,91", "9,174", "12,597", "10,402", "5,944", "1,849", "-0,251", "0,856", "0,157", "0,673", "1,474", "-0,02", "1,584", "1,589", "2,409", "-0,969", "3,177", "2,463", "3,408", "0,71", "0,486", "2,739", "1,297", "2,381", "1,264", "4,561", "4,017", "6,355", "4,122", "4,678", "6,195", "8,711", "9,166", "11,871", "12,935", "8,485", "10,26", "12,086", "8,17", "8,267", "6,761", "9,228", "4,312", "2,728", "2,445", "7,436", "5,902", "2,566", "2,727", "4,168", "5,404", "5,267", "5,801", "7,876", "12,462", "11,569", "13,057", "12,897", "10,108", "12,006", "14,748", "19,064", "24,144"]}, {"geom": {"pts": [[-752.4078764272854, 11837.427327430807, 171.47496032714844]], "r": 15}, "mtl": 1, "prop": ["61396", "1844", "1614", "22,7356949", "37,7556305", "266,916", "0,712", "1,03", "1,0184", "0,348", "1,039", "2,343", "2,778", "3,213", "3,928", "4,309", "4,117", "4,458", "3,809", "3,347", "3,862", "4,169", "3,982", "7,956", "8,273", "9,579", "9,052", "9,634", "11,649", "12,699", "9,878", "9,284", "9,162", "5,822", "3,253", "3,741", "4,5", "3,006", "0,951", "8,266", "6,076", "9,145", "7,651", "9,189", "8,949", "9,182", "9,062", "13,503", "9,445", "4,945", "0,577", "-0,039", "0,178", "-0,418", "0,291", "1,403", "-0,197", "0,198", "1,604", "2,018", "-0,82", "2,471", "2,529", "3,472", "1,611", "0,442", "3,083", "1,579", "2,043", "1,75", "4,772", "3,711", "6,027", "2,152", "4,548", "5,264", "9,14", "7,191", "10,964", "11,855", "9,365", "10,511", "12,183", "7,528", "7,81", "5,614", "8,119", "2,713", "0,703", "1,046", "-7,016", "4,274", "1,908", "0,883", "4,065", "4,426", "5,971", "4,143", "10,759", "10,634", "10,794", "12,046", "11,958", "9,89", "11,284", "12,717", "17,814", "22,123"]}, {"geom": {"pts": [[-766.1929681695765, 11849.46574972663, 169.8373260498047]], "r": 15}, "mtl": 1, "prop": ["61421", "1840", "1615", "22,7355366", "37,7557373", "270,384", "1,183", "0,982", "0,9257", "0,332", "1,039", "2,342", "2,778", "3,212", "3,929", "4,308", "4,118", "4,46", "3,802", "3,355", "3,881", "4,092", "4,088", "8,011", "7,628", "10,765", "8,878", "9,161", "11,701", "13,64", "9,932", "9,248", "10,499", "5,808", "4,116", "2,893", "4,165", "2,952", "2,749", "9,818", "8,506", "10,506", "11,371", "9,86", "11,088", "11,83", "10,432", "15,026", "9,525", "5,568", "2,009", "1,434", "-1,072", "1,081", "2,583", "3,937", "0,113", "2,284", "3,21", "2,954", "0,73", "4,839", "3,206", "2,667", "1,511", "0,919", "2,932", "1,274", "1,242", "2,62", "7,606", "5,657", "7,045", "3,783", "9,47", "6,418", "11,377", "13,12", "13,296", "12,329", "8,181", "13,908", "12,806", "10,825", "8,586", "7,711", "10,712", "3,829", "6,311", "3,91", "9,94", "5,699", "2,261", "5,546", "4,699", "4,055", "8,253", "3,522", "11,305", "11,628", "13,149", "13,89", "12,844", "11,791", "11,634", "14,399", "17,759", "20,037"]}, {"geom": {"pts": [[-751.0417756451061, 11851.802336536348, 171.0810089111328]], "r": 15}, "mtl": 1,